symbol,date,Open,High,Low,Close,adjusted_close,volume,sma,diff,diff/avg_diff,momentum,delta_m,CF,DDF,TSR,Class,vwap,SMA_20,isSL,isSH,detection_time,SH_value,SL_value
INDUSINDBK.NSE,2020-01-01,1512.0,1538.0,1480.8,1528.85,1476.4167,7124029,,,,,,,,,,,1528.85,0,0,0,,
INDUSINDBK.NSE,2020-01-06,1515.05,1521.65,1439.05,1491.25,1440.1062,16773537,,,,,,,,,,,1510.05,0,0,0,,
INDUSINDBK.NSE,2020-01-13,1499.8,1585.0,1317.05,1352.25,1305.8734,53414908,,,,,,,,,,,1457.45,0,0,0,,
INDUSINDBK.NSE,2020-01-20,1367.9,1367.9,1307.65,1316.1,1270.9631,22509572,,,,,,,,,,,1422.1125,0,0,0,,
INDUSINDBK.NSE,2020-01-27,1311.5,1312.0,1221.55,1258.85,1215.6766,29794262,,,,,,,,,,,1389.4599999999998,0,0,0,,
INDUSINDBK.NSE,2020-02-03,1222.0,1346.05,1216.05,1298.8,1254.2565,28169735,1374.35,2.059155237,,0.054971441,,,,,,,1374.3500000000001,0,0,0,,
INDUSINDBK.NSE,2020-02-10,1304.0,1309.9,1171.2,1176.0,1135.668,34410248,1315.541667,0.428847433,,0.106071643,0.051100202,,,,,,1346.0142857142857,0,0,0,,
INDUSINDBK.NSE,2020-02-17,1176.0,1209.0,1108.45,1182.2,1141.6554,51136273,1264.033333,4.353788138,,0.064739854,-0.04133179,,,,,,1325.5375,0,0,0,,
INDUSINDBK.NSE,2020-02-24,1170.0,1189.5,1085.05,1104.05,1066.1856,36234891,1222.666667,2.712649945,,0.097014722,0.032274868,0.08337507,0.04133179,2.017165338,,,1300.927777777778,0,0,0,,
INDUSINDBK.NSE,2020-03-02,1130.0,1136.95,913.8,1014.8,979.9965,41472332,1172.45,3.027847669,1.267619005,0.134462024,0.037447302,0.06972217,0.04133179,1.686848886,Uncertain,,1272.315,0,0,0,,
INDUSINDBK.NSE,2020-03-09,950.0,969.95,551.1,803.75,776.1847,64080350,1096.6,11.54933431,4.390074363,0.267052708,0.132590684,0.202312854,0.0,100.0,Uncertain,,1229.7181818181818,0,0,0,,
INDUSINDBK.NSE,2020-03-16,747.0,758.7,374.8,440.35,425.2478,168260118,953.525,20.43208096,3.776093076,0.538187253,0.271134544,0.441172531,0.0,100.0,Uncertain,,1163.9375,0,0,0,,
INDUSINDBK.NSE,2020-03-23,396.35,538.55,235.55,411.1,397.0009,173300744,826.0416667,34.8035309,3.690537222,0.502325347,-0.035861906,0.403725229,0.035861906,11.25746004,Uncertain,,1106.0269230769231,1,0,2020-04-13 00:00:00,,235.55
INDUSINDBK.NSE,2020-03-30,370.0,427.7,310.2,313.2,302.4585,124811826,681.2083333,37.21450853,2.132245767,0.54022876,0.037903413,0.309037958,0.035861906,8.617203511,Uncertain,763.6210855641092,1049.3964285714285,0,0,0,,
INDUSINDBK.NSE,2020-04-07,344.5,441.4,344.5,395.4,381.8394,134744321,563.1,21.61250222,0.831254444,0.297815663,-0.242413097,0.037903413,0.278275003,0.136207984,Uncertain,707.2487219898004,1005.7966666666666,0,0,0,,
INDUSINDBK.NSE,2020-04-13,388.0,478.9,371.25,474.45,458.1783,109258359,473.0416667,1.238439179,0.043430149,0.002977187,-0.294838477,0.037903413,0.537251574,0.070550455,Uncertain,667.9987266907667,972.5875,0,0,0,,
INDUSINDBK.NSE,2020-04-20,479.5,481.0,380.0,382.9,369.7681,113813789,402.9,19.38446265,0.8173151,0.049640109,0.046662923,0.046662923,0.537251574,0.086854721,Uncertain,607.1301229044236,937.9,0,0,0,,
INDUSINDBK.NSE,2020-04-27,394.2,491.85,387.0,468.15,452.0944,161392358,407.5333333,20.68951415,1.041638108,0.148740389,0.09910028,0.145763203,0.294838477,0.494381568,Uncertain,574.2356889873774,911.8027777777778,0,0,2020-05-18 00:00:00,,
INDUSINDBK.NSE,2020-05-04,444.0,477.7,408.5,440.35,425.2478,109101031,412.4083333,15.83180101,1.006393109,0.06775243,-0.08098796,0.145763203,0.08098796,1.799791028,Uncertain,548.3414569287395,886.9894736842105,0,0,0,,
INDUSINDBK.NSE,2020-05-11,450.0,480.0,417.1,418.7,404.3403,96750493,429.9916667,11.63007035,0.814085552,0.026260199,-0.041492231,0.09910028,0.12248019,0.809106114,Uncertain,526.1923559578257,863.575,0,0,0,,
INDUSINDBK.NSE,2020-05-18,418.5,418.7,330.0,338.35,326.746,137413668,420.4833333,0.424115106,0.025119406,0.19533077,0.169070571,0.169070571,0.12248019,1.380379882,Uncertain,495.73112192317035,804.05,0,0,2020-06-08 00:00:00,,
INDUSINDBK.NSE,2020-05-26,344.9,405.8,342.0,393.65,380.1494,134406984,407.0166667,0.298923058,0.024615129,0.032840588,-0.162490182,0.169070571,0.203982413,0.828844702,Uncertain,464.70806595772564,749.17,0,0,0,,
INDUSINDBK.NSE,2020-06-01,402.3,452.25,401.05,422.35,407.8651,131788735,413.5916667,9.346980718,1.326522721,0.021176281,-0.011664307,0.169070571,0.174154489,0.970802425,Uncertain,447.553124404554,702.675,0,0,0,,
INDUSINDBK.NSE,2020-06-08,455.0,548.5,444.0,528.45,510.3263,262142887,423.6416667,29.4726282,5.432720186,0.247398548,0.226222267,0.226222267,0.174154489,1.298967195,Uncertain,443.2652092524194,663.2925,0,0,0,,
INDUSINDBK.NSE,2020-06-15,525.0,525.0,456.3,483.65,467.0628,203443872,430.8583333,21.84979595,2.210251216,0.122526739,-0.124871809,0.226222267,0.136536116,1.656855468,Continuation,437.3990560273059,624.5325,0,0,0,,
INDUSINDBK.NSE,2020-06-22,490.05,530.45,461.0,492.55,475.6575,188167082,443.1666667,19.6953742,1.292170861,0.111432869,-0.01109387,0.226222267,0.135965679,1.663806672,Uncertain,435.52484380916655,584.22,0,0,0,,
INDUSINDBK.NSE,2020-06-29,482.0,508.0,472.0,487.2,470.491,96148997,467.975,8.552807308,0.425699288,0.041081254,-0.070351615,0.0,0.206317294,0.0,Uncertain,441.59428547639754,549.78,0,0,0,,
INDUSINDBK.NSE,2020-07-06,498.0,577.5,492.45,539.25,520.7559,202418638,492.2416667,17.32042188,0.870694485,0.095498485,0.05441723,0.05441723,0.081445485,0.668134795,Uncertain,456.28763405377356,517.6324999999999,0,0,2020-07-27 00:00:00,,
INDUSINDBK.NSE,2020-07-13,549.7,555.0,490.25,520.8,502.9387,96517139,508.65,9.112356237,0.540645066,0.023886759,-0.071611726,0.05441723,0.141963341,0.383316191,Uncertain,463.5172128227975,488.46999999999997,0,0,0,,
INDUSINDBK.NSE,2020-07-20,524.95,541.65,500.0,522.25,504.339,91028739,507.6166667,6.704534261,0.490447447,0.028827527,0.004940768,0.059357999,0.071611726,0.82887501,Uncertain,467.3016962105359,463.84250000000003,0,0,0,,
INDUSINDBK.NSE,2020-07-27,522.55,564.75,505.0,523.75,505.7875,91325390,514.3,9.809449738,0.941177412,0.01837449,-0.010453038,0.004940768,0.082064763,0.060204988,Uncertain,473.2090925425532,449.84250000000003,0,0,0,,
INDUSINDBK.NSE,2020-08-03,521.95,521.95,483.25,509.0,491.5434,83238374,517.0416667,0.949310984,0.088417467,0.015553227,-0.002821262,0.004940768,0.0132743,0.372177527,Uncertain,476.6038719673043,453.275,0,0,2020-08-24 00:00:00,,
INDUSINDBK.NSE,2020-08-10,512.0,530.45,500.15,507.2,489.8051,51182854,520.375,1.936103771,0.291410172,0.02531828,0.009765053,0.009765053,0.0132743,0.735580568,Uncertain,479.603753671008,458.0799999999999,0,0,0,,
INDUSINDBK.NSE,2020-08-17,510.0,530.0,502.5,513.55,495.9373,43132461,516.0916667,2.694934685,0.555673858,0.004924836,-0.020393444,0.009765053,0.023214706,0.420622676,Uncertain,482.64341999779055,468.0975,0,0,0,,
INDUSINDBK.NSE,2020-08-24,518.0,689.0,516.0,665.65,642.8209,164663526,540.2333333,27.5374838,7.15733415,0.232152773,0.227227938,0.23699299,0.020393444,11.6204681,Continuation,504.2415998974754,481.61,0,0,0,,
INDUSINDBK.NSE,2020-08-31,705.0,712.0,588.7,616.15,595.0186,160976065,555.8833333,28.08443019,3.392061308,0.108416035,-0.123736739,0.227227938,0.144130183,1.576535574,Continuation,524.7749413437168,488.695,0,0,2020-09-21 00:00:00,,
INDUSINDBK.NSE,2020-09-07,621.5,627.8,588.65,610.35,589.4175,71588446,570.3166667,10.07919577,0.669125436,0.070194921,-0.038221114,0.227227938,0.161957853,1.402997948,Uncertain,535.3761031524253,500.0675,0,0,0,,
INDUSINDBK.NSE,2020-09-14,617.1,641.0,600.0,613.2,592.1697,60401004,587.6833333,9.072346218,0.530577246,0.043419075,-0.026775846,0.0,0.188733699,0.0,Uncertain,543.1290660386537,507.32000000000005,0,0,0,,
INDUSINDBK.NSE,2020-09-21,612.9,617.4,485.0,514.85,497.1927,102317407,588.9583333,4.829147506,0.258334857,0.125829501,0.082410426,0.082410426,0.06499696,1.267892512,Uncertain,550.2724724321672,511.04499999999996,0,0,2020-10-12 00:00:00,,
INDUSINDBK.NSE,2020-09-28,522.9,597.05,516.15,592.2,571.89,114362220,602.0666667,0.833241059,0.0640153,0.016387997,-0.109441504,0.082410426,0.13621735,0.604987699,Uncertain,559.0487262619032,519.72,0,0,0,,
INDUSINDBK.NSE,2020-10-05,593.2,638.5,592.0,623.05,601.6819,127748587,594.9666667,7.316936523,1.179488515,0.047201524,0.030813527,0.113223953,0.109441504,1.034551923,Uncertain,568.7964681924514,533.9549999999999,0,0,0,,
INDUSINDBK.NSE,2020-10-12,628.2,632.5,593.35,608.3,587.4378,64253010,593.6583333,6.542764497,1.186806098,0.024663457,-0.022538067,0.030813527,0.131979571,0.233470174,Uncertain,575.8228050471085,544.6875,0,0,0,,
INDUSINDBK.NSE,2020-10-19,607.55,647.8,599.55,608.15,587.2929,79222971,593.2916667,9.187442938,1.882471218,0.025043894,0.000380437,0.031193964,0.022538067,1.383995336,Uncertain,582.390875423753,553.9775,0,0,0,,
INDUSINDBK.NSE,2020-10-26,617.0,633.3,571.0,585.7,565.6129,80705765,588.7083333,7.574492179,1.268738703,0.005110057,-0.019933836,0.000380437,0.042471903,0.008957163,Uncertain,587.5743132207683,556.84,0,0,0,,
INDUSINDBK.NSE,2020-11-02,590.0,747.0,590.0,738.65,713.3173,139614252,626.0083333,19.32748499,2.524683515,0.179936369,0.174826312,0.175206749,0.019933836,8.78897358,Continuation,602.249297787287,569.59,0,0,0,,
INDUSINDBK.NSE,2020-11-09,746.05,870.0,735.05,770.45,744.0267,196470408,655.7166667,32.67925679,3.066158312,0.174973947,-0.004962422,0.174826312,0.024896258,7.021910158,Continuation,633.3927203385501,583.4849999999999,0,0,0,,
INDUSINDBK.NSE,2020-11-17,777.9,845.9,772.25,811.0,783.186,95586149,687.0416667,23.12208139,1.344919369,0.180423313,0.005449365,0.180275677,0.004962422,36.32084247,Uncertain,648.7398185651651,599.675,0,0,0,,
INDUSINDBK.NSE,2020-11-23,836.0,880.9,832.5,857.65,828.2361,110411189,728.6,20.90310184,1.010992208,0.177120505,-0.003302807,0.005449365,0.00826523,0.659232279,Uncertain,667.0712224075223,615.595,0,0,0,,
INDUSINDBK.NSE,2020-12-01,863.0,920.0,858.1,913.65,882.3155,52037958,779.5166667,18.02185115,0.750660831,0.172072438,-0.005048067,0.005449365,0.008350874,0.652472143,Uncertain,680.222593972349,635.2375,0,0,0,,
INDUSINDBK.NSE,2020-12-07,915.0,953.5,905.0,923.75,892.0691,54121700,835.8583333,14.07435471,0.594316722,0.105151391,-0.066921047,0.0,0.075271921,0.0,Uncertain,695.0667914978058,655.3125,0,0,2020-12-28 00:00:00,,
INDUSINDBK.NSE,2020-12-14,927.0,948.0,887.55,905.2,874.1553,48335366,863.6166667,9.7709246,0.513439112,0.048150221,-0.05700117,0.0,0.128970284,0.0,Uncertain,707.6862763014913,674.385,0,0,0,,
INDUSINDBK.NSE,2020-12-21,905.2,906.0,813.65,852.8,823.5524,62714926,877.3416667,3.266496329,0.208155759,0.027972759,-0.020177462,0.0,0.144099679,0.0,Uncertain,718.8374205671876,691.575,0,0,2021-01-11 00:00:00,,
INDUSINDBK.NSE,2020-12-28,855.0,922.7,853.0,900.15,869.2785,48707182,892.2,3.418516028,0.302968431,0.008910558,-0.0190622,0.0,0.096240833,0.0,Uncertain,739.887387677695,711.2225000000001,0,0,0,,
INDUSINDBK.NSE,2021-01-04,910.0,976.0,883.0,939.8,907.5687,51660095,905.8916667,7.739152033,1.013963721,0.037430892,0.028520334,0.028520334,0.039239663,0.726805615,Uncertain,764.2989764913029,732.535,0,0,0,,
INDUSINDBK.NSE,2021-01-11,942.9,983.0,906.55,965.9,932.7736,50781395,914.6,7.478679204,1.23639623,0.056090094,0.018659202,0.047179536,0.0190622,2.474901105,Uncertain,789.1804353401784,747.5475,0,0,2021-02-08 00:00:00,,
INDUSINDBK.NSE,2021-01-18,959.0,967.0,890.0,893.3,862.6635,43565143,909.525,6.319232566,1.154047882,0.017838982,-0.038251112,0.047179536,0.038251112,1.233383811,Uncertain,804.425776427138,761.405,0,0,0,,
INDUSINDBK.NSE,2021-01-25,906.0,912.35,789.0,846.1,817.0822,60735219,899.675,1.408842082,0.225815964,0.059549282,0.0417103,0.060369502,0.038251112,1.578200477,Uncertain,820.3516331199622,773.1925,0,0,2021-02-22 00:00:00,,
INDUSINDBK.NSE,2021-02-08,1036.05,1059.5,1003.6,1027.4,992.1644,42680855,949.6,11.57329402,1.443255116,0.081929233,-0.022238368,0.08632862,0.022238368,3.881792799,Uncertain,845.8927657268534,793.9024999999999,0,0,0,,
INDUSINDBK.NSE,2021-02-15,1044.9,1096.5,1026.2,1065.9,1029.344,60328695,970.6166667,12.96941807,1.43426766,0.098167831,0.016238598,0.060856918,0.022238368,2.736449939,Uncertain,881.2576373757448,821.4550000000002,0,0,0,,
INDUSINDBK.NSE,2021-02-22,1064.95,1119.5,1018.0,1062.95,1026.4952,48370283,986.7916667,13.44846514,1.256269097,0.077177722,-0.020990109,0.016238598,0.043228477,0.37563716,Uncertain,913.2378976336078,844.9925,0,1,2021-03-15 00:00:00,1119.5,
INDUSINDBK.NSE,2021-03-01,1075.0,1116.0,1025.45,1039.9,1004.2357,37026229,1011.225,10.36119558,0.755465108,0.028356696,-0.048821026,0.016238598,0.069811135,0.232604231,Uncertain,933.1295081919794,865.835,0,0,0,,
INDUSINDBK.NSE,2021-03-08,1054.0,1060.0,1005.0,1022.65,987.5773,35006170,1040.65,1.859414789,0.15382201,0.017296882,-0.011059814,0.0,0.08087095,0.0,Uncertain,950.034894400853,886.5525000000001,0,0,0,,
INDUSINDBK.NSE,2021-03-15,1027.8,1049.9,981.1,1011.9,977.196,30529904,1038.45,1.102604844,0.114145738,0.025566951,0.008270069,0.008270069,0.059880841,0.138106459,Uncertain,957.0154499479372,906.74,0,0,0,,
INDUSINDBK.NSE,2021-03-22,1006.0,1011.85,928.85,952.75,920.0746,37757320,1026.008333,1.379943308,0.206179558,0.071401304,0.045834354,0.054104423,0.011059814,4.891540626,Uncertain,959.8776608534248,925.0925,0,0,0,,
INDUSINDBK.NSE,2021-03-30,966.0,997.0,950.0,993.3,959.2339,18217878,1013.908333,1.667639251,0.453681907,0.020325638,-0.051075667,0.054104423,0.051075667,1.05927865,Uncertain,964.0269029925395,937.825,0,0,0,,
INDUSINDBK.NSE,2021-04-05,985.0,988.95,917.45,923.65,891.9726,32789964,990.6916667,0.175803101,0.117014801,0.067671576,0.047345939,0.093180292,0.051075667,1.824322105,Uncertain,974.064207391076,945.485,0,0,0,,
INDUSINDBK.NSE,2021-04-12,884.0,890.0,841.0,862.95,833.3543,29654951,961.2,7.407407407,6.849212824,0.10221598,0.034544404,0.081890342,0.051075667,1.60328282,Uncertain,975.3677358654784,948.0825000000001,0,0,0,,
INDUSINDBK.NSE,2021-04-19,829.95,864.8,811.0,850.0,820.8485,34203214,932.425,7.252594042,2.728900468,0.088398531,-0.013817449,0.081890342,0.013817449,5.926160062,Uncertain,971.144942492282,947.7,1,0,2021-05-10 00:00:00,,811.0
INDUSINDBK.NSE,2021-04-26,857.0,958.85,851.45,934.95,902.885,39521253,919.6,4.26816007,1.034489558,0.01669204,-0.071706491,0.034544404,0.08552394,0.403910295,Uncertain,968.9026873974258,948.7650000000001,0,0,0,,
INDUSINDBK.NSE,2021-05-03,929.0,967.7,899.0,926.2,894.4351,39454901,915.175,5.739339471,1.20170647,0.012046876,-0.004645164,0.0,0.090169104,0.0,Uncertain,970.3205605439277,948.8875,0,0,0,,
INDUSINDBK.NSE,2021-05-10,939.0,957.0,888.1,890.85,860.2975,22063800,898.1,6.558289723,1.063470471,0.008072598,-0.003974279,0.0,0.080325933,0.0,Uncertain,982.2829616805159,948.1700000000001,0,0,0,,
INDUSINDBK.NSE,2021-05-17,897.1,1020.0,897.1,1016.0,981.1554,42917125,913.4916667,11.65947509,1.958063222,0.112215948,0.10414335,0.10414335,0.008619442,12.08097526,Uncertain,977.871340763918,956.3300000000002,0,0,0,,
INDUSINDBK.NSE,2021-05-24,1018.9,1025.5,982.4,1019.35,984.3905,22758190,939.5583333,9.147028302,1.296289478,0.084924654,-0.027291294,0.10414335,0.031265572,3.330820837,Uncertain,968.4781888874775,962.29,0,0,0,,
INDUSINDBK.NSE,2021-05-31,1015.0,1037.25,964.05,1009.3,974.6851,29663827,966.1083333,7.363735951,0.889766368,0.044706857,-0.040217798,0.10414335,0.067509091,1.542633821,Uncertain,960.2472752539207,965.765,0,0,0,,
INDUSINDBK.NSE,2021-06-07,1018.0,1035.7,997.25,1015.1,980.2862,17396484,979.4666667,5.741219711,0.6612684,0.036380343,-0.008326514,0.0,0.075835605,0.0,Uncertain,953.9038721307763,968.225,0,0,0,,
INDUSINDBK.NSE,2021-06-14,1012.0,1050.0,960.0,995.4,961.2618,24355875,991.0,5.95358224,0.702250202,0.00443996,-0.031940383,0.0,0.080484695,0.0,Uncertain,950.4148766031022,973.3299999999999,0,0,0,,
INDUSINDBK.NSE,2021-06-21,977.0,1021.7,968.05,1012.9,978.1617,17063625,1011.341667,1.024217005,0.145250338,0.001540857,-0.002899102,0.0,0.043165999,0.0,Uncertain,947.7440019057714,981.6700000000001,0,0,0,,
INDUSINDBK.NSE,2021-06-28,1019.0,1027.55,1000.0,1009.65,975.0231,14563224,1010.283333,1.709091509,0.340409773,0.000626887,-0.000913971,0.0,0.035753456,0.0,Uncertain,948.5488586998946,980.7825,0,0,0,,
INDUSINDBK.NSE,2021-07-05,1012.0,1061.0,1012.0,1039.95,1004.284,16559751,1013.716667,4.664353945,1.293129535,0.025878368,0.025251482,0.025251482,0.003813073,6.620608186,Uncertain,950.9007579234029,979.4849999999999,0,0,0,,
INDUSINDBK.NSE,2021-07-12,1045.4,1067.4,1041.05,1044.3,1008.4848,9640011,1019.55,4.693247021,1.406085238,0.024275416,-0.001602953,0.025251482,0.002516923,10.0286935,Uncertain,954.2684312981515,978.5525000000001,0,0,2021-08-02 00:00:00,,
INDUSINDBK.NSE,2021-07-19,1024.0,1034.7,977.0,989.3,955.3711,12029295,1015.25,1.91578429,0.633793278,0.025560207,0.001284791,0.026536273,0.001602953,16.54429824,Uncertain,963.6543078219887,976.0225,0,0,0,,
INDUSINDBK.NSE,2021-07-26,989.3,1009.8,963.05,981.0,947.3557,21042946,1012.85,0.301130473,0.092780593,0.03144592,0.005885713,0.007170504,0.001602953,4.470520892,Uncertain,977.6480288439406,973.9399999999999,0,0,2021-08-16 00:00:00,,
INDUSINDBK.NSE,2021-08-02,991.8,1048.0,985.45,1029.5,994.1924,23221369,1015.616667,3.188538983,1.101917024,0.013669856,-0.017776064,0.007170504,0.017776064,0.403357058,Uncertain,988.77243504352,974.82,0,0,0,,
INDUSINDBK.NSE,2021-08-09,1031.0,1055.0,1020.0,1024.15,989.0258,14702579,1018.033333,3.63118431,1.438277812,0.006008317,-0.007661539,0.005885713,0.025437603,0.231369349,Uncertain,998.9527760314548,978.3900000000001,0,0,2021-08-30 00:00:00,,
INDUSINDBK.NSE,2021-08-16,1024.95,1029.9,970.65,979.45,950.5229,10024223,1007.95,2.177687385,0.963936974,0.028275212,0.022266895,0.022266895,0.025437603,0.875319103,Uncertain,1005.7026339927924,977.6975,0,0,0,,
INDUSINDBK.NSE,2021-08-23,988.1,1013.9,964.1,990.2,960.9554,11870605,998.9333333,1.498264816,0.644516077,0.008742659,-0.019532553,0.022266895,0.027194092,0.818783593,Uncertain,1009.8198383046566,981.025,0,0,2021-09-13 00:00:00,,
INDUSINDBK.NSE,2021-08-30,995.3,1028.65,990.0,1003.75,974.1052,17362168,1001.341667,2.727174374,1.039351636,0.002405106,-0.006337552,0.022266895,0.025870106,0.860685884,Uncertain,1009.7192326868208,988.0649999999999,0,0,0,,
INDUSINDBK.NSE,2021-09-06,1006.0,1021.8,984.15,999.5,969.9807,18412372,1004.425,1.729845434,0.68957219,0.004903303,0.002498196,0.002498196,0.025870106,0.096563187,Uncertain,1009.8856877753304,995.54,0,0,0,,
INDUSINDBK.NSE,2021-09-13,1004.0,1186.5,992.65,1130.0,1096.6265,49311272,1021.175,16.18968345,7.962493137,0.106568414,0.101665111,0.104163307,0.006337552,16.43329605,Continuation,1027.1343235376753,1005.2924999999999,0,0,0,,
INDUSINDBK.NSE,2021-09-20,1115.0,1189.35,1084.6,1163.05,1128.7004,24368841,1044.325,13.88696048,2.508373086,0.113685874,0.00711746,0.111280767,0.0,100.0,Continuation,1040.6082240888297,1017.135,0,0,0,,
INDUSINDBK.NSE,2021-09-27,1172.0,1177.95,1091.3,1104.05,1071.4429,17463341,1065.091667,10.59611458,1.227337436,0.036577446,-0.077108427,0.108782571,0.077108427,1.410755787,Uncertain,1048.8275152282256,1027.795,0,0,0,,
INDUSINDBK.NSE,2021-10-04,1107.5,1186.15,1106.0,1174.4,1139.7152,16764090,1095.791667,8.24594091,0.777871182,0.071736568,0.035159122,0.042276581,0.077108427,0.54826735,Uncertain,1057.6528123852222,1035.715,0,0,0,,
INDUSINDBK.NSE,2021-10-11,1172.65,1215.0,1160.05,1210.0,1174.2638,9441402,1130.166667,7.506267512,0.613774904,0.070638549,-0.001098019,0.035159122,0.078206446,0.449562327,Uncertain,1064.0213639725393,1045.2475,0,0,0,,
INDUSINDBK.NSE,2021-10-18,1221.0,1240.0,1165.2,1196.4,1161.0655,16270442,1162.983333,6.622336233,0.658361086,0.028733573,-0.041904976,0.035159122,0.043002995,0.817578035,Uncertain,1072.9713229797972,1054.6025000000002,0,0,0,,
INDUSINDBK.NSE,2021-10-25,1205.95,1242.0,1122.0,1140.2,1106.5253,33691095,1164.683333,6.638428185,0.805374031,0.021021451,-0.007712122,0.0,0.050715117,0.0,Uncertain,1087.3319386081828,1060.8575,0,1,2021-11-15 00:00:00,1242.0,
INDUSINDBK.NSE,2021-11-01,1158.0,1240.1,1146.05,1189.1,1153.981,17494359,1169.025,6.079852869,0.838225425,0.01717243,-0.003849021,0.0,0.053466119,0.0,Uncertain,1101.5551382231858,1070.5425,0,0,0,,
INDUSINDBK.NSE,2021-11-08,1130.0,1130.0,1020.5,1037.05,1006.4217,51655982,1157.858333,2.406022614,0.358480715,0.10433775,0.08716532,0.08716532,0.011561143,7.538854958,Uncertain,1101.0837408024508,1071.75,0,0,0,,
INDUSINDBK.NSE,2021-11-15,1042.0,1051.0,1002.3,1008.45,978.6664,12078772,1130.2,7.007609273,1.288954856,0.107724297,0.003386547,0.090551867,0.003849021,23.51983867,Uncertain,1101.1749379402559,1071.69,0,0,0,,
INDUSINDBK.NSE,2021-11-22,1024.0,1025.9,898.0,901.8,875.1662,33439338,1078.833333,4.906534837,0.886780072,0.164097018,0.056372722,0.146924588,0.0,100.0,Uncertain,1088.2965699389433,1064.7824999999998,0,0,0,,
INDUSINDBK.NSE,2021-11-29,926.9,957.85,875.7,951.15,923.0587,44128431,1037.958333,7.717875637,1.513307495,0.083633736,-0.080463282,0.059759268,0.080463282,0.742680686,Uncertain,1072.0222625109793,1060.125,0,0,0,,
INDUSINDBK.NSE,2021-12-06,952.0,968.0,914.0,944.75,916.8477,21543083,1005.383333,3.718316397,0.674890507,0.060308672,-0.023325064,0.056372722,0.103788347,0.54314555,Uncertain,1067.4469015880024,1057.8975,0,0,0,,
INDUSINDBK.NSE,2021-12-13,954.3,955.6,880.25,883.0,856.9214,14918197,954.3666667,0.129230554,0.022137678,0.074779086,0.014470414,0.014470414,0.103788347,0.139420995,Uncertain,1064.1485977299094,1052.9975,0,0,0,,
INDUSINDBK.NSE,2021-12-20,874.0,885.0,830.8,861.15,835.7167,17993376,925.05,4.329495703,1.051361557,0.069077347,-0.005701738,0.014470414,0.029026803,0.498501868,Uncertain,1047.2131088596675,1044.58,0,0,0,,
INDUSINDBK.NSE,2021-12-27,843.0,893.45,811.5,888.15,861.9193,39013869,905.0,1.276243094,0.321170092,0.018618785,-0.050458563,0.014470414,0.056160301,0.257658097,Uncertain,1019.6535175816366,1037.78,1,0,2022-01-17 00:00:00,,811.5
INDUSINDBK.NSE,2022-01-03,888.2,938.45,876.7,922.25,895.0122,24562141,908.4083333,3.307066389,1.399329916,0.015237274,-0.003381511,0.0,0.059541812,0.0,Uncertain,1007.0115551021153,1034.92,0,0,0,,
INDUSINDBK.NSE,2022-01-10,926.9,950.0,913.25,920.05,892.8772,16125720,903.225,5.178665338,2.29092894,0.018627695,0.003390421,0.003390421,0.053840073,0.062970907,Uncertain,996.3194376845003,1031.4125,0,0,2022-01-31 00:00:00,,
INDUSINDBK.NSE,2022-01-17,919.0,931.9,845.1,854.1,828.875,17373066,888.1166667,4.929907857,1.399401957,0.038302025,0.01967433,0.023064751,0.003381511,6.818826017,Uncertain,985.360573685211,1023.93,0,0,0,,
INDUSINDBK.NSE,2022-01-24,859.0,925.75,831.55,903.55,876.8645,19666911,891.5416667,3.836986493,1.044654814,0.013469178,-0.024832847,0.023064751,0.024832847,0.928762706,Uncertain,970.4124791371734,1019.1325,0,0,2022-02-14 00:00:00,,
INDUSINDBK.NSE,2022-01-31,927.45,981.8,866.65,956.05,927.814,46782135,907.3583333,8.204219208,1.902138068,0.053663106,0.040193928,0.059868258,0.024832847,2.410752475,Uncertain,948.3206577145955,1010.4350000000001,0,0,0,,
INDUSINDBK.NSE,2022-02-07,952.05,990.0,913.0,982.4,953.3857,21058478,923.0666667,7.25119168,1.309483352,0.064278492,0.010615386,0.050809314,0.024832847,2.04597033,Uncertain,937.8700316750869,1001.4024999999999,0,0,2022-02-28 00:00:00,,
INDUSINDBK.NSE,2022-02-14,959.2,987.55,923.25,955.35,927.1346,16890327,928.5833333,6.350174998,1.048649158,0.028825271,-0.035453221,0.050809314,0.035453221,1.433096351,Uncertain,920.0939787466476,993.9675000000001,0,0,0,,
INDUSINDBK.NSE,2022-02-21,952.0,972.0,868.85,927.05,899.6705,22035843,929.75,4.544232321,0.708857482,0.002904006,-0.025921265,0.010615386,0.061374486,0.172958073,Uncertain,916.8373528538299,981.6,0,0,0,,
INDUSINDBK.NSE,2022-02-28,916.0,926.0,887.55,901.9,875.2632,15163619,937.7166667,1.249489007,0.189677059,0.038195617,0.035291611,0.035291611,0.061374486,0.575011509,Uncertain,913.8268702669595,966.195,0,0,0,,
INDUSINDBK.NSE,2022-03-07,878.0,928.0,816.0,901.75,875.1177,29219021,937.4166667,1.004533736,0.207172813,0.038047826,-0.000147791,0.035291611,0.026069056,1.353722108,Uncertain,908.9621579344405,951.4625,0,0,2022-03-28 00:00:00,,
INDUSINDBK.NSE,2022-03-14,899.0,949.5,887.25,932.45,904.911,18306822,933.4833333,1.715795676,0.521977352,0.001106965,-0.036940862,0.035291611,0.037088652,0.951521748,Uncertain,907.5240497684404,941.0749999999998,0,0,0,,
INDUSINDBK.NSE,2022-03-21,938.0,944.45,903.6,926.25,898.8941,12468990,924.125,2.19937779,1.03329325,0.002299472,0.001192508,0.001192508,0.037088652,0.032152028,Uncertain,908.2614559308313,927.9324999999999,0,0,0,,
INDUSINDBK.NSE,2022-03-28,923.05,970.95,920.25,968.6,939.9933,18389177,926.3333333,4.816480748,3.122922718,0.045627924,0.043328451,0.044520959,0.036940862,1.20516284,Uncertain,913.6683491332756,924.51,0,0,0,,
INDUSINDBK.NSE,2022-04-04,975.0,994.8,958.05,985.6,956.4912,17109664,936.0916667,6.271643625,2.57663211,0.052888339,0.007260415,0.051781374,0.0,100.0,Continuation,924.0003900329328,923.3675,0,0,0,,
INDUSINDBK.NSE,2022-04-11,983.6,998.9,966.0,983.4,954.3562,6437114,949.675,5.183352199,1.381923429,0.035512149,-0.01737619,0.050588866,0.01737619,2.911222491,Uncertain,926.3885270429846,927.4475,0,0,0,,
INDUSINDBK.NSE,2022-04-18,972.0,992.7,951.0,959.85,931.5017,9644950,959.3583333,3.475413254,0.752626421,0.000512495,-0.034999654,0.007260415,0.052375844,0.1386188,Uncertain,927.784482542521,927.8824999999999,0,0,0,,
INDUSINDBK.NSE,2022-04-25,945.0,1009.5,931.0,978.55,949.6494,11726935,967.0416667,4.390538153,0.889362971,0.011900556,0.01138806,0.01138806,0.052375844,0.217425482,Uncertain,933.1153169047356,929.5724999999999,0,0,0,,
INDUSINDBK.NSE,2022-05-02,972.0,1029.0,902.5,915.4,888.3645,21920309,965.2333333,6.606347343,1.36770672,0.051628276,0.039727721,0.051115781,0.034999654,1.460423617,Uncertain,937.8144737894592,931.1924999999999,0,1,2022-05-23 00:00:00,1029.0,
INDUSINDBK.NSE,2022-05-09,912.8,928.0,856.0,872.35,846.586,19174696,949.1916667,2.232601424,0.454342912,0.080954848,0.029326571,0.080442352,0.0,100.0,Uncertain,934.2051087850114,931.7524999999999,0,0,2022-05-30 00:00:00,,
INDUSINDBK.NSE,2022-05-16,876.7,917.95,860.1,896.5,870.0227,11618344,934.3416667,1.75435467,0.42008145,0.040500887,-0.04045396,0.069054292,0.04045396,1.706942524,Uncertain,929.5243255825469,932.1699999999998,0,0,0,,
INDUSINDBK.NSE,2022-05-23,900.0,927.0,877.45,925.4,898.0692,14811084,924.675,0.251439695,0.067122892,0.000784059,-0.039716828,0.029326571,0.080170788,0.365796644,Uncertain,926.3374860680707,932.3275,0,0,0,,
INDUSINDBK.NSE,2022-05-30,936.0,953.8,918.7,924.3,897.0017,7564490,918.75,3.814965986,1.407120829,0.006040816,0.005256757,0.005256757,0.080170788,0.065568664,Uncertain,926.9297233283829,932.54,0,0,2022-06-20 00:00:00,,
INDUSINDBK.NSE,2022-06-06,920.0,938.0,903.25,913.2,886.2295,6166107,907.8583333,3.320084815,1.649042925,0.005883811,-0.000157006,0.005256757,0.039873834,0.131831448,Uncertain,928.2795757609937,935.4949999999999,0,0,0,,
INDUSINDBK.NSE,2022-06-13,895.0,900.35,796.75,806.9,783.069,16802006,889.775,1.188502711,0.520084386,0.093141525,0.087257714,0.092514471,0.000157006,100.0,Uncertain,927.1439191330122,930.6625,0,0,0,,
INDUSINDBK.NSE,2022-06-20,814.6,815.85,763.2,806.5,782.6808,18190923,878.8,7.16317706,3.341426348,0.082271279,-0.010870246,0.087257714,0.011027251,7.912198709,Uncertain,915.0317156395018,923.1850000000001,1,0,2022-07-11 00:00:00,,763.2
INDUSINDBK.NSE,2022-06-27,819.2,829.7,783.0,807.2,783.3601,13107011,863.9166667,3.960644352,1.022977531,0.065650622,-0.016620657,0.087257714,0.027490902,3.173942368,Uncertain,907.0272450503031,914.425,0,0,0,,
INDUSINDBK.NSE,2022-07-04,812.8,867.5,811.2,848.6,823.5374,13419424,851.1166667,1.924922161,0.492546521,0.0029569,-0.062693722,0.0,0.090184625,0.0,Uncertain,897.8787020776692,909.0875,0,0,0,,
INDUSINDBK.NSE,2022-07-11,845.0,861.15,789.5,815.05,790.9783,17403951,832.9083333,3.390729272,0.952636262,0.021440935,0.018484035,0.018484035,0.079314379,0.23304478,Uncertain,883.4173166897698,903.4875,0,0,0,,
INDUSINDBK.NSE,2022-07-18,826.0,962.0,823.2,942.45,914.6156,37563856,837.7833333,14.82682476,3.60761562,0.124932859,0.103491924,0.121975959,0.062693722,1.945553854,Continuation,884.9215557910321,905.515,0,0,0,,
INDUSINDBK.NSE,2022-07-25,940.0,1049.95,939.55,1043.5,1012.6812,25295476,877.2166667,19.69106834,3.267803985,0.189557882,0.064625023,0.186600982,0.0,100.0,Continuation,895.0992974075241,912.6025,0,0,0,,
INDUSINDBK.NSE,2022-08-01,1040.0,1072.85,1024.55,1036.3,1005.6939,16653164,915.5166667,17.18519597,1.725700906,0.131929147,-0.057628734,0.168116947,0.057628734,2.917191076,Uncertain,901.6718167481697,917.7950000000001,0,0,0,,
INDUSINDBK.NSE,2022-08-08,1036.3,1088.05,1033.7,1080.45,1056.9911,11247441,961.0583333,13.21373139,0.959362178,0.124229365,-0.007699782,0.064625023,0.065328517,0.989216309,Uncertain,905.2841980298783,925.5050000000001,0,0,0,,
INDUSINDBK.NSE,2022-08-16,1085.0,1107.45,1060.0,1063.3,1040.2134,10920609,996.8416667,11.09587781,0.683698169,0.066668896,-0.057560469,0.0,0.122888986,0.0,Uncertain,915.4971266033219,930.24,0,0,0,,
INDUSINDBK.NSE,2022-08-22,1055.0,1119.75,1034.1,1069.75,1046.5234,16815846,1039.291667,7.741650964,0.506107081,0.02930682,-0.037362076,0.0,0.102622328,0.0,Uncertain,928.5654725705467,934.4475,0,0,0,,
INDUSINDBK.NSE,2022-08-29,1050.0,1121.0,1041.0,1100.75,1076.8503,10759544,1065.675,5.191545265,0.421764332,0.032913412,0.003606592,0.003606592,0.094922546,0.037994705,Uncertain,937.518094617339,940.3149999999999,0,0,0,,
INDUSINDBK.NSE,2022-09-05,1099.5,1149.55,1086.0,1137.15,1112.46,15850114,1081.283333,6.313485519,0.678089145,0.051667001,0.018753589,0.022360181,0.037362076,0.598456638,Uncertain,950.5469442612813,949.1800000000001,0,0,0,,
INDUSINDBK.NSE,2022-09-12,1144.3,1251.05,1128.0,1227.35,1200.7016,34867583,1113.125,12.39079169,1.633453719,0.102616508,0.050949507,0.073309688,0.0,100.0,Uncertain,985.201552578364,961.6200000000001,0,0,0,,
INDUSINDBK.NSE,2022-09-19,1226.0,1275.8,1176.05,1183.35,1157.6569,27561806,1130.275,12.87518524,1.62783988,0.046957599,-0.055658909,0.069703096,0.055658909,1.252303452,Uncertain,1017.7351832602141,975.0174999999999,0,1,2022-10-10 00:00:00,1275.8,
INDUSINDBK.NSE,2022-09-26,1170.0,1192.3,1128.8,1185.2,1159.4667,23865154,1150.591667,3.624946585,0.394326597,0.030078728,-0.016878871,0.050949507,0.07253778,0.702376122,Uncertain,1045.5301419084049,990.6600000000001,0,0,0,,
INDUSINDBK.NSE,2022-10-03,1178.0,1234.95,1153.05,1213.4,1187.0544,13956615,1174.533333,5.143886934,0.584459399,0.033091157,0.003012429,0.003012429,0.07253778,0.041528534,Uncertain,1064.6973565831142,1006.5050000000001,0,0,0,,
INDUSINDBK.NSE,2022-10-10,1193.1,1216.9,1156.1,1181.6,1155.9449,32526243,1188.008333,2.431941415,0.285818124,0.005394182,-0.027696975,0.003012429,0.044575846,0.067578338,Uncertain,1088.0349974786598,1019.3149999999999,0,0,0,,
INDUSINDBK.NSE,2022-10-17,1178.0,1231.7,1139.1,1142.25,1117.4493,27319747,1188.858333,3.603597289,0.598704644,0.039204279,0.033810096,0.036822526,0.027696975,1.329430261,Uncertain,1110.6390812778006,1030.2125,0,0,0,,
INDUSINDBK.NSE,2022-10-24,1160.0,1161.0,1121.8,1147.0,1122.0961,9557916,1175.466667,1.230716878,0.332527948,0.024217332,-0.014986946,0.033810096,0.042683921,0.792085251,Uncertain,1139.059471706246,1041.9025,0,0,0,,
INDUSINDBK.NSE,2022-10-31,1155.0,1159.9,1125.25,1152.7,1127.6724,9973778,1170.358333,0.893600963,0.288022788,0.015087972,-0.00912936,0.033810096,0.024116307,1.401901817,Uncertain,1151.6916161210308,1059.1924999999999,0,0,0,,
INDUSINDBK.NSE,2022-11-07,1158.0,1172.9,1118.0,1140.0,1115.2481,10328473,1162.825,0.86642444,0.42472533,0.019628921,0.004540949,0.004540949,0.024116307,0.188285919,Uncertain,1158.3468061511462,1075.8674999999998,0,0,0,,
INDUSINDBK.NSE,2022-11-14,1145.7,1167.75,1122.0,1128.65,1104.1446,9944633,1148.7,1.658396448,1.005951502,0.017454514,-0.002174407,0.004540949,0.011303768,0.401684445,Uncertain,1161.6316405560842,1091.94,0,0,0,,
INDUSINDBK.NSE,2022-11-21,1119.55,1193.8,1117.0,1187.1,1161.3255,18006962,1149.616667,3.843310089,3.306685657,0.032605071,0.015150557,0.019691507,0.002174407,9.051871869,Continuation,1165.470399261372,1108.865,0,0,2022-12-12 00:00:00,,
INDUSINDBK.NSE,2022-11-28,1180.0,1205.45,1162.1,1178.7,1153.1079,12136173,1155.691667,4.305502477,2.371611903,0.019908713,-0.012696359,0.015150557,0.014870766,1.018746377,Uncertain,1172.2140936561414,1127.0475000000001,0,0,0,,
INDUSINDBK.NSE,2022-12-05,1182.0,1216.0,1161.45,1202.5,1176.3911,19562260,1164.941667,4.382909015,1.642518093,0.032240527,0.012331814,0.027482372,0.012696359,2.164416455,Uncertain,1177.1994590111162,1140.05,0,0,0,,
INDUSINDBK.NSE,2022-12-12,1201.3,1273.55,1195.25,1229.55,1202.8538,15907433,1177.75,8.134154107,2.292906681,0.043982169,0.011741642,0.024073457,0.012696359,1.895942102,Continuation,1183.6914362666203,1149.3525,0,1,2023-01-02 00:00:00,1273.55,
INDUSINDBK.NSE,2022-12-19,1233.95,1241.7,1143.0,1147.85,1122.9277,8871140,1179.058333,5.312855598,1.028333989,0.026468863,-0.017513307,0.024073457,0.017513307,1.374502421,Uncertain,1180.778082564213,1154.9299999999998,0,0,0,,
INDUSINDBK.NSE,2022-12-26,1150.0,1238.0,1141.0,1220.1,1193.609,11298935,1194.3,3.659047141,0.661211207,0.021602612,-0.00486625,0.011741642,0.022379557,0.524635841,Uncertain,1177.9141656169202,1161.9125,0,0,2023-01-16 00:00:00,,
INDUSINDBK.NSE,2023-01-02,1220.1,1273.4,1176.1,1181.9,1156.2384,18179052,1193.433333,6.700555819,1.247255147,0.009663995,-0.011938618,0.0,0.034318175,0.0,Uncertain,1181.6374843805365,1167.8425,0,0,2023-01-23 00:00:00,,
INDUSINDBK.NSE,2023-01-09,1190.15,1238.2,1188.05,1234.4,1207.5985,12001505,1202.716667,2.950265371,0.495705191,0.02634314,0.016679145,0.016679145,0.016804868,0.992459597,Uncertain,1182.5660714343633,1176.075,0,0,0,,
INDUSINDBK.NSE,2023-01-16,1240.0,1250.0,1183.25,1202.45,1176.3422,19902638,1202.708333,3.932097696,0.84458057,0.000214793,-0.026128347,0.016679145,0.038066965,0.43814124,Uncertain,1185.0735408883827,1181.16,0,0,0,,
INDUSINDBK.NSE,2023-01-23,1212.7,1220.15,1106.0,1116.4,1092.1605,12522418,1183.85,3.066266841,0.7113497,0.056975124,0.056760331,0.073439476,0.026128347,2.810612764,Uncertain,1184.6151153063092,1180.1225,0,0,0,,
INDUSINDBK.NSE,2023-01-30,1110.0,1131.0,990.0,1103.55,1079.5895,35335829,1176.466667,3.864679549,0.928496952,0.061979373,0.00500425,0.06176458,0.026128347,2.363801156,Uncertain,1168.3351866351466,1173.9325000000001,1,0,2023-02-20 00:00:00,,990.0
INDUSINDBK.NSE,2023-02-06,1109.0,1168.2,1100.45,1161.2,1135.9878,12555972,1166.65,0.132859041,0.038472762,0.004671495,-0.057307878,0.06176458,0.057307878,1.077748901,Uncertain,1167.9136486822777,1172.825,0,0,0,,
INDUSINDBK.NSE,2023-02-13,1165.0,1170.0,1109.0,1114.7,1090.4974,11661075,1155.45,1.259249643,0.45807957,0.035267645,0.030596149,0.035600399,0.057307878,0.621202165,Uncertain,1167.101511571627,1169.3,0,0,2023-03-06 00:00:00,,
INDUSINDBK.NSE,2023-02-20,1117.25,1122.8,1066.65,1079.15,1055.7193,10420907,1129.575,0.599783104,0.288251417,0.044640683,0.009373039,0.039969188,0.057307878,0.697434491,Uncertain,1164.6582675527093,1162.5875,0,0,2023-03-13 00:00:00,,
INDUSINDBK.NSE,2023-02-27,1079.95,1133.2,1067.05,1126.4,1101.9434,14609976,1116.9,1.459396544,0.996758315,0.008505685,-0.036134998,0.039969188,0.036134998,1.106076773,Uncertain,1160.757960420495,1159.8275,0,0,0,,
INDUSINDBK.NSE,2023-03-06,1132.0,1182.65,1105.55,1144.8,1119.9439,17193689,1121.633333,5.439983358,6.304872655,0.020654403,0.012148717,0.021521756,0.036134998,0.595576638,Uncertain,1158.2981777356838,1159.9550000000002,0,0,2023-03-27 00:00:00,,
INDUSINDBK.NSE,2023-03-13,1119.0,1119.5,1001.9,1020.5,998.3427,36355484,1107.791667,1.056907511,0.482693636,0.078797909,0.058143506,0.070292223,0.036134998,1.945213281,Uncertain,1138.3652669377245,1153.63,0,0,0,,
INDUSINDBK.NSE,2023-03-20,1020.0,1046.2,990.2,1009.55,987.6305,21044976,1082.516667,3.354836723,1.568400689,0.067404659,-0.01139325,0.070292223,0.01139325,6.16909619,Uncertain,1121.4549834273455,1146.4725,0,0,2023-04-10 00:00:00,,
INDUSINDBK.NSE,2023-03-27,1014.0,1076.0,1004.0,1067.95,1044.7625,15413251,1074.725,0.118635,0.04195339,0.006303938,-0.061100721,0.058143506,0.072493971,0.802035031,Uncertain,1114.9791491240933,1142.8700000000001,0,0,0,,
INDUSINDBK.NSE,2023-04-03,1073.0,1093.45,1060.1,1082.0,1058.5074,7972610,1075.2,1.697358631,0.680961646,0.006324405,2.04665e-05,2.04665e-05,0.072493971,0.000282317,Uncertain,1109.8889680856778,1140.5375,0,0,0,,
INDUSINDBK.NSE,2023-04-10,1082.0,1114.5,1007.95,1109.3,1085.2147,12622704,1072.35,3.930619667,2.524589026,0.034457034,0.028132629,0.028153095,0.061100721,0.460757816,Uncertain,1100.538895561847,1136.6475,0,0,0,,
INDUSINDBK.NSE,2023-04-17,1107.4,1149.5,1105.0,1116.35,1092.1116,16447693,1067.608333,7.670572073,3.371142864,0.045655008,0.011197974,0.039351069,0.0,100.0,Continuation,1096.209056003287,1133.53,0,0,0,,
INDUSINDBK.NSE,2023-04-24,1130.75,1157.55,1092.0,1152.8,1127.7702,20899337,1089.658333,6.230546272,1.857482356,0.057946298,0.01229129,0.051621893,0.0,100.0,Uncertain,1090.0459278406906,1131.045,0,0,0,,
INDUSINDBK.NSE,2023-05-02,1158.95,1161.85,1065.35,1073.3,1049.9963,15073987,1100.283333,5.595528424,1.14609058,0.024523986,-0.033422312,0.023489265,0.033422312,0.702780879,Uncertain,1087.755557994227,1123.2325,0,0,0,,
INDUSINDBK.NSE,2023-05-08,1087.0,1214.0,1087.0,1208.65,1182.4076,27482955,1123.733333,8.032747983,1.371521172,0.075566564,0.051042578,0.063333868,0.033422312,1.894901027,Uncertain,1099.0718887894113,1126.2725,0,0,0,,
INDUSINDBK.NSE,2023-05-15,1208.6,1251.0,1196.0,1248.0,1220.9032,15730493,1151.4,8.650338718,1.256887599,0.083897863,0.0083313,0.059373877,0.033422312,1.776421122,Uncertain,1105.3727532487521,1127.6675,0,0,0,,
INDUSINDBK.NSE,2023-05-22,1247.0,1275.9,1232.5,1268.05,1240.5179,11601861,1177.858333,8.323723142,1.167866431,0.076572593,-0.007325271,0.059373877,0.007325271,8.104243046,Uncertain,1111.461085523889,1131.975,0,0,0,,
INDUSINDBK.NSE,2023-05-29,1272.2,1298.0,1251.5,1288.2,1274.0557,12724817,1206.5,7.583920431,0.9912864,0.067716535,-0.008856057,0.0083313,0.016181328,0.514839374,Uncertain,1121.1006877132086,1134.665,0,0,0,,
INDUSINDBK.NSE,2023-06-05,1295.0,1336.4,1282.65,1331.05,1316.4352,16071156,1236.208333,8.104755806,0.994731414,0.076719809,0.009003273,0.009003273,0.016181328,0.556364517,Uncertain,1134.5699931257666,1141.095,0,0,0,,
INDUSINDBK.NSE,2023-06-12,1336.95,1342.9,1288.5,1314.0,1299.5725,17979288,1276.325,5.216147925,0.638788813,0.029518344,-0.047201465,0.009003273,0.056057522,0.160604895,Uncertain,1147.012499171721,1150.975,0,0,0,,
INDUSINDBK.NSE,2023-06-19,1310.0,1318.0,1262.0,1308.7,1294.3306,14093322,1293.0,1.933488012,0.264602683,0.012142305,-0.017376039,0.009003273,0.064577504,0.139415945,Uncertain,1172.4528654257333,1161.2324999999998,0,0,0,,
INDUSINDBK.NSE,2023-06-26,1314.8,1382.25,1297.35,1374.65,1359.5565,15016021,1314.108333,5.185391869,0.908191784,0.046070529,0.033928225,0.033928225,0.064577504,0.525379541,Uncertain,1199.8077029353503,1171.905,0,0,0,,
INDUSINDBK.NSE,2023-07-03,1379.95,1413.1,1353.0,1357.1,1342.1992,16700588,1328.95,6.332066669,1.239165108,0.021182136,-0.024888393,0.033928225,0.042264432,0.802741697,Uncertain,1223.5597462298917,1184.025,0,0,0,,
INDUSINDBK.NSE,2023-07-10,1361.25,1391.5,1345.15,1377.0,1361.8807,18033632,1343.75,3.553488372,0.761444343,0.024744186,0.00356205,0.037490275,0.024888393,1.506275153,Uncertain,1240.130372889608,1198.9175,0,0,0,,
INDUSINDBK.NSE,2023-07-17,1380.0,1443.4,1369.6,1407.35,1391.8975,23590259,1356.466667,6.408807195,1.507561345,0.037511672,0.012767486,0.016329536,0.024888393,0.656084144,Uncertain,1264.9284307991682,1212.965,0,0,0,,
INDUSINDBK.NSE,2023-07-24,1408.5,1446.0,1397.6,1401.95,1386.5568,12186595,1371.125,5.460844197,1.016928624,0.022481539,-0.015030134,0.016329536,0.015030134,1.086380884,Uncertain,1282.4479207695151,1225.8224999999998,0,0,2023-08-14 00:00:00,,
INDUSINDBK.NSE,2023-07-31,1409.35,1423.2,1354.05,1409.6,1394.1228,12908920,1387.941667,2.540332507,0.467075781,0.015604642,-0.006876897,0.012767486,0.02190703,0.58277656,Uncertain,1302.3477142361537,1245.2775,0,0,2023-08-21 00:00:00,,
INDUSINDBK.NSE,2023-08-07,1410.0,1434.0,1392.0,1397.25,1381.9084,12662532,1391.708333,3.038831173,0.676668993,0.003981917,-0.011622726,0.0,0.033529756,0.0,Uncertain,1321.6716721157436,1264.6625,0,0,0,,
INDUSINDBK.NSE,2023-08-14,1395.0,1397.5,1360.85,1371.7,1356.6389,8883982,1394.141667,0.240888958,0.055221849,0.016097121,0.012115204,0.012115204,0.018499622,0.654853867,Uncertain,1344.057286025779,1279.85,0,0,0,,
INDUSINDBK.NSE,2023-08-21,1375.0,1435.0,1366.2,1401.15,1385.7656,10092542,1398.166667,2.634402193,0.934110907,0.002133747,-0.013963374,0.012115204,0.0255861,0.473488754,Uncertain,1355.6125646802566,1295.8075,0,0,0,,
INDUSINDBK.NSE,2023-08-28,1400.0,1423.6,1363.25,1416.55,1400.9965,11302463,1399.7,1.707508752,0.807862262,0.012038294,0.009904547,0.022019751,0.013963374,1.576852005,Uncertain,1363.709181722139,1311.17,0,0,0,,
INDUSINDBK.NSE,2023-09-04,1423.85,1459.95,1396.45,1448.85,1432.9418,11656087,1407.516667,3.72523712,1.95508656,0.029366141,0.017327847,0.027232395,0.013963374,1.950133569,Uncertain,1373.1877968927326,1327.795,0,0,0,,
INDUSINDBK.NSE,2023-09-11,1449.05,1467.85,1416.05,1450.0,1434.0792,12522046,1414.25,3.789994697,1.824736547,0.025278416,-0.004087725,0.027232395,0.004087725,6.660363186,Uncertain,1382.3082958270188,1342.655,0,0,0,,
INDUSINDBK.NSE,2023-09-18,1454.0,1475.65,1406.35,1452.9,1436.9473,14099036,1423.525,3.661684902,1.235267206,0.020635395,-0.004643022,0.017327847,0.008730747,1.984465174,Uncertain,1393.1015961625071,1361.6349999999998,0,0,2023-10-09 00:00:00,,
INDUSINDBK.NSE,2023-09-25,1451.5,1454.55,1399.3,1428.85,1413.1614,17051821,1433.05,1.50029657,0.465770577,0.002930812,-0.017704583,0.0,0.026435329,0.0,Uncertain,1403.029522257228,1372.645,0,0,0,,
INDUSINDBK.NSE,2023-10-03,1432.0,1438.4,1386.2,1434.8,1419.0461,9235480,1438.658333,0.017956545,0.00566577,0.002681897,-0.000248915,0.0,0.022596519,0.0,Uncertain,1407.9000124890458,1381.9850000000001,0,0,2023-10-23 00:00:00,,
INDUSINDBK.NSE,2023-10-09,1420.1,1466.3,1410.0,1463.7,1447.6288,11893800,1446.516667,1.367653328,0.609883428,0.011879112,0.009197215,0.009197215,0.017953498,0.512251313,Uncertain,1413.3833412667798,1391.7675000000002,0,0,0,,
INDUSINDBK.NSE,2023-10-16,1462.85,1471.8,1415.6,1469.1,1452.9695,25439030,1449.891667,1.511032433,0.923107356,0.013248116,0.001369004,0.010566219,0.000248915,42.27925254,Uncertain,1422.4107648291676,1400.8125,0,0,0,,
INDUSINDBK.NSE,2023-10-23,1469.0,1469.75,1393.65,1441.3,1425.4747,13984073,1448.441667,1.471121263,1.338314044,0.004930586,-0.00831753,0.010566219,0.00831753,1.27020272,Uncertain,1425.3648222380846,1406.3249999999998,0,0,0,,
INDUSINDBK.NSE,2023-10-30,1440.0,1479.95,1427.15,1450.25,1434.3264,13944588,1448.0,2.206491713,2.020706183,0.001553867,-0.003376719,0.001369004,0.011694249,0.117056453,Uncertain,1428.067208360262,1413.1375,0,0,0,,
INDUSINDBK.NSE,2023-11-06,1463.0,1516.3,1456.0,1498.8,1482.3434,13586987,1459.658333,3.880474312,2.367478645,0.026815636,0.025261769,0.025261769,0.011694249,2.160002667,Continuation,1434.8572971473232,1422.6425000000002,0,0,0,,
INDUSINDBK.NSE,2023-11-13,1502.0,1538.5,1485.55,1498.45,1481.9972,15231542,1470.266667,4.640881473,2.046893906,0.019168858,-0.007646778,0.025261769,0.011023497,2.291421484,Continuation,1442.5308135364776,1428.8325,0,0,2023-12-04 00:00:00,,
INDUSINDBK.NSE,2023-11-20,1498.9,1509.45,1458.95,1476.2,1459.9915,14346920,1472.35,2.519781302,0.826227643,0.002614867,-0.016553991,0.025261769,0.024200769,1.043798451,Uncertain,1448.4188477398654,1434.7875,0,0,0,,
INDUSINDBK.NSE,2023-11-28,1480.0,1500.0,1450.05,1461.05,1445.0079,57395487,1471.008333,1.970870321,0.595086215,0.006769733,0.004154865,0.004154865,0.024200769,0.171676105,Uncertain,1455.6201129744259,1438.99,0,0,2023-12-18 00:00:00,,
INDUSINDBK.NSE,2023-12-04,1490.0,1525.5,1473.45,1508.95,1492.3819,15617714,1482.283333,2.91554696,0.896263541,0.017990263,0.01122053,0.015375395,0.016553991,0.928746836,Uncertain,1461.1081151512103,1444.07,0,0,0,,
INDUSINDBK.NSE,2023-12-11,1512.8,1578.0,1489.95,1570.8,1553.5528,13285275,1502.375,5.033696647,1.671341644,0.045544554,0.027554292,0.042929687,0.0,100.0,Uncertain,1466.9008642874446,1452.5124999999998,0,0,0,,
INDUSINDBK.NSE,2023-12-18,1570.0,1591.1,1527.55,1562.35,1545.1956,11483678,1512.966667,5.164246844,1.660543517,0.032640067,-0.012904487,0.038774822,0.012904487,3.004522048,Uncertain,1472.3826505099223,1460.15,0,0,0,,
INDUSINDBK.NSE,2023-12-26,1562.95,1618.9,1557.0,1598.95,1581.3937,7939527,1529.716667,5.830055675,1.545986804,0.045258926,0.012618859,0.040173151,0.012904487,3.112873552,Uncertain,1477.9275816611682,1470.2350000000001,0,0,0,,
INDUSINDBK.NSE,2024-01-01,1598.95,1655.0,1558.0,1643.2,1625.1579,11754012,1557.55,6.256620975,1.321108716,0.054990209,0.009731283,0.022350142,0.012904487,1.731832451,Uncertain,1488.6182254306289,1483.81,0,0,0,,
INDUSINDBK.NSE,2024-01-08,1633.0,1677.85,1620.0,1674.0,1655.6197,9116321,1593.041667,5.323673267,0.955578014,0.050819972,-0.004170237,0.022350142,0.004170237,5.358157203,Uncertain,1497.8650311573736,1497.4524999999999,0,0,0,,
INDUSINDBK.NSE,2024-01-15,1684.8,1694.5,1550.2,1561.1,1543.9593,25469655,1601.733333,5.791642387,1.026222962,0.025368351,-0.025451621,0.009731283,0.029621858,0.32850588,Uncertain,1510.976836965181,1504.68,0,1,2024-02-05 00:00:00,1694.5,
INDUSINDBK.NSE,2024-01-23,1535.0,1547.9,1428.05,1512.0,1495.3984,27371179,1591.933333,2.766028728,0.476860554,0.050211483,0.024843132,0.024843132,0.029621858,0.838647369,Uncertain,1515.310437721969,1507.8375,0,0,2024-02-12 00:00:00,,
INDUSINDBK.NSE,2024-01-29,1523.0,1564.85,1507.15,1533.75,1516.9096,14442695,1587.166667,1.406069516,0.279287305,0.033655361,-0.016556122,0.024843132,0.042007744,0.591380029,Uncertain,1520.938037711901,1512.025,0,0,0,,
INDUSINDBK.NSE,2024-02-05,1532.75,1550.45,1462.65,1486.25,1469.9312,15322614,1568.383333,1.143427946,0.299181524,0.05236815,0.018712789,0.043555921,0.016556122,2.630645624,Uncertain,1523.4379706829968,1513.6924999999999,0,0,0,,
INDUSINDBK.NSE,2024-02-12,1488.2,1506.5,1430.65,1493.65,1477.2499,15382423,1543.458333,2.394514483,0.862331193,0.032270604,-0.020097545,0.018712789,0.036653668,0.510515859,Uncertain,1522.3913243652507,1516.9325,0,0,0,,
INDUSINDBK.NSE,2024-02-19,1499.9,1526.8,1463.5,1480.3,1464.0465,16386157,1511.175,1.033963638,0.536424479,0.020431121,-0.011839483,0.018712789,0.031937028,0.58590934,Uncertain,1521.2136581717732,1519.2075,0,0,0,,
INDUSINDBK.NSE,2024-02-26,1481.0,1528.75,1440.0,1526.65,1509.8876,15348639,1505.433333,1.548834223,1.036360354,0.014093395,-0.006337726,0.0,0.038274755,0.0,Uncertain,1522.0725808338423,1522.355,0,0,0,,
INDUSINDBK.NSE,2024-03-04,1529.95,1571.5,1520.35,1563.75,1546.5802,13132313,1514.058333,3.79388729,2.479364985,0.03282018,0.018726785,0.018726785,0.018177209,1.030177633,Uncertain,1537.9127907134396,1527.0875,0,0,2024-03-26 00:00:00,,
INDUSINDBK.NSE,2024-03-11,1566.1,1568.75,1456.7,1484.35,1468.052,14415667,1505.825,4.178772434,1.905678862,0.014261285,-0.018558894,0.018726785,0.024896621,0.752151574,Uncertain,1538.1572177964488,1529.2400000000002,0,0,0,,
INDUSINDBK.NSE,2024-03-18,1487.25,1520.35,1422.7,1512.1,1495.4973,20206061,1510.133333,0.676540703,0.256375699,0.001302313,-0.012958972,0.018726785,0.031517866,0.594145247,Uncertain,1532.7359135856882,1532.3325,0,0,2024-04-08 00:00:00,,
INDUSINDBK.NSE,2024-03-26,1512.1,1564.5,1502.2,1553.0,1535.9483,21419267,1520.025,2.925938718,1.147648079,0.021693722,0.020391409,0.020391409,0.031517866,0.646958826,Uncertain,1532.01801409333,1535.0425,0,0,0,,
INDUSINDBK.NSE,2024-04-01,1553.0,1572.75,1511.2,1552.4,1535.3548,17570486,1532.041667,2.657129647,0.91821951,0.013288368,-0.008405354,0.020391409,0.021364326,0.954415982,Uncertain,1531.018683595887,1537.7400000000002,0,0,0,,
INDUSINDBK.NSE,2024-04-08,1560.0,1576.35,1541.0,1555.65,1538.5692,7826757,1536.875,2.56852379,0.98426132,0.012216348,-0.00107202,0.020391409,0.009477374,2.15136149,Uncertain,1527.4951373337524,1541.7125,0,1,2024-04-29 00:00:00,1576.35,
INDUSINDBK.NSE,2024-04-15,1544.95,1557.9,1444.4,1482.05,1465.7773,13678165,1523.258333,2.274181989,1.030424904,0.027052754,0.014836406,0.014836406,0.009477374,1.565290215,Uncertain,1520.6429539893334,1542.7625,0,0,0,,
INDUSINDBK.NSE,2024-04-22,1494.0,1519.0,1443.3,1446.4,1430.5187,16892043,1516.933333,0.136239782,0.052270375,0.046497319,0.019444565,0.034280971,0.00107202,31.94812504,Uncertain,1507.8561557304524,1539.635,0,0,0,,
INDUSINDBK.NSE,2024-04-29,1458.75,1537.0,1450.1,1483.7,1467.4092,16430728,1512.2,1.63999471,0.859077296,0.018846713,-0.027650606,0.034280971,0.027650606,1.239746124,Uncertain,1508.0207900888583,1535.2800000000002,0,0,0,,
INDUSINDBK.NSE,2024-05-06,1495.7,1510.0,1393.45,1410.15,1394.6667,14610592,1488.391667,1.451790803,0.877355434,0.052567928,0.033721215,0.05316578,0.027650606,1.92270136,Uncertain,1501.533533457982,1527.67,0,0,0,,
INDUSINDBK.NSE,2024-05-13,1415.35,1429.85,1377.25,1412.35,1396.8426,16760174,1465.05,2.402648374,1.74667965,0.035971469,-0.01659646,0.033721215,0.044247066,0.762094671,Uncertain,1494.4161835995258,1518.34,0,0,0,,
INDUSINDBK.NSE,2024-05-21,1420.0,1451.0,1391.85,1441.8,1425.9692,18349143,1446.075,0.340577079,0.241944108,0.002956278,-0.03301519,0.033721215,0.04961165,0.679689855,Uncertain,1490.1755345698737,1508.27,0,0,0,,
INDUSINDBK.NSE,2024-05-27,1447.85,1478.8,1439.15,1461.85,1445.7991,16981026,1442.708333,2.50166065,1.714931241,0.01326787,0.010311592,0.010311592,0.04961165,0.207841987,Uncertain,1487.8772514941397,1497.6625,0,0,0,,
INDUSINDBK.NSE,2024-06-03,1514.95,1534.9,1363.55,1492.1,1475.7169,34435840,1450.325,5.831451571,3.483191232,0.028803889,0.015536019,0.025847611,0.03301519,0.782876834,Uncertain,1483.7512678795829,1494.2125,0,0,2024-06-24 00:00:00,,
INDUSINDBK.NSE,2024-06-10,1498.5,1515.9,1473.0,1502.35,1485.8544,14727005,1453.433333,4.297869413,1.552090425,0.033655941,0.004852052,0.030699663,0.0,100.0,Uncertain,1480.893458217592,1493.73,0,0,0,,
INDUSINDBK.NSE,2024-06-18,1514.0,1550.0,1499.1,1527.15,1510.3821,22653379,1472.933333,5.232189735,1.613434392,0.036808636,0.003152695,0.023540766,0.0,100.0,Uncertain,1483.6101549121731,1493.4,0,0,2024-07-08 00:00:00,,
INDUSINDBK.NSE,2024-06-24,1507.15,1521.0,1460.5,1464.5,1464.5,25115710,1481.625,2.657555049,0.59509143,0.011558255,-0.025250381,0.008004747,0.025250381,0.317002353,Uncertain,1483.3400686957145,1492.3125,0,0,0,,
INDUSINDBK.NSE,2024-07-01,1468.95,1469.0,1420.65,1434.25,1434.25,20944621,1480.366667,0.76782779,0.170447858,0.031152192,0.019593937,0.022746631,0.025250381,0.90080744,Uncertain,1475.1992762856992,1489.3425000000002,0,0,0,,
INDUSINDBK.NSE,2024-07-08,1428.0,1450.95,1415.05,1434.55,1434.55,15634172,1475.816667,1.6849428,0.520227037,0.027961919,-0.003190273,0.019593937,0.028440653,0.688916942,Uncertain,1467.8042903404719,1487.0549999999998,0,0,0,,
INDUSINDBK.NSE,2024-07-15,1438.5,1460.85,1429.0,1432.45,1432.45,13186099,1465.875,0.34279867,0.132578452,0.022802081,-0.005159839,0.019593937,0.008350111,2.346266969,Uncertain,1463.7341787091711,1482.345,0,0,0,,
INDUSINDBK.NSE,2024-07-22,1428.0,1429.95,1359.05,1403.9,1403.9,18731157,1449.466667,1.346472266,0.987670326,0.03143685,0.00863477,0.00863477,0.008350111,1.033966534,Uncertain,1457.4699851043329,1474.3525,0,0,0,,
INDUSINDBK.NSE,2024-07-29,1415.0,1444.95,1392.7,1404.3,1404.3,19382625,1428.991667,1.116754821,1.078458354,0.017279084,-0.014157767,0.00863477,0.019317605,0.446966514,Uncertain,1453.5615942222869,1470.35,0,0,0,,
INDUSINDBK.NSE,2024-08-05,1388.0,1407.3,1329.2,1349.8,1349.8,23438774,1409.875,0.182640305,0.162673421,0.04261016,0.025331077,0.033965846,0.014157767,2.398926924,Uncertain,1443.5712849613967,1462.2350000000001,1,0,2024-08-26 00:00:00,,1329.2
INDUSINDBK.NSE,2024-08-12,1349.8,1371.65,1335.95,1364.15,1364.15,18666692,1398.191667,1.898285285,2.540645554,0.024346924,-0.018263236,0.025331077,0.032421003,0.781292782,Uncertain,1438.0947622153315,1452.7925,0,0,0,,
INDUSINDBK.NSE,2024-08-19,1370.05,1395.95,1345.55,1388.55,1388.55,22607399,1390.525,0.390140415,0.343421925,0.001420327,-0.022926597,0.025331077,0.041189834,0.614968781,Uncertain,1435.0807946865452,1444.6,0,0,0,,
INDUSINDBK.NSE,2024-08-26,1395.3,1430.0,1377.55,1425.25,1425.25,16350854,1389.325,2.927680708,3.264021087,0.025857881,0.024437554,0.024437554,0.041189834,0.593276504,Uncertain,1434.1302001667734,1438.0800000000002,0,0,0,,
INDUSINDBK.NSE,2024-09-02,1425.25,1451.9,1401.5,1409.35,1409.35,15331099,1390.233333,4.435706236,3.286471081,0.013750689,-0.012107191,0.024437554,0.035033789,0.69752251,Uncertain,1431.8516464612956,1434.4450000000002,0,0,0,,
INDUSINDBK.NSE,2024-09-09,1409.35,1470.95,1400.1,1464.05,1464.05,12275742,1400.191667,5.053474822,2.094311196,0.045606851,0.031856162,0.056293716,0.012107191,4.649225844,Continuation,1428.2669588338738,1435.3274999999999,0,0,0,,
INDUSINDBK.NSE,2024-09-16,1469.95,1498.0,1461.1,1480.2,1480.2,16525697,1421.925,5.350141533,1.671005114,0.040983174,-0.004623677,0.031856162,0.016730869,1.903921375,Uncertain,1427.6444008618637,1435.1525,0,1,2024-10-07 00:00:00,1498.0,
INDUSINDBK.NSE,2024-09-23,1490.2,1490.85,1432.25,1462.7,1462.7,19613685,1438.35,3.650015643,0.821751554,0.01692912,-0.024054054,0.031856162,0.028677731,1.110793982,Uncertain,1421.6618019799378,1437.7800000000002,0,0,0,,
INDUSINDBK.NSE,2024-09-30,1467.0,1474.8,1380.85,1382.85,1382.85,10526786,1437.4,2.601920134,0.562901733,0.037950466,0.021021346,0.021021346,0.028677731,0.732994279,Uncertain,1415.0488487281327,1436.3049999999998,0,0,0,,
INDUSINDBK.NSE,2024-10-07,1388.0,1394.05,1335.55,1347.6,1347.6,16007260,1424.458333,2.134729576,0.512676988,0.053956182,0.016005716,0.037027062,0.024054054,1.539263305,Uncertain,1408.9805524144656,1431.595,0,0,0,,
INDUSINDBK.NSE,2024-10-14,1354.6,1374.45,1331.0,1347.25,1347.25,11313509,1414.108333,2.804476319,0.816631213,0.047279499,-0.006676683,0.037027062,0.006676683,5.544896374,Uncertain,1404.5323204681467,1425.8650000000002,0,0,0,,
INDUSINDBK.NSE,2024-10-21,1352.05,1353.95,1025.5,1041.6,1041.6,74283130,1343.7,0.762819082,0.272651032,0.22482697,0.177547471,0.193553188,0.006676683,28.98508036,Uncertain,1336.4022443939032,1403.34,0,0,0,,
INDUSINDBK.NSE,2024-10-28,1051.4,1084.65,1018.1,1062.5,1062.5,32909125,1274.083333,14.8682059,7.161996233,0.166067107,-0.058759863,0.177547471,0.065436547,2.713235456,Uncertain,1302.7547704453339,1381.3475,0,0,0,,
INDUSINDBK.NSE,2024-11-04,1067.0,1098.6,1048.05,1053.8,1053.8,24147534,1205.933333,8.90043673,1.730741241,0.126154016,-0.039913091,0.177547471,0.098672954,1.79933472,Uncertain,1277.7442838685872,1357.6799999999998,0,0,0,,
INDUSINDBK.NSE,2024-11-11,1053.0,1067.8,1015.0,1017.15,1017.15,14567475,1144.983333,6.741000597,0.986393895,0.111646458,-0.014507559,0.0,0.113180513,0.0,Uncertain,1259.5947718478008,1335.3125,0,0,0,,
INDUSINDBK.NSE,2024-11-18,1015.5,1032.0,966.4,998.2,998.2,21779701,1086.75,5.037957212,0.644395336,0.081481481,-0.030164976,0.0,0.084585626,0.0,Uncertain,1235.258200756554,1313.51,0,0,0,,
INDUSINDBK.NSE,2024-11-25,1020.0,1022.05,987.3,995.85,995.85,23318576,1028.183333,0.596521373,0.067123673,0.031447051,-0.050034431,0.0,0.094706966,0.0,Uncertain,1207.2837164383675,1291.575,0,0,0,,
INDUSINDBK.NSE,2024-12-02,990.05,1011.5,979.0,990.35,990.35,25403915,1019.641667,0.798483127,0.150119625,0.028727412,-0.002719638,0.0,0.082919045,0.0,Uncertain,1179.7436671956402,1269.4699999999998,0,0,0,,
INDUSINDBK.NSE,2024-12-09,992.8,1005.5,965.55,986.65,986.65,23534734,1007.0,0.148957299,0.04522779,0.02020854,-0.008518872,0.0,0.061272941,0.0,Uncertain,1154.4238255216405,1248.6075,0,0,0,,
INDUSINDBK.NSE,2024-12-16,987.9,1007.95,926.45,929.45,929.45,17442362,986.275,2.197662924,1.335575792,0.057615777,0.037407236,0.037407236,0.01123851,3.328190906,Uncertain,1133.1410241820824,1224.865,0,0,2025-01-06 00:00:00,,
INDUSINDBK.NSE,2024-12-23,938.95,971.1,928.25,953.4,953.4,19668066,975.65,0.466355763,0.498559634,0.022805309,-0.034810467,0.037407236,0.043329339,0.86330356,Uncertain,1105.303088228232,1205.0449999999998,0,0,0,,
INDUSINDBK.NSE,2024-12-30,953.3,1025.4,948.85,997.9,997.9,24338895,975.6,5.104551046,5.65372708,0.022857729,5.24193e-05,0.037459656,0.034810467,1.076072299,Uncertain,1076.4630063671025,1186.7325,0,0,2025-01-20 00:00:00,,
INDUSINDBK.NSE,2025-01-06,1004.95,1004.95,933.05,937.6,937.6,19479472,965.8916667,4.043759221,2.042940532,0.029290724,0.006432996,0.006485415,0.034810467,0.186301115,Uncertain,1059.6961742643246,1164.185,0,0,0,,
INDUSINDBK.NSE,2025-01-13,936.9,990.65,934.5,970.95,970.95,25137450,962.6583333,2.907746778,0.984648087,0.008613302,-0.020677423,0.006485415,0.020677423,0.313632005,Uncertain,1039.6490861549055,1141.4699999999998,0,0,0,,
INDUSINDBK.NSE,2025-01-20,966.2,988.55,948.1,950.8,950.8,16792562,956.6833333,3.330952422,1.063997002,0.006149719,-0.002463583,0.006432996,0.023141006,0.277979184,Uncertain,1026.371492685694,1118.5425,0,0,0,,
INDUSINDBK.NSE,2025-01-27,947.0,1023.0,923.7,1009.4,1009.4,28117313,970.0083333,5.463011486,1.420161987,0.040609617,0.034459898,0.034459898,0.023141006,1.489062719,Uncertain,995.9908980766778,1095.81,0,0,2025-02-17 00:00:00,,
INDUSINDBK.NSE,2025-02-03,994.0,1086.55,990.1,1079.1,1079.1,26381676,990.9583333,9.646386074,2.450580677,0.088945886,0.048336269,0.082796167,0.002463583,33.59439101,Continuation,994.4776761925713,1075.7549999999999,0,1,2025-02-24 00:00:00,1086.55,
INDUSINDBK.NSE,2025-02-10,1076.0,1082.0,1018.2,1024.4,1024.4,21940255,995.375,8.70275022,1.630637207,0.029159864,-0.059786021,0.082796167,0.059786021,1.384851849,Uncertain,992.1574766927048,1053.84,0,0,0,,
INDUSINDBK.NSE,2025-02-17,1024.4,1055.8,1013.1,1043.75,1043.75,12290287,1013.066667,4.21821532,0.621626165,0.030287576,0.001127711,0.04946398,0.059786021,0.827336421,Uncertain,992.0210405508775,1036.885,0,0,0,,
INDUSINDBK.NSE,2025-02-24,1030.1,1063.3,970.1,990.1,990.1,68321317,1016.258333,4.628908332,0.660556314,0.025739846,-0.004547729,0.001127711,0.064333751,0.017528805,Uncertain,994.6653010722739,1019.0099999999999,0,0,0,,
INDUSINDBK.NSE,2025-03-03,978.95,1003.6,932.3,936.75,936.75,25038702,1013.916667,1.01750637,0.149653867,0.076107504,0.050367658,0.051495369,0.004547729,11.320825,Uncertain,991.5735362092291,998.4849999999999,0,0,0,,
INDUSINDBK.NSE,2025-03-10,895.0,913.35,606.0,672.35,672.35,257364730,957.7416667,4.635035544,0.998533015,0.297983973,0.221876469,0.272244126,0.004547729,59.85058808,Uncertain,876.8238288437707,980.0225,1,0,2025-04-01 00:00:00,,606.0
INDUSINDBK.NSE,2025-03-17,705.0,709.9,672.3,686.9,686.9,56657660,892.375,20.44824205,5.641024466,0.230256338,-0.067727634,0.272244126,0.067727634,4.019631124,Uncertain,855.548062565225,961.2425,0,0,0,,
INDUSINDBK.NSE,2025-03-24,692.0,693.75,633.6,649.85,649.85,87169177,829.95,16.41062715,2.136126452,0.217001024,-0.013255314,0.221876469,0.080982949,2.739758591,Uncertain,828.1701349055063,941.0450000000001,0,0,0,,
INDUSINDBK.NSE,2025-04-01,649.0,714.7,646.85,682.0,682.0,45614188,769.6583333,7.140614342,0.671877424,0.113892528,-0.103108496,0.0,0.184091445,0.0,Uncertain,815.4101110047266,924.2875,0,0,0,,
INDUSINDBK.NSE,2025-04-07,637.0,695.9,637.0,689.5,689.5,24285632,719.5583333,3.287896511,0.270416698,0.04177331,-0.072119218,0.0,0.188483028,0.0,Uncertain,804.6378371853144,908.8525,0,0,0,,
INDUSINDBK.NSE,2025-04-15,705.0,801.0,693.05,794.7,794.7,57692224,695.8833333,15.1055014,1.277761753,0.142001772,0.100228462,0.100228462,0.175227714,0.571986519,Uncertain,797.4582843923755,898.7950000000001,0,0,0,,
INDUSINDBK.NSE,2025-04-21,802.0,841.9,775.4,822.35,822.35,86297963,720.8833333,16.78727487,1.600898242,0.140753243,-0.00124853,0.100228462,0.073367748,1.366092039,Uncertain,793.9435424907887,890.3950000000001,0,0,0,,
INDUSINDBK.NSE,2025-04-28,828.0,863.5,810.05,856.45,856.45,43786829,749.1416667,15.26524801,1.442796195,0.14324171,0.002488467,0.10271693,0.00124853,82.20446725,Uncertain,793.1496947617309,883.885,0,0,2025-05-19 00:00:00,,
INDUSINDBK.NSE,2025-05-05,855.0,862.0,805.5,818.2,818.2,45713948,777.2,10.91096243,0.865161128,0.052753474,-0.090488236,0.002488467,0.091736766,0.027125878,Uncertain,788.740452526124,878.3225,0,0,0,,
INDUSINDBK.NSE,2025-05-12,835.0,838.0,750.0,780.2,780.2,69105516,793.5666667,5.599193515,0.385692524,0.016843785,-0.035909689,0.002488467,0.126397925,0.01968741,Uncertain,781.0874886588321,869.6625,0,0,0,,
INDUSINDBK.NSE,2025-05-19,779.9,799.7,725.8,793.4,793.4,74703615,810.8833333,1.37915442,0.113597887,0.021560849,0.004717064,0.004717064,0.126397925,0.037318861,Uncertain,774.4620943784766,859.4375,0,0,2025-06-09 00:00:00,,
INDUSINDBK.NSE,2025-05-26,793.35,827.6,790.75,816.95,816.95,35458589,814.5916667,1.59691461,0.192663053,0.002895111,-0.018665738,0.004717064,0.054575427,0.086430426,Uncertain,772.5068767755458,853.405,0,0,0,,
INDUSINDBK.NSE,2025-06-02,815.0,845.85,798.15,822.85,822.85,25495881,814.675,3.826679351,0.785514764,0.010034676,0.007139565,0.011856629,0.018665738,0.635174129,Uncertain,756.6582444584611,846.0,0,0,0,,
INDUSINDBK.NSE,2025-06-09,831.25,857.35,813.05,816.85,816.85,25322697,808.075,6.097825078,1.966732349,0.010859141,0.000824464,0.00796403,0.018665738,0.426642802,Uncertain,753.238775725981,839.3025,0,0,0,,
INDUSINDBK.NSE,2025-06-16,817.05,855.5,806.05,840.25,840.25,50782067,811.75,5.389590391,1.671116531,0.035109332,0.024250191,0.032214221,0.0,100.0,Uncertain,766.8811721578949,830.845,0,0,0,,
INDUSINDBK.NSE,2025-06-23,835.2,881.0,823.8,857.7,857.7,30720503,824.6666667,6.831042846,1.615762294,0.040056589,0.004947257,0.030021912,0.0,100.0,Uncertain,776.927986472865,819.775,0,0,0,,
INDUSINDBK.NSE,2025-06-30,864.75,892.8,845.55,856.25,856.25,26779662,835.1416667,6.90401828,1.247049061,0.025275153,-0.014781436,0.029197448,0.014781436,1.975144608,Uncertain,796.6064579877424,811.3675000000001,0,1,2025-07-21 00:00:00,892.8,
INDUSINDBK.NSE,2025-07-07,847.0,867.7,839.55,858.85,858.85,14455957,842.125,3.036960071,0.481627577,0.019860472,-0.005414681,0.004947257,0.020196117,0.24494867,Uncertain,806.6201433999368,802.1225000000001,0,0,0,,
INDUSINDBK.NSE,2025-07-14,858.8,890.9,857.45,870.05,870.05,16809798,849.9916667,4.812792282,0.868671895,0.023598271,0.003737799,0.003737799,0.020196117,0.18506595,Uncertain,813.799408307892,796.12,0,0,0,,
INDUSINDBK.NSE,2025-07-21,870.05,884.65,821.4,823.7,823.7,21888772,851.1333333,3.937886739,0.729751358,0.032231534,0.008633264,0.012371062,0.005414681,2.28430416,Uncertain,820.1100697953324,790.4675,0,0,0,,
INDUSINDBK.NSE,2025-07-28,825.0,828.75,779.7,783.7,783.7,35127396,841.7083333,1.539527746,0.329457729,0.06891738,0.036685846,0.049056908,0.0,100.0,Uncertain,819.7159131770354,796.035,0,0,0,,
INDUSINDBK.NSE,2025-08-04,783.0,848.7,779.0,782.45,782.45,32257447,829.1666667,2.355778894,0.707060675,0.056341709,-0.012575672,0.04531911,0.012575672,3.60342629,Uncertain,816.6225487643107,800.8125,0,0,0,,
INDUSINDBK.NSE,2025-08-11,784.5,791.35,765.7,769.75,769.75,9065529,814.75,2.87204664,0.908445325,0.055231666,-0.001110042,0.036685846,0.013685714,2.680398337,Uncertain,814.6611043033884,806.8075000000001,0,0,0,,
INDUSINDBK.NSE,2025-08-18,777.5,795.9,758.75,760.1,760.1,13977325,798.2916667,0.2995981,0.111944468,0.047841745,-0.007389921,0.0,0.021075635,0.0,Uncertain,817.4310760439645,810.7125000000001,0,0,0,,
INDUSINDBK.NSE,2025-08-25,767.95,775.0,738.0,739.5,739.5,11721363,776.5333333,0.197458791,0.111764624,0.047690591,-0.000151155,0.0,0.008651118,0.0,Uncertain,824.6940215503868,813.2125,0,0,0,,
INDUSINDBK.NSE,2025-09-01,742.4,773.4,741.5,757.05,757.05,8975160,765.425,1.041904824,0.727983387,0.010941634,-0.036748957,0.0,0.044290032,0.0,Uncertain,824.241498273601,811.33,0,0,0,,
INDUSINDBK.NSE,2025-09-08,759.5,760.5,745.1,751.25,751.25,5028405,760.0166667,0.063595097,0.057669441,0.011534835,0.000593201,0.000593201,0.036900112,0.016075424,Uncertain,823.2117946874932,807.775,0,0,0,,
