symbol,date,open,high,low,close,adjusted_close,volume,sma,diff,diff/avg_diff,momentum,delta_m,CF,DDF,TSR,Class,avg_diff,diff_over_avg,delta_momentum,DF,swing,market_regime
INDUSINDBK.NSE,01-01-2020,1512.0,1538.0,1480.8,1528.85,1476.4167,7124029,,,,,,,,,,,,,,,neutral
INDUSINDBK.NSE,06-01-2020,1515.05,1521.65,1439.05,1491.25,1440.1062,16773537,,,,,,,,,,,,,,,neutral
INDUSINDBK.NSE,13-01-2020,1499.8,1585.0,1317.05,1352.25,1305.8734,53414908,,,,,,,,,,,,,,,neutral
INDUSINDBK.NSE,20-01-2020,1367.9,1367.9,1307.65,1316.1,1270.9631,22509572,,,,,,,,,,,,,,,neutral
INDUSINDBK.NSE,27-01-2020,1311.5,1312.0,1221.55,1258.85,1215.6766,29794262,,,,,,,,,,,,,,,neutral
INDUSINDBK.NSE,03-02-2020,1222.0,1346.05,1216.05,1298.8,1254.2565,28169735,,,,,,,,,,,,,,,neutral
INDUSINDBK.NSE,10-02-2020,1304.0,1309.9,1171.2,1176.0,1135.668,34410248,,,,,0.051100202,,,,,,,,,,neutral
INDUSINDBK.NSE,17-02-2020,1176.0,1209.0,1108.45,1182.2,1141.6554,51136273,,,,,-0.04133179,,,,,,,,,,neutral
INDUSINDBK.NSE,24-02-2020,1170.0,1189.5,1085.05,1104.05,1066.1856,36234891,,,,,0.032274868,,0.04133179,,,,,,,,neutral
INDUSINDBK.NSE,02-03-2020,1130.0,1136.95,913.8,1014.8,979.9965,41472332,,,1.267619005,,0.037447302,,0.04133179,,Uncertain,,,,,,neutral
INDUSINDBK.NSE,09-03-2020,950.0,969.95,551.1,803.75,776.1847,64080350,,,4.390074363,,0.132590684,,0.0,,Uncertain,,,,,,neutral
INDUSINDBK.NSE,16-03-2020,747.0,758.7,374.8,440.35,425.2478,168260118,,,3.776093076,,0.271134544,,0.0,,Uncertain,,,,,,neutral
INDUSINDBK.NSE,23-03-2020,396.35,538.55,235.55,411.1,397.0009,173300744,,,3.690537222,,-0.035861906,,0.035861906,,Uncertain,,,,,,neutral
INDUSINDBK.NSE,30-03-2020,370.0,427.7,310.2,313.2,302.4585,124811826,,,2.132245767,,0.037903413,,0.035861906,,Uncertain,,,,,,neutral
INDUSINDBK.NSE,07-04-2020,344.5,441.4,344.5,395.4,381.8394,134744321,,,0.831254444,,-0.242413097,,0.278275003,,Uncertain,,,,,,neutral
INDUSINDBK.NSE,13-04-2020,388.0,478.9,371.25,474.45,458.1783,109258359,,,0.043430149,,-0.294838477,,0.537251574,,Uncertain,,,,,,neutral
INDUSINDBK.NSE,20-04-2020,479.5,481.0,380.0,382.9,369.7681,113813789,,,0.8173151,,0.046662923,,0.537251574,,Uncertain,,,,,,neutral
INDUSINDBK.NSE,27-04-2020,394.2,491.85,387.0,468.15,452.0944,161392358,,,1.041638108,,0.09910028,,0.294838477,,Uncertain,,,,,,neutral
INDUSINDBK.NSE,04-05-2020,444.0,477.7,408.5,440.35,425.2478,109101031,,,1.006393109,,-0.08098796,,0.08098796,,Uncertain,,,,,,neutral
INDUSINDBK.NSE,11-05-2020,450.0,480.0,417.1,418.7,404.3403,96750493,863.575,106.25149271554815,0.814085552,0.5151550241727703,-0.041492231,,0.12248019,,Uncertain,,,,,,neutral
INDUSINDBK.NSE,18-05-2020,418.5,418.7,330.0,338.35,326.746,137413668,804.05,137.63853997340027,0.025119406,0.5791928362664013,0.169070571,,0.12248019,,Uncertain,,,0.06403781209363102,,,neutral
INDUSINDBK.NSE,26-05-2020,344.9,405.8,342.0,393.65,380.1494,134406984,749.17,90.3137304712308,0.024615129,0.4745518373666858,-0.162490182,,0.203982413,,Uncertain,,,-0.10464099889971545,,,neutral
INDUSINDBK.NSE,01-06-2020,402.3,452.25,401.05,422.35,407.8651,131788735,702.675,66.37267668994909,1.326522721,0.39893976589461694,-0.011664307,0.06403781209363102,0.174154489,,Uncertain,,,-0.07561207147206889,0.18025307037178434,,neutral
INDUSINDBK.NSE,08-06-2020,455.0,548.5,444.0,528.45,510.3263,262142887,663.2925,25.516605166051654,5.432720186,0.20329266500073492,0.226222267,0.0,0.174154489,,Uncertain,,,-0.19564710089388201,0.3759001712656663,,neutral
INDUSINDBK.NSE,15-06-2020,525.0,525.0,456.3,483.65,467.0628,203443872,624.5325,29.129018918639527,2.210251216,0.22558073438932327,-0.124871809,0.02228806938858835,0.136536116,,Continuation,,,0.02228806938858835,0.2712591723659509,,neutral
INDUSINDBK.NSE,22-06-2020,490.05,530.45,461.0,492.55,475.6575,188167082,584.22,18.61130849659933,1.292170861,0.15691006812502142,-0.01109387,0.02228806938858835,0.135965679,0.18644955508474237,Uncertain,,,-0.06867066626430185,0.2643177671581839,,neutral
INDUSINDBK.NSE,29-06-2020,482.0,508.0,472.0,487.2,470.491,96148997,549.78,12.844827586206886,0.425699288,0.11382734912146675,-0.070351615,0.02228806938858835,0.206317294,0.12797936529606302,Uncertain,,,-0.043082719003554676,0.11175338526785653,,neutral
INDUSINDBK.NSE,06-07-2020,498.0,577.5,492.45,539.25,520.7559,202418638,517.6324999999999,4.176225410885159,0.870694485,0.04176225410885148,0.05441723,0.0,0.081445485,0.12797936529606302,Uncertain,,,-0.07206509501261527,0.1838184802804718,,neutral
INDUSINDBK.NSE,13-07-2020,549.7,555.0,490.25,520.8,502.9387,96517139,488.46999999999997,6.618625504125131,0.540645066,0.06618625504125122,-0.071611726,0.024424000932399742,0.141963341,0.17003910112006293,Uncertain,,,0.024424000932399742,0.11514781401616994,,neutral
INDUSINDBK.NSE,20-07-2020,524.95,541.65,500.0,522.25,504.339,91028739,463.84250000000003,12.592097533106594,0.490447447,0.12592097533106597,0.004940768,0.08415872122221449,0.071611726,0.5095322240256237,Uncertain,,,0.05973472028981475,0.07206509501261527,,neutral
INDUSINDBK.NSE,27-07-2020,522.55,564.75,505.0,523.75,505.7875,91325390,449.84250000000003,16.429639262630815,0.941177412,0.16429639262630802,-0.010453038,0.12253413851745654,0.082064763,2.9421067938927514,Uncertain,,,0.03837541729524205,0.0,,neutral
INDUSINDBK.NSE,03-08-2020,521.95,521.95,483.25,509.0,491.5434,83238374,453.275,12.29386134245216,0.088417467,0.1229386134245216,-0.002821262,0.0981101375850568,0.0132743,3.6071239927084666,Uncertain,,,-0.04135777920178642,0.04135777920178642,,neutral
INDUSINDBK.NSE,10-08-2020,512.0,530.45,500.15,507.2,489.8051,51182854,458.0799999999999,10.723017813482372,0.291410172,0.10723017813482376,0.009765053,0.03837541729524205,0.0132743,3.7388796592177065,Uncertain,,,-0.015708435289697842,0.05706621449148426,,neutral
INDUSINDBK.NSE,17-08-2020,510.0,530.0,502.5,513.55,495.9373,43132461,468.0975,9.710049722547097,0.555673858,0.09710049722547104,-0.020393444,0.0,0.023214706,3.368738479966346,Uncertain,,,-0.01012968090935272,0.06719589540083698,,neutral
INDUSINDBK.NSE,24-08-2020,518.0,689.0,516.0,665.65,642.8209,164663526,481.61,38.21349224476236,7.15733415,0.3821349224476235,0.227227938,0.28503442522215244,0.020393444,3.368738479966346,Continuation,,,0.28503442522215244,0.025838116199050562,,neutral
INDUSINDBK.NSE,31-08-2020,705.0,712.0,588.7,616.15,595.0186,160976065,488.695,26.080684271375798,3.392061308,0.26080684271375804,-0.123736739,0.28503442522215244,0.144130183,3.4502947707042417,Continuation,,,-0.12132807973386545,0.13145776064321818,,neutral
INDUSINDBK.NSE,07-09-2020,621.5,627.8,588.65,610.35,589.4175,71588446,500.0675,22.05352277442545,0.669125436,0.22053522774425457,-0.038221114,0.28503442522215244,0.161957853,3.865999160851499,Uncertain,,,-0.04027161496950346,0.1615996947033689,,neutral
INDUSINDBK.NSE,14-09-2020,617.1,641.0,600.0,613.2,592.1697,60401004,507.32000000000005,20.870456516597024,0.530577246,0.20870456516597016,-0.026775846,0.0,0.188733699,3.865999160851499,Uncertain,35.86496754985659,0.5819176188458723,-0.011830662578284412,0.17343035728165332,,neutral
INDUSINDBK.NSE,21-09-2020,612.9,617.4,485.0,514.85,497.1927,102317407,511.04499999999996,0.7445528280288549,0.258334857,0.0074455282802885535,0.082410426,0.0,0.06499696,1.3659991608514992,Uncertain,31.121576649914864,0.02392400733434216,-0.2012590368856816,0.2533613144334695,,neutral
INDUSINDBK.NSE,28-09-2020,522.9,597.05,516.15,592.2,571.89,114362220,519.72,13.945970907411676,0.0640153,0.13945970907411687,-0.109441504,0.13201418079382832,0.13621735,0.8416593388081879,Uncertain,23.516355141838673,0.5930328413266718,0.13201418079382832,0.21308969946396603,,neutral
INDUSINDBK.NSE,05-10-2020,593.2,638.5,592.0,623.05,601.6819,127748587,533.9549999999999,16.68586304089297,1.179488515,0.16685863040892968,0.030813527,0.15941310212864113,0.109441504,0.5052455672148045,Uncertain,19.27370183273761,0.8657321352014986,0.02739892133481281,0.2012590368856816,,neutral
INDUSINDBK.NSE,12-10-2020,628.2,632.5,593.35,608.3,587.4378,64253010,544.6875,11.678714859437743,1.186806098,0.11678714859437743,-0.022538067,0.15941310212864113,0.131979571,1.4419456488187925,Uncertain,16.513323296678934,0.7072298319131498,-0.050071481814552246,0.050071481814552246,,neutral
INDUSINDBK.NSE,19-10-2020,607.55,647.8,599.55,608.15,587.2929,79222971,553.9775,9.778826757404403,1.882471218,0.0977882675740441,0.000380437,0.02739892133481281,0.022538067,1.566722741767026,Uncertain,15.744551612978162,0.6210927435585882,-0.018998881020333327,0.06907036283488557,,neutral
INDUSINDBK.NSE,26-10-2020,617.0,633.3,571.0,585.7,565.6129,80705765,556.84,5.182817326341493,1.268738703,0.051828173263415,-0.019933836,0.0,0.042471903,1.3444890742567261,Uncertain,14.66954093735399,0.3533046704375155,-0.0459600943106291,0.11503045714551467,,neutral
INDUSINDBK.NSE,02-11-2020,590.0,747.0,590.0,738.65,713.3173,139614252,569.59,29.680998613037435,2.524683515,0.29680998613037435,0.174826312,0.24498181286695936,0.019933836,2.23423748238012,Continuation,13.923513650117442,2.131717564896924,0.24498181286695936,0.06495897533096243,bullish,bullish
INDUSINDBK.NSE,09-11-2020,746.05,870.0,735.05,770.45,744.0267,196470408,583.4849999999999,32.042811726094115,3.066158312,0.32042811726094106,-0.004962422,0.26859994399752607,0.024896258,2.981589233142824,Continuation,14.858856484941363,2.1564789833300932,0.02361813113056671,0.0459600943106291,bullish,bullish
INDUSINDBK.NSE,17-11-2020,777.9,845.9,772.25,811.0,783.186,95586149,599.675,35.239921624213125,1.344919369,0.3523992162421313,0.005449365,0.3005710429787163,0.004962422,5.356812140194591,Uncertain,16.407000169119637,2.147858917594198,0.031971098981190216,0.0,bullish,bullish
INDUSINDBK.NSE,23-11-2020,836.0,880.9,832.5,857.65,828.2361,110411189,615.595,39.32049480583824,1.010992208,0.39320494805838246,-0.003302807,0.09639496192800812,0.00826523,7.766686188394793,Uncertain,17.99707217579119,2.184827310896175,0.04080573181625119,0.0,bullish,bullish
INDUSINDBK.NSE,01-12-2020,863.0,920.0,858.1,913.65,882.3155,52037958,635.2375,43.82809579094433,0.750660831,0.4382809579094434,-0.005048067,0.11785284064850232,0.008350874,9.093925880566895,Uncertain,19.4819831353874,2.249673223016719,0.045076009851060916,0.0,bullish,bullish
INDUSINDBK.NSE,07-12-2020,915.0,953.5,905.0,923.75,892.0691,54121700,655.3125,40.963280877443964,0.594316722,0.4096328087744397,-0.066921047,0.0858817416673121,0.075271921,8.160029971026601,Uncertain,21.00411960918259,1.9502498385857419,-0.028648149135003687,0.028648149135003687,,bullish
INDUSINDBK.NSE,14-12-2020,927.0,948.0,887.55,905.2,874.1553,48335366,674.385,34.22599850233918,0.513439112,0.3422599850233918,-0.05700117,0.045076009851060916,0.128970284,5.815649874255078,Uncertain,22.59686513890436,1.5146348084988692,-0.06737282375104792,0.0960209728860516,,bullish
INDUSINDBK.NSE,21-12-2020,905.2,906.0,813.65,852.8,823.5524,62714926,691.575,23.31272819289303,0.208155759,0.2331272819289302,-0.020177462,0.0,0.144099679,3.405775826054875,Uncertain,23.902586288285292,0.9753224153956364,-0.10913270309446158,0.20515367598051318,,bullish
INDUSINDBK.NSE,28-12-2020,855.0,922.7,853.0,900.15,869.2785,48707182,711.2225000000001,26.563768722164994,0.302968431,0.2656376872216499,-0.0190622,0.032510405292719674,0.096240833,0.9709381209510137,Uncertain,24.658290647748956,1.0772753513873432,0.032510405292719674,0.1765055268455095,,bullish
INDUSINDBK.NSE,04-01-2021,910.0,976.0,883.0,939.8,907.5687,51660095,732.535,28.294211198099738,1.013963721,0.2829421119809975,0.028520334,0.0498148300520673,0.039239663,0.3746527621076109,Uncertain,24.011083785382436,1.1783812613791635,0.017304424759347625,0.10913270309446158,,neutral
INDUSINDBK.NSE,11-01-2021,942.9,983.0,906.55,965.9,932.7736,50781395,747.5475,29.209180687514834,1.23639623,0.29209180687514835,0.018659202,0.05896452494621815,0.0190622,1.6931459825345883,Uncertain,24.13405750353376,1.2102888494086816,0.00914969489415085,0.0,,neutral
INDUSINDBK.NSE,18-01-2021,959.0,967.0,890.0,893.3,862.6635,43565143,761.405,17.322581280658778,1.154047882,0.1732258128065878,-0.038251112,0.026454119653498476,0.038251112,1.7689345502486176,Uncertain,24.531594054260953,0.7061335371172088,-0.11886599406856055,0.11886599406856055,,neutral
INDUSINDBK.NSE,25-01-2021,906.0,912.35,789.0,846.1,817.0822,60735219,773.1925,9.42941117509546,0.225815964,0.09429411175095469,0.0417103,0.00914969489415085,0.038251112,1.7202797855149397,Uncertain,24.334489874486607,0.3874916311675671,-0.07893170105563312,0.19779769512419365,,neutral
INDUSINDBK.NSE,08-02-2021,1036.05,1059.5,1003.6,1027.4,992.1644,42680855,793.9024999999999,29.41135718806782,1.443255116,0.29411357188067827,-0.022238368,0.19981946012972357,0.022238368,1.926915861731138,Uncertain,24.816982004879193,1.1851302943397928,0.19981946012972357,0.19779769512419365,,neutral
INDUSINDBK.NSE,15-02-2021,1044.9,1096.5,1026.2,1065.9,1029.344,60328695,821.4550000000002,29.757564321843553,1.43426766,0.29757564321843544,0.016238598,0.20328153146748074,0.022238368,1.2817706978252743,Uncertain,25.676170131582314,1.1589565020540593,0.0034620713377571666,0.07893170105563312,,neutral
INDUSINDBK.NSE,22-02-2021,1064.95,1119.5,1018.0,1062.95,1026.4952,48370283,844.9925,25.79401592321826,1.256269097,0.25794015923218266,-0.020990109,0.20328153146748074,0.043228477,2.627011995643744,Uncertain,26.402375758301794,0.976958140409306,-0.03963548398625277,0.03963548398625277,,neutral
INDUSINDBK.NSE,01-03-2021,1075.0,1116.0,1025.45,1039.9,1004.2357,37026229,865.835,20.10371491103964,0.755465108,0.20103714911039638,-0.048821026,0.0034620713377571666,0.069811135,2.6224016143826434,Uncertain,27.18655915073404,0.7394725753846211,-0.05690301012178628,0.09653849410803905,,neutral
INDUSINDBK.NSE,08-03-2021,1054.0,1060.0,1005.0,1022.65,987.5773,35006170,886.5525000000001,15.351318731829178,0.15382201,0.15351318731829175,-0.011059814,0.0,0.08087095,2.2618949741834493,Uncertain,27.76016404815822,0.5529981272876404,-0.047523961792104635,0.1440624559001437,,neutral
INDUSINDBK.NSE,15-03-2021,1027.8,1049.9,981.1,1011.9,977.196,30529904,906.74,11.597591371286153,0.114145738,0.11597591371286142,0.008270069,0.0,0.059880841,1.4329270144338593,Uncertain,28.32508079290754,0.4094460120371531,-0.03753727360543033,0.14196424551932124,,neutral
INDUSINDBK.NSE,22-03-2021,1006.0,1011.85,928.85,952.75,920.0746,37757320,925.0925,2.9897010298970184,0.206179558,0.029897010298970135,0.045834354,0.0,0.011059814,0.011897148901360384,Uncertain,27.32044705725469,0.10943089707249615,-0.0860789034138913,0.17114013881142626,,neutral
INDUSINDBK.NSE,30-03-2021,966.0,997.0,950.0,993.3,959.2339,18217878,937.825,5.915282701996638,0.453681907,0.05915282701996631,-0.051075667,0.029255816720996176,0.051075667,0.08095088528476936,Uncertain,25.706385351910406,0.23010946972974697,0.029255816720996176,0.12361617701932162,,neutral
INDUSINDBK.NSE,05-04-2021,985.0,988.95,917.45,923.65,891.9726,32789964,945.485,2.3639906891138374,0.117014801,0.02309396764623451,0.047345939,0.029255816720996176,0.051075667,0.16277202123320678,Uncertain,24.0772387451206,0.0981836295323904,-0.0360588593737318,0.12213776278762309,,neutral
INDUSINDBK.NSE,12-04-2021,884.0,890.0,841.0,862.95,833.3543,29654951,948.0825000000001,9.865287675995148,6.849212824,0.08979440080372757,0.034544404,0.09595624987848922,0.051075667,0.8801856509817824,Uncertain,22.024099627524798,0.44793148609198646,0.06670043315749305,0.0360588593737318,,neutral
INDUSINDBK.NSE,19-04-2021,829.95,864.8,811.0,850.0,820.8485,34203214,947.7,11.494117647058832,2.728900468,0.10309169568428832,-0.013817449,0.0799977280380538,0.013817449,1.4782859364357805,Uncertain,20.137276954472068,0.5707880798901278,0.01329729488056075,0.0360588593737318,,neutral
INDUSINDBK.NSE,26-04-2021,857.0,958.85,851.45,934.95,902.885,39521253,948.7650000000001,1.4776191240173375,1.034489558,0.014561034608148544,-0.071706491,0.0799977280380538,0.08552394,1.693425847284658,Uncertain,18.50010121945067,0.07987086700173271,-0.08853066107613977,0.08853066107613977,,neutral
INDUSINDBK.NSE,03-05-2021,929.0,967.7,899.0,926.2,894.4351,39454901,948.8875,2.4495249406175867,1.20170647,0.02390957832198232,-0.004645164,0.022645838594394528,0.090169104,1.6954223964502122,Uncertain,16.6807468095439,0.14684743846217302,0.009348543713833776,0.08853066107613977,,neutral
INDUSINDBK.NSE,10-05-2021,939.0,957.0,888.1,890.85,860.2975,22063800,948.1700000000001,6.4343043161026126,1.063470471,0.06045329424048435,-0.003974279,0.045892259632335806,0.080325933,1.1478670367320876,Uncertain,15.521679962195268,0.4145365921584556,0.03654371591850203,0.08853066107613977,,neutral
INDUSINDBK.NSE,17-05-2021,897.1,1020.0,897.1,1016.0,981.1554,42917125,956.3300000000002,6.239478004454502,1.958063222,0.06239478004454512,0.10414335,0.047833745436396576,0.008619442,1.7456103871880038,Uncertain,14.403376384080689,0.43319551180726457,0.001941485804060769,0.0,,neutral
INDUSINDBK.NSE,24-05-2021,1018.9,1025.5,982.4,1019.35,984.3905,22758190,962.29,5.9296054204034165,1.296289478,0.05929605420403419,-0.027291294,0.0384852017225628,0.031265572,2.2503488611650155,Uncertain,13.178113428878177,0.44995859630479673,-0.0030987258405109283,0.0030987258405109283,,neutral
INDUSINDBK.NSE,31-05-2021,1015.0,1037.25,964.05,1009.3,974.6851,29663827,965.765,4.5078254026600595,0.889766368,0.04507825402660064,-0.040217798,0.001941485804060769,0.067509091,2.1893660153632597,Uncertain,11.884803691816433,0.3792932150628648,-0.01421780017743355,0.017316526017944478,,neutral
INDUSINDBK.NSE,07-06-2021,1018.0,1035.7,997.25,1015.1,980.2862,17396484,968.225,4.841333367760603,0.6612684,0.048413333677605926,-0.008326514,0.003335079651005282,0.075835605,2.058733377456888,Uncertain,11.17287280970539,0.43331141866710826,0.003335079651005282,0.017316526017944478,,neutral
INDUSINDBK.NSE,14-06-2021,1012.0,1050.0,960.0,995.4,961.2618,24355875,973.3299999999999,2.2674735187449224,0.702250202,0.022674735187449325,-0.031940383,0.003335079651005282,0.080484695,0.88606826410683,Uncertain,10.917979598186788,0.2076825202275973,-0.0257385984901566,0.039956398667590154,,neutral
INDUSINDBK.NSE,21-06-2021,977.0,1021.7,968.05,1012.9,978.1617,17063625,981.6700000000001,3.181313476015357,0.145250338,0.031813134760153516,-0.002899102,0.012473479223709474,0.043165999,0.2019004014369492,Uncertain,9.409986061002183,0.33807844723592934,0.009138399572704192,0.0257385984901566,,neutral
INDUSINDBK.NSE,28-06-2021,1019.0,1027.55,1000.0,1009.65,975.0231,14563224,980.7825,2.943313119881319,0.340409773,0.02943313119881314,-0.000913971,0.009138399572704192,0.035753456,0.25985887520750783,Uncertain,7.933527680678395,0.37099676692999656,-0.0023800035613403756,0.028118602051496976,,neutral
INDUSINDBK.NSE,05-07-2021,1012.0,1061.0,1012.0,1039.95,1004.284,16559751,979.4849999999999,6.173142008300303,1.293129535,0.06173142008300296,0.025251482,0.04143668845689401,0.003813073,1.117764102828909,Uncertain,6.66404419160412,0.9263356950840312,0.03229828888418982,0.0023800035613403756,,neutral
INDUSINDBK.NSE,12-07-2021,1045.4,1067.4,1041.05,1044.3,1008.4848,9640011,978.5525000000001,6.718852590944269,1.406085238,0.06718852590944259,-0.001602953,0.03775539471062945,0.002516923,1.9120140712550802,Uncertain,5.890123474785267,1.1406980888782157,0.005457105826439629,0.0023800035613403756,,neutral
INDUSINDBK.NSE,19-07-2021,1024.0,1034.7,977.0,989.3,955.3711,12029295,976.0225,1.3603682292160135,0.633793278,0.013603682292160189,0.001284791,0.037755394710629456,0.001602953,2.0058995619353217,Uncertain,5.4105420225138845,0.25142919573591066,-0.0535848436172824,0.0535848436172824,,neutral
INDUSINDBK.NSE,26-07-2021,989.3,1009.8,963.05,981.0,947.3557,21042946,973.9399999999999,0.7248906503480868,0.092780593,0.007248906503480769,0.005885713,0.005457105826439629,0.001602953,1.9529709442212684,Uncertain,4.841807403509987,0.1497148874245988,-0.00635477578867942,0.05993961940596182,,neutral
INDUSINDBK.NSE,02-08-2021,991.8,1048.0,985.45,1029.5,994.1924,23221369,974.82,5.609240680330729,1.101917024,0.056092406803307224,-0.017776064,0.04884350029982645,0.017776064,1.3052413788402069,Uncertain,4.715984604646158,1.1894103035884684,0.04884350029982645,0.05993961940596182,,neutral
INDUSINDBK.NSE,09-08-2021,1031.0,1055.0,1020.0,1024.15,989.0258,14702579,978.3900000000001,4.67707151544885,1.438277812,0.04677071515448848,-0.007661539,0.04884350029982645,0.025437603,1.092619930846415,Uncertain,4.6989822701091635,0.9953371276159753,-0.009321691648818742,0.015676467437498162,,neutral
INDUSINDBK.NSE,16-08-2021,1024.95,1029.9,970.65,979.45,950.5229,10024223,977.6975,0.1792476711866442,0.963936974,0.0017924767118664563,0.022266895,0.04884350029982645,0.025437603,1.1516587999201364,Uncertain,4.827486760461108,0.037130639622825805,-0.044978238442622026,0.05429993009144077,,neutral
INDUSINDBK.NSE,23-08-2021,988.1,1013.9,964.1,990.2,960.9554,11870605,981.025,0.935246298514314,0.644516077,0.00935246298514316,-0.019532553,0.0075599862732767045,0.027194092,1.1655205305231693,Uncertain,4.289373426860635,0.21803797558349092,0.0075599862732767045,0.05429993009144077,,neutral
INDUSINDBK.NSE,30-08-2021,995.3,1028.65,990.0,1003.75,974.1052,17362168,988.0649999999999,1.5874461700394304,1.039351636,0.015874461700394266,-0.006337552,0.01408198498852781,0.025870106,1.0058457439214885,Uncertain,3.7027694630526065,0.428718608025551,0.006521998715251106,0.044978238442622026,,neutral
INDUSINDBK.NSE,06-09-2021,1006.0,1021.8,984.15,999.5,969.9807,18412372,995.54,0.3977740723627443,0.68957219,0.0039777407236274145,0.002498196,0.01408198498852781,0.025870106,0.5995681278153007,Uncertain,3.7088709656093894,0.1072493694310521,-0.011896720976766851,0.011896720976766851,,neutral
INDUSINDBK.NSE,13-09-2021,1004.0,1186.5,992.65,1130.0,1096.6265,49311272,1005.2924999999999,12.405096029265117,7.962493137,0.12405096029265125,0.101665111,0.12659521828427495,0.006337552,2.114736154419246,Continuation,3.594884806261899,3.4507631531493823,0.12007321956902384,0.011896720976766851,bullish,bullish
INDUSINDBK.NSE,20-09-2021,1115.0,1189.35,1084.6,1163.05,1128.7004,24368841,1017.135,14.34568665909639,2.508373086,0.1434568665909638,0.00711746,0.13947912586733638,0.0,4.0394023175297615,Continuation,3.926595456993149,3.6534669324152436,0.019405906298312542,0.011896720976766851,bullish,bullish
INDUSINDBK.NSE,27-09-2021,1172.0,1177.95,1091.3,1104.05,1071.4429,17463341,1027.795,7.4192810823169975,1.227337436,0.07419281082316986,-0.077108427,0.13947912586733638,0.077108427,4.5834225291300985,Uncertain,4.376940382251032,1.695083879232851,-0.06926405576779393,0.06926405576779393,,bullish
INDUSINDBK.NSE,04-10-2021,1107.5,1186.15,1106.0,1174.4,1139.7152,16764090,1035.715,13.390266627402347,0.777871182,0.13390266627402345,0.035159122,0.07911576174916612,0.077108427,4.7443687882770575,Uncertain,4.4597001412462305,3.0025038014462866,0.05970985545085358,0.06926405576779393,bullish,bullish
INDUSINDBK.NSE,11-10-2021,1172.65,1215.0,1160.05,1210.0,1174.2638,9441402,1045.2475,15.762056355073796,0.613774904,0.15762056355073803,-0.001098019,0.08342775272756817,0.078206446,3.3386829321798075,Uncertain,4.953169098176358,3.182216484568843,0.023717897276714583,0.06926405576779393,bullish,bullish
INDUSINDBK.NSE,18-10-2021,1221.0,1240.0,1165.2,1196.4,1161.0655,16270442,1054.6025000000002,13.445587318444607,0.658361086,0.13445587318444616,-0.041904976,0.08342775272756817,0.043002995,2.204668425604377,Uncertain,5.559875930804869,2.418325064404481,-0.023164690366291874,0.023164690366291874,bearish,bearish
INDUSINDBK.NSE,25-10-2021,1205.95,1242.0,1122.0,1140.2,1106.5253,33691095,1060.8575,7.479091206877442,0.805374031,0.07479091206877451,-0.007712122,0.023717897276714583,0.050715117,1.6638030001142585,Uncertain,6.180882253010406,1.2100361891273275,-0.05966496111567164,0.08282965148196351,,bearish
INDUSINDBK.NSE,01-11-2021,1158.0,1240.1,1146.05,1189.1,1153.981,17494359,1070.5425,11.07452529908901,0.838225425,0.11074525299089003,-0.003849021,0.03595434092211551,0.053466119,1.445127557299866,Uncertain,6.419647682502745,1.7250986108277406,0.03595434092211551,0.08282965148196351,,bearish
INDUSINDBK.NSE,08-11-2021,1130.0,1130.0,1020.5,1037.05,1006.4217,51655982,1071.75,3.3460296032013837,0.358480715,0.03237695358059253,0.08716532,0.03595434092211551,0.011561143,1.1561963952529943,Uncertain,6.871381692458727,0.4869514972328808,-0.07836829941029749,0.13803326052596915,,bearish
INDUSINDBK.NSE,15-11-2021,1042.0,1051.0,1002.3,1008.45,978.6664,12078772,1071.69,6.271009965789087,1.288954856,0.05900960165719565,0.003386547,0.06258698899871862,0.003849021,0.5805774641636562,Uncertain,6.714319892175454,0.9339754534330456,0.026632648076603115,0.07836829941029749,,neutral
INDUSINDBK.NSE,22-11-2021,1024.0,1025.9,898.0,901.8,875.1662,33439338,1064.7824999999998,18.073020625415825,0.886780072,0.1530664713216078,0.056372722,0.12068951774101526,0.0,0.9828172594488209,Uncertain,6.689439746333499,2.701724107063181,0.09405686966441215,0.07836829941029749,bearish,bearish
INDUSINDBK.NSE,29-11-2021,926.9,957.85,875.7,951.15,923.0587,44128431,1060.125,11.457183409556858,1.513307495,0.10279448178280866,-0.080463282,0.12068951774101526,0.080463282,1.549014360048877,Uncertain,7.617920435011267,1.5039778253525318,-0.05027198953879915,0.05027198953879915,,bearish
INDUSINDBK.NSE,06-12-2021,952.0,968.0,914.0,944.75,916.8477,21543083,1057.8975,11.976448795977767,0.674890507,0.10695506889845191,-0.023325064,0.0982174567800554,0.103788347,2.034233939775007,Uncertain,8.214158921633976,1.458024967648835,0.004160587115643252,0.05027198953879915,,bearish
INDUSINDBK.NSE,13-12-2021,954.3,955.6,880.25,883.0,856.9214,14918197,1052.9975,19.252265005662505,0.022137678,0.16144150389720768,0.014470414,0.058647022114399025,0.103788347,2.121028144389034,Uncertain,8.567892705836591,2.247024521274355,0.05448643499875577,0.05027198953879915,bearish,bearish
INDUSINDBK.NSE,20-12-2021,874.0,885.0,830.8,861.15,835.7167,17993376,1044.58,21.300586425129175,1.051361557,0.17560167722912554,-0.005701738,0.07280719544631688,0.029026803,3.4460869413888338,Uncertain,9.377625677515125,2.271426388472928,0.014160173331917852,0.0,bearish,bearish
INDUSINDBK.NSE,27-12-2021,843.0,893.45,811.5,888.15,861.9193,39013869,1037.78,16.847379384113047,0.321170092,0.1441827747692189,-0.050458563,0.06864660833067363,0.056160301,3.3032040676266905,Uncertain,10.55103338606749,1.5967515946219832,-0.03141890245990664,0.03141890245990664,,bearish
INDUSINDBK.NSE,03-01-2022,888.2,938.45,876.7,922.25,895.0122,24562141,1034.92,12.216860937923556,1.399329916,0.10886831832412174,-0.003381511,0.014160173331917852,0.059541812,2.794169617521789,Uncertain,11.435040779711862,1.0683705614411805,-0.03531445644509716,0.0667333589050038,,bearish
INDUSINDBK.NSE,10-01-2022,926.9,950.0,913.25,920.05,892.8772,16125720,1031.4125,12.103961741209712,2.29092894,0.10797086519699922,0.003390421,0.0,0.053840073,2.4506162614902407,Uncertain,12.025563822372092,1.0065192717776583,-0.0008974531271225133,0.06763081203212631,,bearish
INDUSINDBK.NSE,17-01-2022,919.0,931.9,845.1,854.1,828.875,17373066,1023.93,19.884088514225496,1.399401957,0.1658609475257097,0.01967433,0.057890082328710485,0.003381511,1.0619657525316593,Uncertain,12.67590758175248,1.5686520579283416,0.057890082328710485,0.036211909572219675,,bearish
INDUSINDBK.NSE,24-01-2022,859.0,925.75,831.55,903.55,876.8645,19666911,1019.1325,12.79204249903161,1.044654814,0.11341263280289864,-0.024832847,0.057890082328710485,0.024832847,0.821804317980412,Uncertain,13.091407164250278,0.9771327358883034,-0.05244831472281107,0.053345767849933584,,bearish
INDUSINDBK.NSE,31-01-2022,927.45,981.8,866.65,956.05,927.814,46782135,1010.4350000000001,5.688510015166592,1.902138068,0.05382335330822873,0.040193928,0.057890082328710485,0.024832847,0.9302197395003317,Uncertain,13.005093599802235,0.43740631095904575,-0.059589279494669904,0.11203759421748097,,bearish
INDUSINDBK.NSE,07-02-2022,952.05,990.0,913.0,982.4,953.3857,21058478,1001.4024999999999,1.934293566775236,1.309483352,0.018975886319436933,0.010615386,0.0,0.024832847,0.9302197395003317,Uncertain,12.908939651627211,0.14984139820743622,-0.0348474669887918,0.14688506120627276,,bearish
INDUSINDBK.NSE,14-02-2022,959.2,987.55,923.25,955.35,927.1346,16890327,993.9675000000001,4.042235829800611,1.048649158,0.03885187392947965,-0.035453221,0.019875987610042715,0.035453221,0.5682998671296627,Uncertain,12.272496703814594,0.32937355188241235,0.019875987610042715,0.0944367464834617,,neutral
INDUSINDBK.NSE,21-02-2022,952.0,972.0,868.85,927.05,899.6705,22035843,981.6,5.884256512593722,0.708857482,0.05557253463732688,-0.025921265,0.036596648317889946,0.061374486,0.5245588655151157,Uncertain,11.62139556352164,0.5063295953081397,0.01672066070784723,0.0348474669887918,,neutral
INDUSINDBK.NSE,28-02-2022,916.0,926.0,887.55,901.9,875.2632,15163619,966.195,7.128839117418795,0.189677059,0.06654453811083691,0.035291611,0.04756865179139998,0.061374486,1.5390378335044028,Uncertain,11.201321629863257,0.6364283923794287,0.01097200347351003,0.0,,neutral
INDUSINDBK.NSE,07-03-2022,878.0,928.0,816.0,901.75,875.1177,29219021,951.4625,5.512891599667302,0.207172813,0.05224851215891323,-0.000147791,0.02769266418135726,0.026069056,1.8978920969405908,Uncertain,11.18186318044889,0.49302084193861423,-0.014296025951923683,0.014296025951923683,,neutral
INDUSINDBK.NSE,14-03-2022,899.0,949.5,887.25,932.45,904.911,18306822,941.0749999999998,0.9249825727920769,0.521977352,0.009165050607018329,-0.036940862,0.01097200347351003,0.037088652,1.886278240631571,Uncertain,10.872883530481014,0.08507242537814215,-0.043083461551894894,0.05737948750381858,,neutral
INDUSINDBK.NSE,21-03-2022,938.0,944.45,903.6,926.25,898.8941,12468990,927.9324999999999,0.18164642375166906,1.03329325,0.00181317067782397,0.001192508,0.0,0.037088652,1.606066206740839,Uncertain,10.738380917680498,0.016915624910696956,-0.007351879929194359,0.06473136743301294,,neutral
INDUSINDBK.NSE,28-03-2022,923.05,970.95,920.25,968.6,939.9933,18389177,924.51,4.7690127743345245,3.122922718,0.047690127743345155,0.043328451,0.04587695706552118,0.036940862,0.6849294478136458,Uncertain,10.400082943122863,0.4585552634931697,0.04587695706552118,0.05043534148108925,,neutral
INDUSINDBK.NSE,04-04-2022,975.0,994.8,958.05,985.6,956.4912,17109664,923.3675,6.739732555022782,2.57663211,0.06739732555022791,0.007260415,0.06558415487240393,0.0,1.4355106801639859,Continuation,9.66097139584057,0.6976247293232338,0.019707197806882758,0.007351879929194359,,neutral
INDUSINDBK.NSE,11-04-2022,983.6,998.9,966.0,983.4,954.3562,6437114,927.4475,6.032956043333981,1.381923429,0.060329560433339875,-0.01737619,0.06558415487240393,0.01737619,2.500989442263535,Uncertain,9.398890792810898,0.6418795766781884,-0.007067765116888038,0.007067765116888038,,neutral
INDUSINDBK.NSE,18-04-2022,972.0,992.7,951.0,959.85,931.5017,9644950,927.8824999999999,3.4452099269034697,0.752626421,0.0344520992690347,-0.034999654,0.019707197806882758,0.052375844,2.657821974772078,Uncertain,9.068696750997356,0.37990132667349064,-0.025877461164305178,0.032945226281193216,,neutral
INDUSINDBK.NSE,25-04-2022,945.0,1009.5,931.0,978.55,949.6494,11726935,929.5724999999999,5.2688198069542835,0.889362971,0.05268819806954281,0.01138806,0.01823609880050811,0.052375844,2.5348677675371385,Uncertain,8.190527024399632,0.643282146711492,0.01823609880050811,0.032945226281193216,,neutral
INDUSINDBK.NSE,02-05-2022,972.0,1029.0,902.5,915.4,888.3645,21920309,931.1924999999999,1.7252020974437343,1.36770672,0.016959436421577608,0.039727721,0.01823609880050811,0.034999654,1.5165325158615424,Uncertain,7.299873323389916,0.23633315552420914,-0.0357287616479652,0.06160622281227038,,neutral
INDUSINDBK.NSE,09-05-2022,912.8,928.0,856.0,872.35,846.586,19174696,931.7524999999999,6.80948013985212,0.454342912,0.06375351823579752,0.029326571,0.06503018061472801,0.0,0.8823939578274429,Uncertain,6.459752363019397,1.05413950213244,0.04679408181421991,0.0357287616479652,,neutral
INDUSINDBK.NSE,16-05-2022,876.7,917.95,860.1,896.5,870.0227,11618344,932.1699999999998,3.9788064696040015,0.42008145,0.03826555242069564,-0.04045396,0.04679408181421991,0.04045396,0.9605145358732073,Uncertain,6.1593423186820955,0.6459791100643584,-0.025487965815101876,0.061216727463067076,,neutral
INDUSINDBK.NSE,23-05-2022,900.0,927.0,877.45,925.4,898.0692,14811084,932.3275,0.7485952020747755,0.067122892,0.007430328934843185,-0.039716828,0.04679408181421991,0.080170788,1.0663761654150463,Uncertain,5.707944803592889,0.13114969184768033,-0.030835223485852454,0.05632318930095433,,neutral
INDUSINDBK.NSE,30-05-2022,936.0,953.8,918.7,924.3,897.0017,7564490,932.54,0.8914854484474821,1.407120829,0.00883608209835504,0.005256757,0.0014057531635118551,0.080170788,0.9828158856919404,Uncertain,4.644861841806739,0.19192937891576037,0.0014057531635118551,0.05632318930095433,,neutral
INDUSINDBK.NSE,06-06-2022,920.0,938.0,903.25,913.2,886.2295,6166107,935.4949999999999,2.4414148050810214,1.649042925,0.023832302684674796,-0.000157006,0.01640197374983161,0.039873834,0.6299679914470342,Uncertain,3.9837197834409537,0.6128480259151761,0.014996220586319756,0.030835223485852454,,neutral
INDUSINDBK.NSE,13-06-2022,895.0,900.35,796.75,806.9,783.069,16802006,930.6625,15.3380220597348,0.520084386,0.13298322431601148,0.087257714,0.1255528953811683,0.000157006,2.8950148808927265,Uncertain,3.803325605102866,4.032792259268048,0.10915092163133669,0.0,bearish,bearish
INDUSINDBK.NSE,20-06-2022,814.6,815.85,763.2,806.5,782.6808,18190923,923.1850000000001,14.468071915685066,3.341426348,0.12639395137485993,-0.010870246,0.12414714221765645,0.011027251,4.817011608867613,Uncertain,4.5479771880450635,3.1812103089954435,-0.006589272941151553,0.006589272941151553,bearish,bearish
INDUSINDBK.NSE,27-06-2022,819.2,829.7,783.0,807.2,783.3601,13107011,914.425,13.283572844400382,1.022977531,0.11725948000109349,-0.016620657,0.10915092163133669,0.027490902,6.158984254911315,Uncertain,5.127190303927534,2.5908094018325962,-0.00913447137376644,0.015723744314917992,bearish,bearish
INDUSINDBK.NSE,04-07-2022,812.8,867.5,811.2,848.6,823.5374,13419424,909.0875,7.1279165684656975,0.492546521,0.06653649951187313,-0.062693722,0.0,0.090184625,6.02249629657112,Uncertain,5.538263433472348,1.2870309717276627,-0.05072298048922036,0.06644672480413835,,bearish
INDUSINDBK.NSE,11-07-2022,845.0,861.15,789.5,815.05,790.9783,17403951,903.4875,10.850561315256723,0.952636262,0.09788458611768287,0.018484035,0.03134808660580975,0.079314379,3.682738523132674,Uncertain,5.538212180752732,1.9592173360504865,0.03134808660580975,0.0598574518629868,,bearish
INDUSINDBK.NSE,18-07-2022,826.0,962.0,823.2,942.45,914.6156,37563856,905.515,4.078894330850402,3.60761562,0.040788943308504064,0.103491924,0.03134808660580975,0.062693722,1.6076171701243636,Continuation,5.834749387174366,0.6990693276075249,-0.05709564280917881,0.10781862329839917,,bearish
INDUSINDBK.NSE,25-07-2022,940.0,1049.95,939.55,1043.5,1012.6812,25295476,912.6025,14.343320339359146,3.267803985,0.14343320339359145,0.064625023,0.13399234669089713,0.0,0.9691329037178266,Continuation,6.009966707066495,2.386588984344011,0.10264426008508738,0.05709564280917881,bullish,bullish
INDUSINDBK.NSE,01-08-2022,1040.0,1072.85,1024.55,1036.3,1005.6939,16653164,917.7950000000001,12.911924776229977,1.725700906,0.12911924776229972,-0.057628734,0.10264426008508738,0.057628734,1.4239853625550891,Uncertain,6.796726369044688,1.8997270266810535,-0.01431395563129173,0.07140959844047054,,bullish
INDUSINDBK.NSE,08-08-2022,1036.3,1088.05,1033.7,1080.45,1056.9911,11247441,925.5050000000001,16.741670763529083,0.959362178,0.1674167076352909,-0.007699782,0.14094171995807858,0.065328517,3.0890280563014927,Uncertain,7.249110369149992,2.3094793582915414,0.038297459872991185,0.01431395563129173,bullish,bullish
INDUSINDBK.NSE,16-08-2022,1085.0,1107.45,1060.0,1063.3,1040.2134,10920609,930.24,14.30383556931545,0.683698169,0.1430383556931544,-0.057560469,0.038297459872991185,0.122888986,3.263551640362118,Uncertain,7.804773602955897,1.8327034577784764,-0.0243783519421365,0.03869230757342823,,bullish
INDUSINDBK.NSE,22-08-2022,1055.0,1119.75,1034.1,1069.75,1046.5234,16815846,934.4475,14.479411630937001,0.506107081,0.14479411630936997,-0.037362076,0.04005322048920676,0.102622328,2.9399462136699768,Uncertain,8.264266909954866,1.7520503377614263,0.0017557606162155737,0.0243783519421365,,bullish
INDUSINDBK.NSE,29-08-2022,1050.0,1121.0,1041.0,1100.75,1076.8503,10759544,940.3149999999999,17.061835661453873,0.421764332,0.1706183566145388,0.003606592,0.027580000921384407,0.094922546,2.751866920298518,Uncertain,8.877278115734507,1.921967008244641,0.025824240305168833,0.0243783519421365,,bullish
INDUSINDBK.NSE,05-09-2022,1099.5,1149.55,1086.0,1137.15,1112.46,15850114,949.1800000000001,19.80340925851789,0.678089145,0.1980340925851788,0.018753589,0.05499573689202439,0.037362076,2.301475422291171,Uncertain,9.532445663206706,2.0774741297456334,0.02741573597063998,0.0,bullish,bullish
INDUSINDBK.NSE,12-09-2022,1144.3,1251.05,1128.0,1227.35,1200.7016,34867583,961.6200000000001,27.633576672698123,1.633453719,0.2763357667269813,0.050949507,0.13154165041761132,0.0,4.529089505099265,Uncertain,10.536790505488606,2.622580059677927,0.0783016741418025,0.0,bullish,bullish
INDUSINDBK.NSE,19-09-2022,1226.0,1275.8,1176.05,1183.35,1157.6569,27561806,975.0174999999999,21.367052386239216,1.62783988,0.21367052386239221,-0.055658909,0.10571741011244248,0.055658909,4.6626225928512,Uncertain,11.693684757313383,1.827230067312699,-0.06266524286458908,0.06266524286458908,,bullish
INDUSINDBK.NSE,26-09-2022,1170.0,1192.3,1128.8,1185.2,1159.4667,23865154,990.6600000000001,19.637413441544016,0.394326597,0.19637413441544016,-0.016878871,0.0783016741418025,0.07253778,4.71170903637651,Uncertain,12.659698419348674,1.5511754538742273,-0.017296389446952054,0.07996163231154113,,bullish
INDUSINDBK.NSE,03-10-2022,1178.0,1234.95,1153.05,1213.4,1187.0544,13956615,1006.5050000000001,20.55578462104013,0.584459399,0.2055578462104013,0.003012429,0.009183711794961136,0.07253778,3.373861611475525,Uncertain,13.709077210430298,1.499428758443394,0.009183711794961136,0.07996163231154113,,bullish
INDUSINDBK.NSE,10-10-2022,1193.1,1216.9,1156.1,1181.6,1155.9449,32526243,1019.3149999999999,15.920986152465133,0.285818124,0.15920986152465133,-0.027696975,0.009183711794961136,0.044575846,0.9185565628571549,Uncertain,14.801538275574334,1.075630509211203,-0.046347984685749966,0.06364437413270202,,bullish
INDUSINDBK.NSE,17-10-2022,1178.0,1231.7,1139.1,1142.25,1117.4493,27319747,1030.2125,10.875183517963528,0.598704644,0.10875183517963517,0.033810096,0.009183711794961136,0.027696975,0.4290844433435035,Uncertain,15.550403350429004,0.6993505745729421,-0.05045802634501616,0.09680601103076612,,neutral
INDUSINDBK.NSE,24-10-2022,1160.0,1161.0,1121.8,1147.0,1122.0961,9557916,1041.9025,10.087076285928864,0.332527948,0.10087076285928874,-0.014986946,0.0,0.042683921,0.11322483435238967,Uncertain,15.302467875886158,0.6591797066814444,-0.007881072320346433,0.10468708335111256,,neutral
INDUSINDBK.NSE,31-10-2022,1155.0,1159.9,1125.25,1152.7,1127.6724,9973778,1059.1924999999999,8.828187510768837,0.288022788,0.08828187510768833,-0.00912936,0.0,0.024116307,0.07617883695276462,Uncertain,15.059079229788592,0.586236872524428,-0.012588887751600414,0.070927986416963,,neutral
INDUSINDBK.NSE,07-11-2022,1158.0,1172.9,1118.0,1140.0,1115.2481,10328473,1075.8674999999998,5.961003562241651,0.42472533,0.05961003562241649,0.004540949,0.0,0.024116307,0.03148388557113495,Uncertain,14.811557822364616,0.40245621923987446,-0.028671839485271834,0.04914179955721868,,neutral
INDUSINDBK.NSE,14-11-2022,1145.7,1167.75,1122.0,1128.65,1104.1446,9944633,1091.94,3.36190633184974,1.005951502,0.033619063318497386,-0.002174407,0.0,0.011303768,0.0,Uncertain,14.746729322018833,0.22797640469537644,-0.025990972303919106,0.06725169954079135,,neutral
INDUSINDBK.NSE,21-11-2022,1119.55,1193.8,1117.0,1187.1,1161.3255,18006962,1108.865,7.055412516401893,3.306685657,0.07055412516401897,0.015150557,0.03693506184552159,0.002174407,0.20280249526167385,Continuation,14.33069293405178,0.49232877634529604,0.03693506184552159,0.05466281178919094,,neutral
INDUSINDBK.NSE,28-11-2022,1180.0,1205.45,1162.1,1178.7,1153.1079,12136173,1127.0475000000001,4.582992287370313,2.371611903,0.04582992287370312,-0.012696359,0.03693506184552159,0.014870766,0.4177168394986777,Uncertain,14.496055055471308,0.31615444821593275,-0.024724202290315855,0.05071517459423496,,neutral
INDUSINDBK.NSE,05-12-2022,1182.0,1216.0,1161.45,1202.5,1176.3911,19562260,1140.05,5.4778299197403735,1.642518093,0.054778299197403665,0.012331814,0.045883438169222135,0.012696359,0.8577067779196648,Uncertain,13.953814608138595,0.39256863256198177,0.008948376323700546,0.024724202290315855,,neutral
INDUSINDBK.NSE,12-12-2022,1201.3,1273.55,1195.25,1229.55,1202.8538,15907433,1149.3525,6.977624358062484,2.292906681,0.06977624358062473,0.011741642,0.02394632070692161,0.012696359,1.0873351709443861,Continuation,13.540809338333617,0.5153033458870914,0.014997944383221065,0.024724202290315855,,neutral
INDUSINDBK.NSE,19-12-2022,1233.95,1241.7,1143.0,1147.85,1122.9277,8871140,1154.9299999999998,0.6168053317070932,1.028333989,0.006130241659667623,-0.017513307,0.02394632070692161,0.017513307,1.0010713497159036,Uncertain,12.998362315807695,0.047452541844981336,-0.06364600192095711,0.06364600192095711,,neutral
INDUSINDBK.NSE,26-12-2022,1150.0,1238.0,1141.0,1220.1,1193.609,11298935,1161.9125,5.007907221929364,0.661211207,0.05007907221929363,-0.00486625,0.05894677494284707,0.022379557,1.0730310966785017,Uncertain,12.237971747051676,0.409210555918782,0.043948830559626006,0.06364600192095711,,neutral
INDUSINDBK.NSE,02-01-2023,1220.1,1273.4,1176.1,1181.9,1156.2384,18179052,1167.8425,1.2037153982664694,1.247255147,0.012037153982664715,-0.011938618,0.043948830559626006,0.034318175,0.7774251189430994,Uncertain,11.711777057662363,0.10277820285854447,-0.03804191823662891,0.10168792015758601,,neutral
INDUSINDBK.NSE,09-01-2023,1190.15,1238.2,1188.05,1234.4,1207.5985,12001505,1176.075,4.959292562124018,0.495705191,0.04959292562124018,0.016679145,0.08150460219820146,0.016804868,1.134544953767473,Uncertain,10.830770376374172,0.4578891796046225,0.037555771638575465,0.03804191823662891,,neutral
INDUSINDBK.NSE,16-01-2023,1240.0,1250.0,1183.25,1202.45,1176.3422,19902638,1181.16,1.8024653730231321,0.84458057,0.018024653730231266,-0.026128347,0.037555771638575465,0.038066965,1.1879522836840863,Uncertain,10.006097226574513,0.18013670387252356,-0.031568271891008914,0.06961019012763783,,neutral
INDUSINDBK.NSE,23-01-2023,1212.7,1220.15,1106.0,1116.4,1092.1605,12522418,1180.1225,5.707855607309198,0.7113497,0.0539965130738545,0.056760331,0.0735276309821987,0.026128347,1.5033810477714684,Uncertain,8.571035487703682,0.6659470276955327,0.035971859343623236,0.031568271891008914,,neutral
INDUSINDBK.NSE,30-01-2023,1110.0,1131.0,990.0,1103.55,1079.5895,35335829,1173.9325000000001,6.377826106655804,0.928496952,0.05995446927314829,0.00500425,0.041929815542917026,0.026128347,1.7024658931088832,Uncertain,7.7010801110964575,0.8281729334909811,0.00595795619929379,0.031568271891008914,,neutral
INDUSINDBK.NSE,06-02-2023,1109.0,1168.2,1100.45,1161.2,1135.9878,12555972,1172.825,1.0011195315191124,0.038472762,0.009911964700616033,-0.057307878,0.041929815542917026,0.057307878,1.362203406072675,Uncertain,6.964436370269335,0.14374738719601457,-0.05004250457253226,0.05004250457253226,,neutral
INDUSINDBK.NSE,13-02-2023,1165.0,1170.0,1109.0,1114.7,1090.4974,11661075,1169.3,4.898178882210447,0.45807957,0.04669460360899676,0.030596149,0.042740595107674514,0.057307878,1.443509336134262,Uncertain,5.878066087518167,0.8332976882671546,0.036782638908380724,0.05004250457253226,,neutral
INDUSINDBK.NSE,20-02-2023,1117.25,1122.8,1066.65,1079.15,1055.7193,10420907,1162.5875,7.731779641384429,0.288251417,0.07176879159633145,0.009373039,0.06185682689571542,0.057307878,1.2048337852917521,Uncertain,5.265687905837352,1.4683323014288896,0.025074187987334698,0.05004250457253226,,neutral
INDUSINDBK.NSE,27-02-2023,1079.95,1133.2,1067.05,1126.4,1101.9434,14609976,1159.8275,2.9676402698863624,0.996758315,0.02882109624060475,-0.036134998,0.06185682689571542,0.036134998,1.2692193393246307,Uncertain,5.091054357138512,0.5829127056412652,-0.042947695355726706,0.042947695355726706,,neutral
INDUSINDBK.NSE,06-03-2023,1132.0,1182.65,1105.55,1144.8,1119.9439,17193689,1159.9550000000002,1.3238120195667502,6.304872655,0.01306516201059541,0.012148717,0.025074187987334698,0.036134998,1.1529015956147457,Uncertain,4.69553013402504,0.2819302574535859,-0.015755934230009337,0.05870362958573604,,neutral
INDUSINDBK.NSE,13-03-2023,1119.0,1119.5,1001.9,1020.5,998.3427,36355484,1153.63,13.04556589906909,0.482693636,0.11540095177829988,0.058143506,0.10233578976770448,0.036134998,1.4329069367240672,Uncertain,4.278620384513813,3.0490122344778854,0.10233578976770448,0.05870362958573604,bearish,bearish
INDUSINDBK.NSE,20-03-2023,1020.0,1046.2,990.2,1009.55,987.6305,21044976,1146.4725,13.562725967015021,1.568400689,0.11942938012032571,-0.01139325,0.1063642181097303,0.01139325,2.382978817549467,Uncertain,4.672207181004227,2.9028520015458517,0.004028428342025825,0.015755934230009337,bearish,bearish
INDUSINDBK.NSE,27-03-2023,1014.0,1076.0,1004.0,1067.95,1044.7625,15413251,1142.8700000000001,7.015309705510564,0.04195339,0.06555426251454677,-0.061100721,0.1063642181097303,0.072493971,2.565789666429094,Uncertain,5.238919382957853,1.3390757125088217,-0.05387511760577894,0.05387511760577894,,bearish
INDUSINDBK.NSE,03-04-2023,1073.0,1093.45,1060.1,1082.0,1058.5074,7972610,1140.5375,5.410120147874298,0.680961646,0.05132448516598526,2.04665e-05,0.004028428342025825,0.072493971,2.4541796355888414,Uncertain,5.236691449019446,1.0331179907281582,-0.014229777348561505,0.06810489495434044,,bearish
INDUSINDBK.NSE,10-04-2023,1082.0,1114.5,1007.95,1109.3,1085.2147,12622704,1136.6475,2.465293428288118,2.524589026,0.02405978986449192,0.028132629,0.0,0.061100721,1.922922360468128,Uncertain,5.282642996825222,0.4666780302529845,-0.027264695301493343,0.09536959025583379,,bearish
INDUSINDBK.NSE,17-04-2023,1107.4,1149.5,1105.0,1116.35,1092.1116,16447693,1133.53,1.538943879607646,3.371142864,0.015156193484071939,0.011197974,0.0,0.0,0.6092231751982546,Continuation,5.115279858411209,0.3008523330501877,-0.008903596380419982,0.05039806903047483,,bearish
INDUSINDBK.NSE,24-04-2023,1130.75,1157.55,1092.0,1152.8,1127.7702,20899337,1131.045,1.9234424801842342,1.857482356,0.01923442480184244,0.01229129,0.004078231317770501,0.0,0.0489840003331578,Uncertain,4.813130942941495,0.399623966807922,0.004078231317770501,0.03616829168191332,,neutral
INDUSINDBK.NSE,02-05-2023,1158.95,1161.85,1065.35,1073.3,1049.9963,15073987,1123.2325,4.652240752818426,1.14609058,0.044454287068794854,-0.033422312,0.029298093584722913,0.033422312,0.4943752799678589,Uncertain,4.885721895634671,0.9522115364313191,0.025219862266952414,0.008903596380419982,,neutral
INDUSINDBK.NSE,08-05-2023,1087.0,1214.0,1087.0,1208.65,1182.4076,27482955,1126.2725,7.314171304013906,1.371521172,0.07314171304013908,0.051042578,0.05798551955606714,0.033422312,1.9440132688695375,Uncertain,4.865962647350729,1.503129356736041,0.02868742597134423,0.0,,neutral
INDUSINDBK.NSE,15-05-2023,1208.6,1251.0,1196.0,1248.0,1220.9032,15730493,1127.6675,10.670920284569707,1.256887599,0.10670920284569696,0.0083313,0.08747477804385452,0.033422312,4.130882719965901,Uncertain,5.205432419892253,2.049958471037183,0.033567489805557876,0.0,bullish,bullish
INDUSINDBK.NSE,22-05-2023,1247.0,1275.9,1232.5,1268.05,1240.5179,11601861,1131.975,12.02102519931978,1.167866431,0.12021025199319778,-0.007325271,0.07575596492440292,0.007325271,5.994355809005565,Uncertain,5.522745071139236,2.1766395233666063,0.013501049147500818,0.0,bullish,bullish
INDUSINDBK.NSE,29-05-2023,1272.2,1298.0,1251.5,1288.2,1274.0557,12724817,1134.665,13.531306597101356,0.9912864,0.13531306597101356,-0.008856057,0.062171352930874474,0.016181328,7.084690386379977,Uncertain,6.090442839266828,2.2217278700755796,0.01510281397781578,0.0,bullish,bullish
INDUSINDBK.NSE,05-06-2023,1295.0,1336.4,1282.65,1331.05,1316.4352,16071156,1141.095,16.64672967631966,0.994731414,0.1664672967631967,0.009003273,0.05975809391749973,0.016181328,7.129004745415791,Uncertain,6.525079005366392,2.551192048805687,0.03115423079218313,0.0,bullish,bullish
INDUSINDBK.NSE,12-06-2023,1336.95,1342.9,1288.5,1314.0,1299.5725,17979288,1150.975,14.164078281457027,0.638788813,0.14164078281457035,-0.047201465,0.04625704476999891,0.056057522,5.384579248527811,Uncertain,7.0955736481254945,1.996185084372831,-0.02482651394862634,0.02482651394862634,,bullish
INDUSINDBK.NSE,19-06-2023,1310.0,1318.0,1262.0,1308.7,1294.3306,14093322,1161.2324999999998,12.699222593236081,0.264602683,0.12699222593236084,-0.017376039,0.03115423079218313,0.064577504,3.7090991009013634,Uncertain,7.826849134233157,1.622520426220059,-0.014648556882209507,0.039475070830835846,,bullish
INDUSINDBK.NSE,26-06-2023,1314.8,1382.25,1297.35,1374.65,1359.5565,15016021,1171.905,17.30046377479404,0.908191784,0.17300463774794042,0.033928225,0.04601241181557958,0.064577504,2.4774033689654344,Uncertain,8.260240451512358,2.094426170321291,0.04601241181557958,0.039475070830835846,bullish,bullish
INDUSINDBK.NSE,03-07-2023,1379.95,1413.1,1353.0,1357.1,1342.1992,16700588,1184.025,14.617512299149071,1.239165108,0.1461751229914907,-0.024888393,0.04601241181557958,0.042264432,1.2946758750396232,Uncertain,8.791834014479559,1.662623779643134,-0.026829514756449707,0.041478071638659214,,bullish
INDUSINDBK.NSE,10-07-2023,1361.25,1391.5,1345.15,1377.0,1361.8807,18033632,1198.9175,14.853607525121614,0.761444343,0.14853607525121618,0.00356205,0.04837336407530504,0.024888393,1.292964442543555,Uncertain,9.439049127216377,1.573633882494901,0.002360952259725463,0.026829514756449707,,bullish
INDUSINDBK.NSE,17-07-2023,1380.0,1443.4,1369.6,1407.35,1391.8975,23590259,1212.965,16.025606674553682,1.507561345,0.16025606674553677,0.012767486,0.01408094375404606,0.024888393,1.2028377611238485,Uncertain,10.190704433080535,1.5725710405781361,0.011719991494320597,0.026829514756449707,,bullish
INDUSINDBK.NSE,24-07-2023,1408.5,1446.0,1397.6,1401.95,1386.5568,12186595,1225.8224999999998,14.368107943849973,1.016928624,0.14368107943849973,-0.015030134,0.01408094375404606,0.015030134,1.0497057062086863,Uncertain,10.356262253940791,1.387383555141488,-0.016574987307037048,0.016574987307037048,,bullish
INDUSINDBK.NSE,31-07-2023,1409.35,1423.2,1354.05,1409.6,1394.1228,12908920,1245.2775,13.195653177705369,0.467075781,0.13195653177705371,-0.006876897,0.011719991494320597,0.02190703,0.841669056610769,Uncertain,10.401005697098288,1.2686901211280697,-0.011724547661446011,0.02829953496848306,,bullish
INDUSINDBK.NSE,07-08-2023,1410.0,1434.0,1392.0,1397.25,1381.9084,12662532,1264.6625,10.484022417048045,0.676668993,0.10484022417048035,-0.011622726,0.0,0.033529756,0.4009365348984535,Uncertain,10.74435811222022,0.9757700094828299,-0.027116307606573367,0.055415842575056426,,neutral
INDUSINDBK.NSE,14-08-2023,1395.0,1397.5,1360.85,1371.7,1356.6389,8883982,1279.85,7.1766222604211505,0.055221849,0.07176622260421155,0.012115204,0.0,0.018499622,0.2726442408345356,Uncertain,11.026241571618764,0.6508674976697023,-0.0330740015662688,0.07191485683428818,,neutral
INDUSINDBK.NSE,21-08-2023,1375.0,1435.0,1366.2,1401.15,1385.7656,10092542,1295.8075,8.129486825782406,0.934110907,0.08129486825782395,-0.013963374,0.009528645653612403,0.0255861,0.15168132212956936,Uncertain,11.28798206229282,0.720189559207285,0.009528645653612403,0.06019030917284217,,neutral
INDUSINDBK.NSE,28-08-2023,1400.0,1423.6,1363.25,1416.55,1400.9965,11302463,1311.17,8.03709663887977,0.807862262,0.08037096638879769,0.009904547,0.009528645653612403,0.013963374,0.12270690430479936,Uncertain,11.654123337080307,0.6896354540292083,-0.0009239018690262585,0.03399790343529506,,neutral
INDUSINDBK.NSE,04-09-2023,1423.85,1459.95,1396.45,1448.85,1432.9418,11656087,1327.795,9.116994716804916,1.95508656,0.09116994716804916,0.017327847,0.02032762643286387,0.013963374,0.6021078049015713,Uncertain,11.99377079034117,0.7601441511744595,0.010798980779251469,0.0009239018690262585,,neutral
INDUSINDBK.NSE,11-09-2023,1449.05,1467.85,1416.05,1450.0,1434.0792,12522046,1342.655,7.9949800954079775,1.824736547,0.07994980095407982,-0.004087725,0.010798980779251469,0.004087725,0.7529852403699775,Uncertain,12.241812677229309,0.6530879295579519,-0.011220146213969343,0.012144048082995601,,neutral
INDUSINDBK.NSE,18-09-2023,1454.0,1475.65,1406.35,1452.9,1436.9473,14099036,1361.6349999999998,6.702603854924427,1.235267206,0.06702603854924435,-0.004643022,0.010798980779251469,0.008730747,0.8095669831651946,Uncertain,12.279635387862312,0.5458308527262586,-0.012923762404835462,0.024143908618804805,,neutral
INDUSINDBK.NSE,25-09-2023,1451.5,1454.55,1399.3,1428.85,1413.1614,17051821,1372.645,4.094649381303972,0.465770577,0.04094649381303973,-0.017704583,0.0,0.026435329,0.7353531965761999,Uncertain,12.05917336399313,0.33954643968632015,-0.02607954473620462,0.050223453355009426,,neutral
INDUSINDBK.NSE,03-10-2023,1432.0,1438.4,1386.2,1434.8,1419.0461,9235480,1381.9850000000001,3.8216767909926563,0.00566577,0.038216767909926536,-0.000248915,0.0,0.022596519,0.2559522959794279,Uncertain,11.61881915188114,0.3289212734130481,-0.0027297259031131976,0.04173303304415328,,neutral
INDUSINDBK.NSE,09-10-2023,1420.1,1466.3,1410.0,1463.7,1447.6288,11893800,1391.7675000000002,5.168427916300677,0.609883428,0.05168427916300667,0.009197215,0.013467511253080135,0.017953498,0.22228139033757527,Uncertain,11.079395273763991,0.4664900735638086,0.013467511253080135,0.02880927063931782,,neutral
INDUSINDBK.NSE,16-10-2023,1462.85,1471.8,1415.6,1469.1,1452.9695,25439030,1400.8125,4.874849417748628,0.923107356,0.04874849417748622,0.001369004,0.013467511253080135,0.000248915,0.36327688366562083,Uncertain,10.441711842651825,0.4668630480527213,-0.0029357849855204537,0.005665510888633651,,neutral
INDUSINDBK.NSE,23-10-2023,1469.0,1469.75,1393.65,1441.3,1425.4747,13984073,1406.3249999999998,2.4869784722592714,1.338314044,0.024869784722592672,-0.00831753,0.013467511253080135,0.00831753,0.4860238335868998,Uncertain,9.925643572445802,0.25056092878080743,-0.023878709454893544,0.026814494440413998,,neutral
INDUSINDBK.NSE,30-10-2023,1440.0,1479.95,1427.15,1450.25,1434.3264,13944588,1413.1375,2.62624833039955,2.020706183,0.02626248330399551,-0.003376719,0.0013926985814028368,0.011694249,0.4987173075194197,Uncertain,9.35829667683598,0.28063315591395405,0.0013926985814028368,0.026814494440413998,,neutral
INDUSINDBK.NSE,06-11-2023,1463.0,1516.3,1456.0,1498.8,1482.3434,13586987,1422.6425000000002,5.353242293829963,2.367478645,0.05353242293829953,0.025261769,0.02866263821570686,0.011694249,0.6622840353445631,Continuation,8.54306248548073,0.6266186514412142,0.027269939634304022,0.023878709454893544,,neutral
INDUSINDBK.NSE,13-11-2023,1502.0,1538.5,1485.55,1498.45,1481.9972,15231542,1428.8325,4.872334580855364,2.046893906,0.04872334580855353,-0.007646778,0.02866263821570686,0.011023497,0.9621312552026086,Continuation,8.028380818518558,0.6068888224156804,-0.0048090771297460005,0.0048090771297460005,,neutral
INDUSINDBK.NSE,20-11-2023,1498.9,1509.45,1458.95,1476.2,1459.9915,14346920,1434.7875,2.8863159178624143,0.826227643,0.028863159178624108,-0.016553991,0.027269939634304022,0.024200769,1.101242545855293,Uncertain,7.473865654948209,0.386187824496347,-0.019860186629929423,0.024669263759675424,,neutral
INDUSINDBK.NSE,28-11-2023,1480.0,1500.0,1450.05,1461.05,1445.0079,57395487,1438.99,1.5330196874196345,0.595086215,0.015330196874196447,0.004154865,0.0,0.024200769,1.088549071922773,Uncertain,6.743905057354251,0.22731928673104188,-0.013532962304427661,0.03820222606410308,,neutral
INDUSINDBK.NSE,04-12-2023,1490.0,1525.5,1473.45,1508.95,1492.3819,15617714,1444.07,4.492856994467043,0.896263541,0.04492856994467035,0.01122053,0.029598373070473902,0.016553991,1.0411606321574933,Uncertain,6.030844598663677,0.7449797322687731,0.029598373070473902,0.03339314893435708,,neutral
INDUSINDBK.NSE,11-12-2023,1512.8,1578.0,1489.95,1570.8,1553.5528,13285275,1452.5124999999998,8.143647645028885,1.671341644,0.08143647645028883,0.027554292,0.06610627957609239,0.0,1.3744830977906703,Uncertain,5.547355921817104,1.468023281686482,0.03650790650561848,0.013532962304427661,,neutral
INDUSINDBK.NSE,18-12-2023,1570.0,1591.1,1527.55,1562.35,1545.1956,11483678,1460.15,6.999280895798354,1.660543517,0.06999280895798364,-0.012904487,0.06610627957609239,0.012904487,2.060337100348136,Uncertain,5.417335101149373,1.2920154956471765,-0.011443667492305187,0.011443667492305187,,neutral
INDUSINDBK.NSE,26-12-2023,1562.95,1618.9,1557.0,1598.95,1581.3937,7939527,1470.2350000000001,8.754722884436838,1.545986804,0.08754722884436836,0.012618859,0.054062326392003195,0.012904487,2.8353849315438637,Uncertain,5.407482803114773,1.6190015212612447,0.017554419886384717,0.011443667492305187,,neutral
INDUSINDBK.NSE,01-01-2024,1598.95,1655.0,1558.0,1643.2,1625.1579,11754012,1483.81,10.741941353677365,1.321108716,0.10741941353677364,0.009731283,0.037426604578790004,0.012904487,3.1385550613206314,Uncertain,5.442218139706686,1.9738167559480286,0.019872184692405287,0.011443667492305187,,neutral
INDUSINDBK.NSE,08-01-2024,1633.0,1677.85,1620.0,1674.0,1655.6197,9116321,1497.4524999999999,11.789856439519797,0.955578014,0.11789856439519794,-0.004170237,0.0479057554372143,0.004170237,3.4569589079206993,Uncertain,5.592487290528774,2.1081597198238886,0.010479150858424296,0.0,bullish,bullish
INDUSINDBK.NSE,15-01-2024,1684.8,1694.5,1550.2,1561.1,1543.9593,25469655,1504.68,3.749634473775143,1.026222962,0.037496344737751444,-0.025451621,0.030351335550829583,0.029621858,2.6311171764451444,Uncertain,5.740979608457378,0.6531349577084952,-0.0804022196574465,0.0804022196574465,,bullish
INDUSINDBK.NSE,23-01-2024,1535.0,1547.9,1428.05,1512.0,1495.3984,27371179,1507.8375,0.2760575990449876,0.476860554,0.002760575990449839,0.024843132,0.010479150858424296,0.029621858,1.8869486145931373,Uncertain,5.505127073922221,0.05014554529588827,-0.0347357687473016,0.11513798840474809,,bullish
INDUSINDBK.NSE,29-01-2024,1523.0,1564.85,1507.15,1533.75,1516.9096,14442695,1512.025,1.4368148674790415,0.279287305,0.014368148674790368,-0.016556122,0.011607572684340529,0.042007744,1.3845980951502428,Uncertain,5.148096726373364,0.2790963231359529,0.011607572684340529,0.11513798840474809,,bullish
INDUSINDBK.NSE,05-02-2024,1532.75,1550.45,1462.65,1486.25,1469.9312,15322614,1513.6924999999999,1.8464255677039354,0.299181524,0.018129507809545125,0.018712789,0.015368931819095285,0.016556122,0.3048928029699023,Uncertain,5.00043925338309,0.36925267444349424,0.0037613591347547565,0.0347357687473016,,neutral
INDUSINDBK.NSE,12-02-2024,1488.2,1506.5,1430.65,1493.65,1477.2499,15382423,1516.9325,1.558765440364196,0.862331193,0.015348408712978198,-0.020097545,0.015368931819095285,0.036653668,0.5084225186957936,Uncertain,4.890703074311493,0.318720113791336,-0.0027810990965669267,0.0027810990965669267,,neutral
INDUSINDBK.NSE,19-02-2024,1499.9,1526.8,1463.5,1480.3,1464.0465,16386157,1519.2075,2.628352361007913,0.536424479,0.025610392260438437,-0.011839483,0.014023342682214996,0.031937028,0.7744538577897773,Uncertain,4.6901662700928,0.5603964144656876,0.01026198354746024,0.0027810990965669267,,neutral
INDUSINDBK.NSE,26-02-2024,1481.0,1528.75,1440.0,1526.65,1509.8876,15348639,1522.355,0.2821286756374164,1.036360354,0.002821286756374218,-0.006337726,0.01026198354746024,0.038274755,0.8366218895252382,Uncertain,4.56536087805165,0.06179767233599721,-0.022789105504064218,0.025570204600631145,,neutral
INDUSINDBK.NSE,04-03-2024,1529.95,1571.5,1520.35,1563.75,1546.5802,13132313,1527.0875,2.400812003241448,2.479364985,0.024008120032414586,0.018726785,0.031448816823500605,0.018177209,1.0355426036101154,Uncertain,4.442869222683769,0.5403742228071274,0.021186833276040366,0.022789105504064218,,neutral
INDUSINDBK.NSE,11-03-2024,1566.1,1568.75,1456.7,1484.35,1468.052,14415667,1529.2400000000002,3.024219355273372,1.905678862,0.029354450576757292,-0.018558894,0.026533163820383072,0.024896621,0.9774745296120655,Uncertain,4.430344982286097,0.6826148679990263,0.005346330544342706,0.022789105504064218,,neutral
INDUSINDBK.NSE,18-03-2024,1487.25,1520.35,1422.7,1512.1,1495.4973,20206061,1532.3325,1.338039812181746,0.256375699,0.013203726997893782,-0.012958972,0.026533163820383072,0.031517866,1.0041711295718396,Uncertain,4.3009548190329525,0.3111029686386237,-0.01615072357886351,0.01615072357886351,,neutral
INDUSINDBK.NSE,26-03-2024,1512.1,1564.5,1502.2,1553.0,1535.9483,21419267,1535.0425,1.1698373172078336,1.147648079,0.011698373172078285,0.020391409,0.005346330544342706,0.031517866,0.9700334717646563,Uncertain,4.104605109662196,0.2850060568443111,-0.0015053538258154968,0.017656077404679008,,neutral
INDUSINDBK.NSE,01-04-2024,1553.0,1572.75,1511.2,1552.4,1535.3548,17570486,1537.7400000000002,0.953347119799175,0.91821951,0.009533471197991762,-0.008405354,0.0,0.021364326,0.653174163929762,Uncertain,4.009245187403609,0.23778718318212,-0.0021649019740865236,0.019820979378765532,,neutral
INDUSINDBK.NSE,08-04-2024,1560.0,1576.35,1541.0,1555.65,1538.5692,7826757,1541.7125,0.9040271775703879,0.98426132,0.009040271775703965,-0.00107202,0.0,0.009477374,0.3858420105460464,Uncertain,3.9770411558691388,0.22731149669805784,-0.0004931994222877965,0.004163455222189817,,neutral
INDUSINDBK.NSE,15-04-2024,1544.95,1557.9,1444.4,1482.05,1465.7773,13678165,1542.7625,4.0965217097938655,1.030424904,0.03935310846614439,0.014836406,0.030312836690440426,0.009477374,0.7084115106784659,Uncertain,3.777661721597102,1.084406707560347,0.030312836690440426,0.00265810139637432,,neutral
INDUSINDBK.NSE,22-04-2024,1494.0,1519.0,1443.3,1446.4,1430.5187,16892043,1539.635,6.446003871681416,0.052270375,0.06055656048349115,0.019444565,0.05151628870778718,0.00107202,1.8940787300781197,Uncertain,3.552821391861823,1.8143337817225444,0.02120345201734676,0.0004931994222877965,,neutral
INDUSINDBK.NSE,29-04-2024,1458.75,1537.0,1450.1,1483.7,1467.4092,16430728,1535.2800000000002,3.476444025072456,0.859077296,0.033596477515502154,-0.027650606,0.05151628870778718,0.027650606,2.3619993427203894,Uncertain,3.5220837794108824,0.9870418317118906,-0.026960082967988998,0.026960082967988998,,neutral
INDUSINDBK.NSE,06-05-2024,1495.7,1510.0,1393.45,1410.15,1394.6667,14610592,1527.67,8.333865191646272,0.877355434,0.07692760871130544,0.033721215,0.06453458321315005,0.027650606,2.948164659965887,Uncertain,3.2288460650017496,2.581066122036312,0.043331131195803285,0.026960082967988998,bearish,bearish
INDUSINDBK.NSE,13-05-2024,1415.35,1429.85,1377.25,1412.35,1396.8426,16760174,1518.34,7.504513753672959,1.74667965,0.06980649920307705,-0.01659646,0.043331131195803285,0.044247066,2.6389039023000938,Uncertain,3.0950640560000218,2.4246715473060654,-0.00712110950822839,0.03408119247621739,bearish,bearish
INDUSINDBK.NSE,21-05-2024,1420.0,1451.0,1391.85,1441.8,1425.9692,18349143,1508.27,4.610209460396719,0.241944108,0.04407035875539527,-0.03301519,0.043331131195803285,0.04961165,1.7364657133183432,Uncertain,2.8569894623418643,1.613659945605031,-0.025736140447681778,0.03285724995591017,,bearish
INDUSINDBK.NSE,27-05-2024,1447.85,1478.8,1439.15,1461.85,1445.7991,16981026,1497.6625,2.4498067517187083,1.714931241,0.0239122632769399,0.010311592,0.0,0.04961165,1.2685451006760733,Uncertain,2.9047991838208413,0.8433652712943631,-0.02015809547845537,0.053015345434365535,,bearish
INDUSINDBK.NSE,03-06-2024,1514.95,1534.9,1363.55,1492.1,1475.7169,34435840,1494.2125,0.14157898264193225,3.483191232,0.001413788199469742,0.015536019,0.0,0.03301519,0.6823797834305756,Uncertain,3.025563025636048,0.0467942599252808,-0.02249847507747016,0.0683927110036073,,bearish
INDUSINDBK.NSE,10-06-2024,1498.5,1515.9,1473.0,1502.35,1485.8544,14727005,1493.73,0.5770788562859286,1.552090425,0.005770788562859346,0.004852052,0.004357000363389604,0.0,0.37433590579135595,Uncertain,2.9536054764784305,0.19538115732842454,0.004357000363389604,0.04265657055592553,,neutral
INDUSINDBK.NSE,18-06-2024,1514.0,1550.0,1499.1,1527.15,1510.3821,22653379,1493.4,2.25994375251104,1.613434392,0.022599437525110486,0.003152695,0.021185649325640744,0.0,0.24396346530291632,Uncertain,2.8830862147329857,0.7838627027393084,0.01682864896225114,0.02249847507747016,,neutral
INDUSINDBK.NSE,24-06-2024,1507.15,1521.0,1460.5,1464.5,1464.5,25115710,1492.3125,1.8991123250255981,0.59509143,0.018637182225572726,-0.025250381,0.021185649325640744,0.025250381,0.6651337308581724,Uncertain,2.9220405654078103,0.6499267489671388,-0.0039622552995377605,0.0039622552995377605,,neutral
INDUSINDBK.NSE,01-07-2024,1468.95,1469.0,1420.65,1434.25,1434.25,20944621,1489.3425000000002,3.8412062053338136,0.170447858,0.03699115549311202,0.019593937,0.03518262222979043,0.025250381,1.364563525040463,Uncertain,2.8815272300754597,1.3330452564327224,0.018353973267539295,0.0039622552995377605,,neutral
INDUSINDBK.NSE,08-07-2024,1428.0,1450.95,1415.05,1434.55,1434.55,15634172,1487.0549999999998,3.660032762887311,0.520227037,0.035308041733493306,-0.003190273,0.018353973267539295,0.028440653,1.6713655226352424,Uncertain,3.0792537595030374,1.1886103091022955,-0.0016831137596187151,0.005645369059156476,,neutral
INDUSINDBK.NSE,15-07-2024,1438.5,1460.85,1429.0,1432.45,1432.45,13186099,1482.345,3.483193130650286,0.132578452,0.033659505715606004,-0.005159839,0.018353973267539295,0.008350111,1.833444491543643,Uncertain,3.1492104683722517,1.1060528235988818,-0.0016485360178873018,0.003331649777506017,,neutral
INDUSINDBK.NSE,22-07-2024,1428.0,1429.95,1359.05,1403.9,1403.9,18731157,1474.3525,5.018341762233769,0.987670326,0.04778538375320683,0.00863477,0.014125878037600827,0.008350111,1.7025581030012753,Uncertain,3.174709011448747,1.5807249559365752,0.014125878037600827,0.003331649777506017,,neutral
INDUSINDBK.NSE,29-07-2024,1415.0,1444.95,1392.7,1404.3,1404.3,19382625,1470.35,4.703410952075759,1.078458354,0.04492127724691397,-0.014157767,0.014125878037600827,0.019317605,1.2761825175630044,Uncertain,3.3791702308960816,1.3918834005673986,-0.00286410650629286,0.004512642524180162,,neutral
INDUSINDBK.NSE,05-08-2024,1388.0,1407.3,1329.2,1349.8,1349.8,23438774,1462.2350000000001,8.329752555934222,0.162673421,0.07689256514855694,0.025331077,0.046097165939243796,0.014157767,1.9120657598193107,Uncertain,3.575479877277633,2.329687997650399,0.03197128790164297,0.00286410650629286,bearish,bearish
INDUSINDBK.NSE,12-08-2024,1349.8,1371.65,1335.95,1364.15,1364.15,18666692,1452.7925,6.4980024190888,2.540645554,0.061015251661885594,-0.018263236,0.03197128790164297,0.032421003,1.8952258344339141,Uncertain,3.985280179285136,1.630500774541374,-0.015877313486671346,0.018741419992964206,,bearish
INDUSINDBK.NSE,19-08-2024,1370.05,1395.95,1345.55,1388.55,1388.55,22607399,1444.6,4.03658492672212,0.343421925,0.03879966772809079,-0.022926597,0.03197128790164297,0.041189834,1.834882516507221,Uncertain,4.296056581591714,0.9396023655783745,-0.022215583933794802,0.03809289742046615,,bearish
INDUSINDBK.NSE,26-08-2024,1395.3,1430.0,1377.55,1425.25,1425.25,16350854,1438.0800000000002,0.9001929486055271,3.264021087,0.008921617712505669,0.024437554,0.0,0.041189834,1.561828307763201,Uncertain,4.29272676030995,0.2097018978539715,-0.029878050015585123,0.06797094743605127,,bearish
INDUSINDBK.NSE,02-09-2024,1425.25,1451.9,1401.5,1409.35,1409.35,15331099,1434.4450000000002,1.7806080817398318,3.286471081,0.01749457107104159,-0.012107191,0.008572953358535921,0.035033789,0.6391354774772704,Uncertain,3.984626153472401,0.4468695463909761,0.008572953358535921,0.05209363394937992,,bearish
INDUSINDBK.NSE,09-09-2024,1409.35,1470.95,1400.1,1464.05,1464.05,12275742,1435.3274999999999,2.0011112446462587,2.094311196,0.020011112446462625,0.031856162,0.011089494733956956,0.012107191,0.37303701528256106,Continuation,3.8904130455094776,0.5143698679902505,0.002516541375421035,0.029878050015585123,,neutral
INDUSINDBK.NSE,16-09-2024,1469.95,1498.0,1461.1,1480.2,1480.2,16525697,1435.1525,3.13886503350691,1.671005114,0.03138865033506901,-0.004623677,0.022467032622563343,0.016730869,0.7047722717604494,Uncertain,3.538593381787255,0.8870375018679169,0.011377537888606386,0.0,,neutral
INDUSINDBK.NSE,23-09-2024,1490.2,1490.85,1432.25,1462.7,1462.7,19613685,1437.7800000000002,1.7332276147950187,0.821751554,0.0173322761479502,-0.024054054,0.013894079264027422,0.028677731,0.8862837194986435,Uncertain,3.2960573417780297,0.5258487444457032,-0.01405637418711881,0.01405637418711881,,neutral
INDUSINDBK.NSE,30-09-2024,1467.0,1474.8,1380.85,1382.85,1382.85,10526786,1436.3049999999998,3.865567487435362,0.562901733,0.03721702563174251,0.021021346,0.031262287372398695,0.028677731,1.2458279504305025,Uncertain,3.1362250170223795,1.2325542543836476,0.019884749483792312,0.01405637418711881,,neutral
INDUSINDBK.NSE,07-10-2024,1388.0,1394.05,1335.55,1347.6,1347.6,16007260,1431.595,6.232932620955789,0.512676988,0.05867232003464675,0.016005716,0.04134004388669655,0.024054054,1.6916599188545833,Uncertain,3.2148783912288605,1.9387771052121514,0.021455294402904238,0.01405637418711881,,neutral
INDUSINDBK.NSE,14-10-2024,1354.6,1374.45,1331.0,1347.25,1347.25,11313509,1425.8650000000002,5.835219892373367,0.816631213,0.05513495316877841,-0.006676683,0.04134004388669655,0.006676683,1.9702775074919652,Uncertain,3.5532869266907414,1.6422034056810162,-0.0035373668658683424,0.0035373668658683424,,neutral
INDUSINDBK.NSE,21-10-2024,1352.05,1353.95,1025.5,1041.6,1041.6,74283130,1403.34,34.72926267281107,0.272651032,0.2577707469323186,0.177547471,0.2240910881664444,0.006676683,4.288766059753771,Uncertain,3.8454058731400433,9.031364651360505,0.20263579376354018,0.0035373668658683424,bearish,bearish
INDUSINDBK.NSE,28-10-2024,1051.4,1084.65,1018.1,1062.5,1062.5,32909125,1381.3475,30.00917647058825,7.161996233,0.23082352557918992,-0.058759863,0.20263579376354018,0.065436547,5.579467808657604,Uncertain,5.649256924267823,5.312057297602483,-0.026947221353128686,0.03048458821899703,bullish,bullish
INDUSINDBK.NSE,04-11-2024,1067.0,1098.6,1048.05,1053.8,1053.8,24147534,1357.6799999999998,28.836591383564226,1.730741241,0.2238229921631017,-0.039913091,0.20263579376354018,0.098672954,6.619235598247735,Uncertain,7.210927154576859,3.9990129931157754,-0.007000533416088223,0.03394775476921691,bearish,bearish
INDUSINDBK.NSE,11-11-2024,1053.0,1067.8,1015.0,1017.15,1017.15,14567475,1335.3125,31.279801405888996,0.986393895,0.23826819564708637,-0.014507559,0.014445203483984675,0.113180513,5.89156292312366,Uncertain,8.59955966447855,3.6373724500213354,0.014445203483984675,0.03394775476921691,bearish,bearish
INDUSINDBK.NSE,18-11-2024,1015.5,1032.0,966.4,998.2,998.2,21779701,1313.51,31.587858144660387,0.644395336,0.2400514651582401,-0.030164976,0.01622847299513841,0.084585626,3.6703960208312503,Uncertain,10.13399125575642,3.117020465822635,0.0017832695111537344,0.007000533416088223,bearish,bearish
INDUSINDBK.NSE,25-11-2024,1020.0,1022.05,987.3,995.85,995.85,23318576,1291.575,29.695737309835813,0.067123673,0.2289646361999884,-0.050034431,0.01622847299513841,0.094706966,2.2070762578704355,Uncertain,11.695361534312537,2.5391038338329874,-0.011086828958251721,0.011086828958251721,bearish,bearish
INDUSINDBK.NSE,02-12-2024,990.05,1011.5,979.0,990.35,990.35,25403915,1269.4699999999998,28.18397536224564,0.150119625,0.21987128486691282,-0.002719638,0.0017832695111537344,0.082919045,0.6465296896532735,Uncertain,13.066327953623762,2.1569928033552235,-0.009093351333075567,0.020180180291327288,bullish,bullish
INDUSINDBK.NSE,09-12-2024,992.8,1005.5,965.55,986.65,986.65,23534734,1248.6075,26.550195104647045,0.04522779,0.20979971688460952,-0.008518872,0.0,0.061272941,0.5339089605758837,Uncertain,14.370803754188756,1.8475094057914665,-0.010071567982303298,0.030251748273630585,,neutral
INDUSINDBK.NSE,16-12-2024,987.9,1007.95,926.45,929.45,929.45,17442362,1224.865,31.783850664371393,1.335575792,0.2411816812465047,0.037407236,0.031381964361895165,0.01123851,0.6044289409298222,Uncertain,15.38305056245058,2.06616044947252,0.031381964361895165,0.019164919315378864,bearish,bearish
INDUSINDBK.NSE,23-12-2024,938.95,971.1,928.25,953.4,953.4,19668066,1205.0449999999998,26.394482903293472,0.498559634,0.20882622640648266,-0.034810467,0.031381964361895165,0.043329339,0.5774194947874446,Uncertain,16.787819909410718,1.572240055333067,-0.03235545484002203,0.04242702282232533,,neutral
INDUSINDBK.NSE,30-12-2024,953.3,1025.4,948.85,997.9,997.9,24338895,1186.7325,18.922988275378305,5.65372708,0.1591196836692347,5.24193e-05,0.031381964361895165,0.034810467,0.6819968848957734,Uncertain,18.029925352553576,1.0495322584737292,-0.04970654273724795,0.08206199757726998,,neutral
INDUSINDBK.NSE,06-01-2025,1004.95,1004.95,933.05,937.6,937.6,19479472,1164.185,24.166488907849825,2.042940532,0.19462971950334348,0.006432996,0.03551003583410878,0.034810467,0.8221526653268882,Uncertain,19.031191759596506,1.2698358154929439,0.03551003583410878,0.08206199757726998,,neutral
INDUSINDBK.NSE,13-01-2025,936.9,990.65,934.5,970.95,970.95,25137450,1141.4699999999998,17.56218136876253,0.984648087,0.14938631764303906,-0.020677423,0.03551003583410878,0.020677423,0.5965840668721947,Uncertain,20.274851805491508,0.8662051657514832,-0.04524340186030443,0.09494994459755238,,neutral
INDUSINDBK.NSE,20-01-2025,966.2,988.55,948.1,950.8,950.8,16792562,1118.5425,17.64224863273034,1.063997002,0.14996524495046015,-0.002463583,0.03608896314152987,0.023141006,0.6167459830227991,Uncertain,21.139355701275743,0.8345688904636599,0.0005789273074210954,0.04524340186030443,,neutral
INDUSINDBK.NSE,27-01-2025,947.0,1023.0,923.7,1009.4,1009.4,28117313,1095.81,8.5605310085199,1.420161987,0.07885491097909307,0.034459898,0.0005789273074210954,0.023141006,0.49457363113651315,Uncertain,21.945099234565937,0.3900885075532548,-0.07111033397136708,0.11635373583167151,,neutral
INDUSINDBK.NSE,03-02-2025,994.0,1086.55,990.1,1079.1,1079.1,26381676,1075.7549999999999,0.3109444064866018,2.450580677,0.0031094440648660967,0.048336269,0.0005789273074210954,0.002463583,0.3557902852326696,Continuation,22.32439386755065,0.01392845908074446,-0.07574546691422697,0.14685580088559405,,neutral
INDUSINDBK.NSE,10-02-2025,1076.0,1082.0,1018.2,1024.4,1024.4,21940255,1053.84,2.8738773916438642,1.630637207,0.02793592955287314,-0.059786021,0.024826485488007043,0.059786021,0.290860735144228,Uncertain,22.126914807497943,0.1298815228714136,0.024826485488007043,0.14685580088559405,,neutral
INDUSINDBK.NSE,17-02-2025,1024.4,1055.8,1013.1,1043.75,1043.75,12290287,1036.885,0.6620792083982252,0.621626165,0.0066207920839823214,0.001127711,0.024826485488007043,0.059786021,0.1468357886231382,Uncertain,21.940300628091723,0.030176396377655748,-0.02131513746889082,0.09706060438311778,,neutral
INDUSINDBK.NSE,24-02-2025,1030.1,1063.3,970.1,990.1,990.1,68321317,1019.0099999999999,2.9199070800929094,0.660556314,0.028370673496825212,-0.004547729,0.04657636690084993,0.064333751,0.6332684184621321,Uncertain,21.65290392342644,0.13485059973567057,0.02174988141284289,0.02131513746889082,,neutral
INDUSINDBK.NSE,03-03-2025,978.95,1003.6,932.3,936.75,936.75,25038702,998.4849999999999,6.590338937816909,0.149653867,0.061828670435710005,0.050367658,0.05520787835172768,0.004547729,1.2104775196418642,Uncertain,19.885717501608763,0.33141066885234327,0.03345799693888479,0.02131513746889082,,neutral
INDUSINDBK.NSE,10-03-2025,895.0,913.35,606.0,672.35,672.35,257364730,980.0225,45.76076448278425,0.998533015,0.3139443227068766,0.221876469,0.3073235306228943,0.004547729,3.65162259012347,Uncertain,18.584670972010354,2.4622854260752183,0.2521156522711666,0.0,bearish,bearish
INDUSINDBK.NSE,17-03-2025,705.0,709.9,672.3,686.9,686.9,56657660,961.2425,39.93921968263212,5.641024466,0.2854040473657792,-0.067727634,0.2855736492100514,0.067727634,6.0667043669714165,Uncertain,19.524902810855913,2.045552803490821,-0.028540275341097432,0.028540275341097432,bearish,bearish
INDUSINDBK.NSE,24-03-2025,692.0,693.75,633.6,649.85,649.85,87169177,941.0450000000001,44.80957143956299,2.136126452,0.30943791210834765,-0.013255314,0.2761495170137351,0.080982949,7.996603548802559,Uncertain,20.00598160400831,2.2398086895463876,0.024033864742568467,0.028540275341097432,bearish,bearish
INDUSINDBK.NSE,01-04-2025,649.0,714.7,646.85,682.0,682.0,45614188,924.2875,35.526026392961874,0.671877424,0.26213434672653263,-0.103108496,0.024033864742568467,0.184091445,7.519347789351834,Uncertain,20.740521231502896,1.7128801150378608,-0.047303565381815016,0.07584384072291245,,bearish
INDUSINDBK.NSE,07-04-2025,637.0,695.9,637.0,689.5,689.5,24285632,908.8525,31.813270485859313,0.270416698,0.24135104431137064,-0.072119218,0.024033864742568467,0.188483028,5.130089731143467,Uncertain,21.064426180565455,1.5102842210442458,-0.02078330241516199,0.06808686779697701,,bearish
INDUSINDBK.NSE,15-04-2025,705.0,801.0,693.05,794.7,794.7,57692224,898.7950000000001,13.09865357996729,1.277761753,0.11581617610244829,0.100228462,0.0,0.175227714,2.630089731143466,Uncertain,21.266053687432883,0.6159419031142531,-0.12553486820892235,0.19362173600589935,,bearish
INDUSINDBK.NSE,21-04-2025,802.0,841.9,775.4,822.35,822.35,86297963,890.3950000000001,8.2744573478446,1.600898242,0.07642113893272094,-0.00124853,0.0,0.073367748,0.2120677180479103,Uncertain,20.51874582495067,0.40326330948468153,-0.03939503716972735,0.18571320779381167,,neutral
INDUSINDBK.NSE,28-04-2025,828.0,863.5,810.05,856.45,856.45,43786829,883.885,3.20333936598749,1.442796195,0.031039105766021535,0.002488467,0.0,0.00124853,0.11074194179163165,Uncertain,19.21266841847696,0.16673058089665543,-0.045382033166699406,0.2103119385453491,,neutral
INDUSINDBK.NSE,05-05-2025,855.0,862.0,805.5,818.2,818.2,45713948,878.3225,7.348142263505242,0.865161128,0.06845150841518911,-0.090488236,0.03741240264916758,0.091736766,0.1436615760877937,Uncertain,17.924271555293295,0.4099548615316102,0.03741240264916758,0.08477707033642676,,neutral
INDUSINDBK.NSE,12-05-2025,835.0,838.0,750.0,780.2,780.2,69105516,869.6625,11.466611125352477,0.385692524,0.10287036637776147,-0.035909689,0.07183126061173993,0.126397925,0.5983091267793895,Uncertain,17.28122455463368,0.663530011377457,0.03441885796257235,0.045382033166699406,,neutral
INDUSINDBK.NSE,19-05-2025,779.9,799.7,725.8,793.4,793.4,74703615,859.4375,8.32335518023697,0.113597887,0.07683804814195334,0.004717064,0.07183126061173993,0.126397925,1.2653649783977396,Uncertain,16.575675788939385,0.5021427353080214,-0.026032318235808122,0.026032318235808122,,neutral
INDUSINDBK.NSE,26-05-2025,793.35,827.6,790.75,816.95,816.95,35458589,853.405,4.462329395923859,0.192663053,0.04271711555474825,-0.018665738,0.03441885796257235,0.054575427,1.4406151272027128,Uncertain,16.062407667354634,0.277811987364331,-0.0341209325872051,0.06015325082301322,,neutral
INDUSINDBK.NSE,02-06-2025,815.0,845.85,798.15,822.85,822.85,25495881,846.0,2.8133924773652508,0.785514764,0.0273640661938534,0.007139565,0.0,0.018665738,1.2969535511149186,Uncertain,15.330189931976495,0.18351974044998182,-0.015353049360894846,0.07550630018390807,,neutral
INDUSINDBK.NSE,09-06-2025,831.25,857.35,813.05,816.85,816.85,25322697,839.3025,2.7486686662177906,1.966732349,0.026751379866019685,0.000824464,0.0,0.018665738,0.8423060004233228,Uncertain,15.01090445802346,0.1831114623308793,-0.0006126863278337162,0.05008666827593366,,neutral
INDUSINDBK.NSE,16-06-2025,817.05,855.5,806.05,840.25,840.25,50782067,830.845,1.1319800925563728,1.671116531,0.0113198009255637,0.024250191,0.0,0.0,0.17525014880497272,Uncertain,15.146333583564079,0.07473624467011157,-0.015431578940455985,0.03139731462918455,,neutral
INDUSINDBK.NSE,23-06-2025,835.2,881.0,823.8,857.7,857.7,30720503,819.775,4.626269403189909,1.615762294,0.04626269403189908,0.004947257,0.03494289310633538,0.0,0.4276186104141502,Uncertain,15.049561511392552,0.3074022721318367,0.03494289310633538,0.0160442652682897,,neutral
INDUSINDBK.NSE,30-06-2025,864.75,892.8,845.55,856.25,856.25,26779662,811.3675000000001,5.531710353199992,1.247049061,0.0553171035319999,-0.014781436,0.0439973026064362,0.014781436,0.9767467501678162,Uncertain,15.26979429999209,0.36226489005178397,0.009054409500100821,0.015431578940455985,,neutral
INDUSINDBK.NSE,07-07-2025,847.0,867.7,839.55,858.85,858.85,14455957,802.1225000000001,7.07217413799015,0.481627577,0.07072174137990139,-0.005414681,0.05940194045433769,0.020196117,2.4617952615262584,Uncertain,15.414894481831372,0.45878835864401835,0.015404637847901491,0.0,,neutral
INDUSINDBK.NSE,14-07-2025,858.8,890.9,857.45,870.05,870.05,16809798,796.12,9.286288499221218,0.868671895,0.09286288499221217,0.003737799,0.046600190960313086,0.020196117,3.6268000355340853,Uncertain,15.441663104063217,0.6013787787390392,0.022141143612310774,0.0,,neutral
INDUSINDBK.NSE,21-07-2025,870.05,884.65,821.4,823.7,823.7,21888772,790.4675,4.204157666191222,0.729751358,0.04204157666191219,0.008633264,0.037545781460212264,0.005414681,3.417299145811919,Uncertain,13.415303327198606,0.31338521117652113,-0.05082130833029998,0.05082130833029998,,neutral
INDUSINDBK.NSE,28-07-2025,825.0,828.75,779.7,783.7,783.7,35127396,796.035,1.573944111267056,0.329457729,0.015495549818789279,0.036685846,0.022141143612310774,0.0,2.959983894251313,Uncertain,11.430022104063001,0.13770263057562857,-0.026546026843122912,0.0773673351734229,,neutral
INDUSINDBK.NSE,04-08-2025,783.0,848.7,779.0,782.45,782.45,32257447,800.8125,2.3467953223848204,0.707060675,0.02292983688441421,-0.012575672,0.007434287065624932,0.012575672,1.505763210899542,Uncertain,9.028042808046559,0.25994508137391165,0.007434287065624932,0.0773673351734229,,neutral
INDUSINDBK.NSE,11-08-2025,784.5,791.35,765.7,769.75,769.75,9065529,806.8075000000001,4.814225397856453,0.908445325,0.04593103063618039,-0.001110042,0.030435480817391114,0.013685714,0.6199326526587043,Uncertain,7.184752193014502,0.6700614396328333,0.02300119375176618,0.026546026843122912,,neutral
INDUSINDBK.NSE,18-08-2025,777.5,795.9,758.75,760.1,760.1,13977325,810.7125000000001,6.658663333771875,0.111944468,0.06242965292875102,-0.007389921,0.046934103109961746,0.021075635,1.5751675097157638,Uncertain,5.6848052436810095,1.1713089628133462,0.016498622292570632,0.0,,neutral
INDUSINDBK.NSE,25-08-2025,767.95,775.0,738.0,739.5,739.5,11721363,813.2125,9.967883705206226,0.111764624,0.09064358946769753,-0.000151155,0.06771375258328333,0.008651118,3.1761984361047872,Uncertain,5.327028007781264,1.8711904068546288,0.028213936538946507,0.0,,neutral
INDUSINDBK.NSE,01-09-2025,742.4,773.4,741.5,757.05,757.05,8975160,811.33,7.169935935539273,0.727983387,0.0669024934367028,-0.036748957,0.04471255883151714,0.044290032,3.5849060795288223,Uncertain,5.42110724985691,1.3225962160642595,-0.023741096030994724,0.023741096030994724,,neutral
INDUSINDBK.NSE,08-09-2025,759.5,760.5,745.1,751.25,751.25,5028405,807.775,7.52412645590681,0.057669441,0.06997616910649622,0.000593201,0.03128761220873992,0.036900112,3.6132968017008373,Uncertain,5.64147372594312,1.3337164757687416,0.003073675669793413,0.023741096030994724,,neutral
