index,symbol,date,open,high,low,close,adjusted_close,volume,shl_HighLow,shl_Level,bos_BOS,bos_CHOCH,bos_Level,bos_BrokenIndex,ob_OB,ob_Top,ob_Bottom,ob_OBVolume,ob_MitigatedIndex,ob_Percentage,fvg_FVG,fvg_Top,fvg_Bottom,fvg_MitigatedIndex,liq_Liquidity,liq_Level,liq_End,liq_Swept
0,BEL.NSE,2020-01-01,100.29,103.89,99.39,100.95,30.0785,63651267,-1.0,99.39,,,,,,,,,,,,,,,,,,
1,BEL.NSE,2020-01-06,99.51,100.89,94.44,97.2,28.9611,154895016,,,,,,,,,,,,,,,,,,,,
2,BEL.NSE,2020-01-13,98.19,108.96,97.56,108.6,32.3578,176728038,,,,,,,,,,,,,,,,,,,,
3,BEL.NSE,2020-01-20,108.99,108.99,99.99,101.85,30.3466,177647070,,,,,,,,,,,,,,,,,,,,
4,BEL.NSE,2020-01-27,101.7,103.5,89.91,90.66,27.0125,288044139,,,,,,,,,,,,,-1.0,99.99,88.14,26.0,,,,
5,BEL.NSE,2020-02-03,84.99,88.14,80.76,87.54,26.0829,228658521,,,,,,,,,,,,,,,,,,,,
6,BEL.NSE,2020-02-10,87.84,87.84,82.65,83.04,25.1492,155675658,,,,,,,,,,,,,,,,,,,,
7,BEL.NSE,2020-02-17,83.1,87.09,79.56,86.55,26.2122,149797956,,,,,,,,,,,,,,,,,,,,
8,BEL.NSE,2020-02-24,85.71,85.71,72.84,73.95,22.3962,157371732,,,,,,,,,,,,,-1.0,79.56,76.89,11.0,,,,
9,BEL.NSE,2020-03-02,75.99,76.89,69.15,71.49,21.6512,222961983,,,,,,,,,,,,,-1.0,72.84,70.56,11.0,,,,
10,BEL.NSE,2020-03-09,69.9,70.56,60.0,69.9,21.1697,225428589,,,,,,,,,,,,,,,,,,,,
11,BEL.NSE,2020-03-16,68.49,80.16,62.91,71.31,21.5967,293201592,1.0,80.16,,,,,,,,,,,,,,,1.0,79.635,16.0,25.0
12,BEL.NSE,2020-03-23,65.04,76.74,56.01,73.14,22.1509,154422834,-1.0,56.01,,,,,,,,,,,,,,,-1.0,56.88,19.0,0.0
13,BEL.NSE,2020-03-30,72.66,76.26,67.41,69.96,21.1878,124952328,,,,,,,,,,,,,,,,,,,,
14,BEL.NSE,2020-04-07,72.81,72.99,65.1,70.14,21.2423,117149490,,,,,,,,,,,,,,,,,,,,
15,BEL.NSE,2020-04-13,72.99,73.5,68.91,71.31,21.5967,194175381,,,,,,,,,,,,,,,,,,,,
16,BEL.NSE,2020-04-20,72.3,79.11,71.46,74.55,22.5779,310315935,1.0,79.11,1.0,,79.11,24.0,,,,,,,,,,,,,,
17,BEL.NSE,2020-04-27,75.21,75.84,71.34,72.09,21.8329,116528379,,,,,,,,,,,,,-1.0,71.46,70.71,20.0,,,,
18,BEL.NSE,2020-05-04,70.56,70.71,59.49,59.7,18.0805,158742678,,,,,,,,,,,,,-1.0,71.34,68.79,20.0,,,,
19,BEL.NSE,2020-05-11,60.51,68.79,57.75,67.74,20.5155,302408463,-1.0,57.75,,,,,1.0,68.79,57.75,666537700.0,0.0,43.326206,,,,,,,,
20,BEL.NSE,2020-05-18,71.01,71.79,61.5,63.06,19.0981,337780209,,,,,,,,,,,,,,,,,,,,
21,BEL.NSE,2020-05-26,63.54,70.44,63.36,69.21,20.9607,190940724,,,,,,,,,,,,,,,,,,,,
22,BEL.NSE,2020-06-01,69.99,74.79,68.64,73.95,22.3962,201488277,,,,,,,,,,,,,,,,,,,,
23,BEL.NSE,2020-06-08,75.21,77.4,67.41,71.91,21.7784,183598707,,,,,,,,,,,,,,,,,,,,
24,BEL.NSE,2020-06-15,71.94,81.51,69.21,80.04,24.2406,281450730,,,,,,,,,,,,,1.0,80.19,77.4,0.0,,,,
25,BEL.NSE,2020-06-22,81.9,86.46,80.19,85.29,25.8306,311266293,,,,,,,,,,,,,1.0,84.3,81.51,0.0,,,,
26,BEL.NSE,2020-06-29,84.96,97.95,84.3,97.2,29.4376,524731290,,,,,,,,,,,,,1.0,96.99,86.46,28.0,,,,
27,BEL.NSE,2020-07-06,98.19,105.39,96.99,99.69,30.1917,384040872,1.0,105.39,1.0,,105.39,32.0,,,,,,,,,,,,,,
28,BEL.NSE,2020-07-13,100.71,101.34,94.05,98.01,29.6829,195169668,,,,,,,,,,,,,,,,,,,,
29,BEL.NSE,2020-07-20,98.01,104.64,96.3,102.15,30.9368,235497612,,,,,,,,,,,,,,,,,,,,
30,BEL.NSE,2020-07-27,102.75,102.75,93.75,95.85,29.0288,232687152,-1.0,93.75,,-1.0,93.75,38.0,,,,,,,,,,,,,,
31,BEL.NSE,2020-08-03,96.0,102.24,95.04,99.21,30.0464,160450632,,,,,,,,,,,,,1.0,104.4,102.75,35.0,,,,
32,BEL.NSE,2020-08-10,105.45,118.44,104.4,113.16,34.2712,541157871,1.0,118.44,,1.0,118.44,50.0,,,,,,,1.0,109.65,102.24,35.0,,,,
33,BEL.NSE,2020-08-17,114.9,115.11,109.65,112.11,33.9532,204224409,,,,,,,,,,,,,,,,,,,,
34,BEL.NSE,2020-08-24,111.0,115.95,109.8,112.05,33.935,210220212,,,,,,,,,,,,,,,,,,,,
35,BEL.NSE,2020-08-31,112.5,113.1,104.4,106.41,32.2269,151022007,,,,,,,,,,,,,-1.0,109.8,108.15,37.0,,,,
36,BEL.NSE,2020-09-07,106.89,108.15,99.0,102.24,30.964,121821135,,,,,,,,,,,,,,,,,,,,
37,BEL.NSE,2020-09-14,105.99,109.65,102.21,103.89,31.8807,144834702,,,,,,,,,,,,,,,,,,,,
38,BEL.NSE,2020-09-21,103.71,103.8,89.64,93.3,28.631,188410722,,,,,,,,,,,,,-1.0,102.21,99.3,46.0,,,,
39,BEL.NSE,2020-09-28,93.99,99.3,93.84,96.09,29.4871,76033308,,,,,,,,,,,,,,,,,,,,
40,BEL.NSE,2020-10-05,96.39,96.99,91.8,92.79,28.4745,70326150,,,,,,,,,,,,,,,,,,,,
41,BEL.NSE,2020-10-12,93.06,95.01,87.69,90.99,27.9221,101356908,,,,,,,,,,,,,,,,,,,,
42,BEL.NSE,2020-10-19,91.41,95.16,88.44,92.61,28.4192,112597191,,,,,,,,,,,,,,,,,,,,
43,BEL.NSE,2020-10-26,92.61,92.76,86.34,87.0,26.6977,88636179,-1.0,86.34,,,,,1.0,92.76,86.34,765890900.0,0.0,29.687551,,,,,-1.0,87.66333,167.0,0.0
44,BEL.NSE,2020-11-02,87.84,93.51,87.24,92.46,28.3732,76831566,,,,,,,,,,,,,,,,,,,,
45,BEL.NSE,2020-11-09,94.5,97.41,91.74,96.6,29.6436,139410789,,,,,,,,,,,,,1.0,95.7,93.51,156.0,,,,
46,BEL.NSE,2020-11-17,97.56,109.89,95.7,108.36,33.2524,284424771,,,,,,,,,,,,,1.0,104.49,97.41,143.0,,,,
47,BEL.NSE,2020-11-23,108.54,113.79,104.49,111.09,34.0902,174408411,,,,,,,,,,,,,1.0,110.31,109.89,51.0,,,,
48,BEL.NSE,2020-12-01,111.09,117.99,110.31,115.74,35.5171,175324644,,,,,,,,,,,,,,,,,,,,
49,BEL.NSE,2020-12-07,115.86,122.49,111.09,114.66,35.1857,290563017,,,,,,,,,,,,,,,,,,,,
50,BEL.NSE,2020-12-14,115.65,122.7,115.2,121.26,37.211,300003210,,,,,,,,,,,,,,,,,,,,
51,BEL.NSE,2020-12-21,120.69,123.21,106.35,114.9,35.2594,228165870,,,,,,,,,,,,,,,,,,,,
52,BEL.NSE,2020-12-28,116.19,128.01,113.4,126.39,38.7853,381987141,,,,,,,,,,,,,1.0,126.9,123.21,57.0,,,,
53,BEL.NSE,2021-01-04,129.0,135.39,126.9,132.09,40.5344,309992271,,,,,,,,,,,,,1.0,129.54,128.01,55.0,,,,
54,BEL.NSE,2021-01-11,132.81,141.0,129.54,133.44,40.9487,252610449,,,,,,,,,,,,,,,,,,,,
55,BEL.NSE,2021-01-18,133.86,138.96,128.31,132.36,40.6173,219702912,,,,,,,,,,,,,,,,,,,,
56,BEL.NSE,2021-01-25,133.74,136.26,126.99,130.05,39.9084,206136261,,,,,,,,,,,,,,,,,,,,
57,BEL.NSE,2021-02-01,129.99,143.19,125.61,140.19,43.0201,227951352,,,,,,,,,,,,,,,,,,,,
58,BEL.NSE,2021-02-08,141.21,143.01,134.16,136.26,42.2359,174095160,,,,,,,,,,,,,,,,,,,,
59,BEL.NSE,2021-02-15,137.34,143.91,132.09,135.39,41.9662,213655575,,,,,,,,,,,,,,,,,,,,
60,BEL.NSE,2021-02-22,135.51,143.01,129.24,137.1,42.4963,181400448,,,,,,,,,,,,,,,,,,,,
61,BEL.NSE,2021-03-01,138.69,154.95,137.94,147.0,45.5649,267885840,1.0,154.95,1.0,,154.95,72.0,,,,,,,,,,,,,,
62,BEL.NSE,2021-03-08,147.99,150.69,139.05,140.04,43.4076,135646095,,,,,,,,,,,,,,,,,,,,
63,BEL.NSE,2021-03-15,141.36,141.36,125.01,127.95,39.6601,197032965,,,,,,,,,,,,,-1.0,139.05,131.94,66.0,,,,
64,BEL.NSE,2021-03-22,128.7,131.94,115.86,122.4,38.3595,206039508,-1.0,115.86,,,,,,,,,,,,,,,,,,
65,BEL.NSE,2021-03-30,123.99,126.99,122.91,126.09,39.5159,96850992,,,,,,,,,,,,,,,,,,,,
66,BEL.NSE,2021-04-05,126.84,134.94,125.01,129.9,40.7099,201709722,,,,,,,,,,,,,,,,,,,,
67,BEL.NSE,2021-04-12,127.89,129.69,120.51,128.01,40.1176,119061057,,,,,,,,,,,,,,,,,,,,
68,BEL.NSE,2021-04-19,124.11,129.0,122.16,126.9,39.7698,107410401,,,,,,,,,,,,,,,,,,,,
69,BEL.NSE,2021-04-26,128.01,136.44,127.71,131.76,41.2929,125044338,,,,,,,,,,,,,,,,,,,,
70,BEL.NSE,2021-05-03,131.01,143.4,128.85,137.91,43.2202,218363748,,,,,,,,,,,,,1.0,138.66,136.44,141.0,,,,
71,BEL.NSE,2021-05-10,138.99,155.61,138.66,143.34,44.922,321285069,,,,,,,,,,,,,1.0,143.91,143.4,73.0,,,,
72,BEL.NSE,2021-05-17,144.51,159.0,143.91,157.59,49.3878,358652580,,,,,,,,,,,,,,,,,,,,
73,BEL.NSE,2021-05-24,158.34,159.99,142.2,144.84,45.3921,578163912,1.0,159.99,1.0,,159.99,77.0,,,,,,,,,,,,,,
74,BEL.NSE,2021-05-31,145.56,153.21,143.7,152.79,47.8835,179053299,,,,,,,,,,,,,,,,,,,,
75,BEL.NSE,2021-06-07,153.0,155.49,148.26,154.05,48.2784,123041859,,,,,,,,,,,,,,,,,,,,
76,BEL.NSE,2021-06-14,153.0,153.36,140.49,146.19,45.8151,125704449,-1.0,140.49,,,,,,,,,,,,,,,,,,
77,BEL.NSE,2021-06-21,141.99,175.89,141.99,174.99,54.8409,656444682,,,,,,,,,,,,,1.0,172.56,153.36,84.0,,,,
78,BEL.NSE,2021-06-28,176.16,185.91,172.56,180.66,56.6179,259764639,,,,,,,,,,,,,1.0,178.41,175.89,81.0,,,,
79,BEL.NSE,2021-07-05,181.29,187.41,178.41,180.84,56.6743,145809255,,,,,,,,,,,,,,,,,,,,
80,BEL.NSE,2021-07-12,180.99,184.95,178.71,179.64,56.2982,87864693,,,,,,,,,,,,,,,,,,,,
81,BEL.NSE,2021-07-19,179.49,187.74,177.66,182.64,57.2384,94356804,,,,,,,,,,,,,,,,,,,,
82,BEL.NSE,2021-07-26,182.64,191.7,180.21,184.65,57.8683,132646611,1.0,191.7,1.0,,191.7,87.0,,,,,,,,,,,,,,
83,BEL.NSE,2021-08-02,185.01,186.99,174.09,175.41,54.9725,133973574,,,,,,,,,,,,,-1.0,180.21,175.59,85.0,,,,
84,BEL.NSE,2021-08-09,165.0,175.59,162.36,174.51,54.6905,216535683,-1.0,162.36,,,,,,,,,,,,,,,,,,
85,BEL.NSE,2021-08-16,174.15,181.86,170.31,171.06,53.6093,80352717,,,,,,,,,,,,,,,,,,,,
86,BEL.NSE,2021-08-23,172.41,186.0,169.14,185.31,58.0751,107655201,,,,,,,,,,,,,1.0,183.66,181.86,95.0,,,,
87,BEL.NSE,2021-08-30,184.89,199.56,183.66,198.6,62.2401,139998426,,,,,,,,,,,,,1.0,193.35,186.0,95.0,,,,
88,BEL.NSE,2021-09-06,201.24,202.89,193.35,197.04,61.7513,83114742,,,,,,,,,,,,,,,,,,,,
89,BEL.NSE,2021-09-13,197.49,209.01,194.7,205.29,64.7321,103185468,,,,,,,,,,,,,,,,,,,,
90,BEL.NSE,2021-09-20,202.5,210.69,201.06,205.5,64.7983,79356147,,,,,,,,,,,,,,,,,,,,
91,BEL.NSE,2021-09-27,206.1,212.46,199.14,201.75,63.6158,123935274,,,,,,,,,,,,,,,,,,,,
92,BEL.NSE,2021-10-04,201.99,208.5,198.0,200.16,63.1145,68448933,,,,,,,,,,,,,,,,,,,,
93,BEL.NSE,2021-10-11,200.16,213.96,200.16,210.54,66.3875,72348591,,,,,,,,,,,,,,,,,,,,
94,BEL.NSE,2021-10-18,205.26,221.49,200.01,201.45,63.5212,97587990,,,,,,,,,,,,,,,,,,,,
95,BEL.NSE,2021-10-25,202.5,218.85,183.45,206.85,65.224,138930645,,,,,,,,,,,,,,,,,,,,
96,BEL.NSE,2021-11-01,207.69,208.8,196.29,201.84,63.6442,70309593,,,,,,,,,,,,,,,,,,,,
97,BEL.NSE,2021-11-08,201.54,228.0,201.54,223.59,70.5024,150163863,1.0,228.0,,,,,,,,,,,,,,,,,,
98,BEL.NSE,2021-11-15,224.76,225.99,208.41,208.86,65.8578,63484005,,,,,,,,,,,,,,,,,,,,
99,BEL.NSE,2021-11-22,209.91,212.94,196.59,198.21,62.4996,78567705,,,,,,,,,,,,,,,,,,,,
100,BEL.NSE,2021-11-29,196.26,209.79,188.79,206.64,65.1578,86970546,-1.0,188.79,,,,,,,,,,,,,,,-1.0,189.14,112.0,141.0
101,BEL.NSE,2021-12-06,206.64,214.71,204.21,205.56,64.8172,78059850,1.0,214.71,1.0,,214.71,106.0,,,,,,,,,,,,,,
102,BEL.NSE,2021-12-13,206.79,212.91,200.31,201.3,63.4739,96254523,,,,,,,,,,,,,,,,,,,,
103,BEL.NSE,2021-12-20,200.91,209.76,191.64,204.06,64.3442,54550578,-1.0,191.64,,,,141.0,,,,,,,,,,,,,,
104,BEL.NSE,2021-12-27,204.0,213.0,201.51,209.94,66.1983,98893164,,,,,,,,,,,,,,,,,,,,
105,BEL.NSE,2022-01-03,209.76,219.06,207.51,208.05,65.6024,74064468,,,,,,,,,,,,,,,,,,,,
106,BEL.NSE,2022-01-10,208.95,222.09,207.24,220.11,69.4051,66834096,,,,,,,,,,,,,,,,,,,,
107,BEL.NSE,2022-01-17,222.0,222.81,204.99,206.94,65.2523,115163469,1.0,222.81,,1.0,222.81,118.0,,,,,,,,,,,,,,
108,BEL.NSE,2022-01-24,206.94,210.99,194.19,207.09,65.2996,98210523,,,,,,,,,,,,,,,,,,,,
109,BEL.NSE,2022-01-31,214.71,219.75,203.34,204.81,64.5807,142866081,,,,,,,,,,,,,,,,,,,,
110,BEL.NSE,2022-02-07,204.9,205.8,196.41,200.34,63.6498,83519283,,,,,,,,,,,,,,,,,,,,
111,BEL.NSE,2022-02-14,197.01,204.66,192.6,200.01,63.545,85911849,,,,,,,,,,,,,,,,,,,,
112,BEL.NSE,2022-02-21,198.0,201.84,186.99,200.16,63.5926,88403112,-1.0,186.99,,,,,,,,,,,,,,,,,,
113,BEL.NSE,2022-02-28,197.04,224.76,196.2,214.89,68.2725,161949855,,,,,,,,,,,,,1.0,206.55,201.84,115.0,,,,
114,BEL.NSE,2022-03-07,212.79,226.5,206.55,214.8,68.2439,155628225,,,,,,,,,,,,,,,,,,,,
115,BEL.NSE,2022-03-14,216.0,216.09,203.25,209.4,66.5282,111745725,,,,,,,,,,,,,,,,,,,,
116,BEL.NSE,2022-03-21,210.0,214.41,204.24,206.01,65.9281,129348354,,,,,,,,,,,,,,,,,,,,
117,BEL.NSE,2022-03-28,206.01,216.99,203.55,215.1,68.8371,115331355,,,,,,,,,,,,,1.0,215.79,214.41,123.0,,,,
118,BEL.NSE,2022-04-04,217.5,242.19,215.79,239.61,76.6808,336181266,,,,,,,,,,,,,1.0,237.45,216.99,121.0,,,,
119,BEL.NSE,2022-04-11,241.86,250.26,237.45,247.11,79.081,122450952,,,,,,,,,,,,,1.0,244.26,242.19,121.0,,,,
120,BEL.NSE,2022-04-18,246.0,259.5,244.26,251.64,80.5307,174790302,1.0,259.5,,,,,,,,,,,,,,,,,,
121,BEL.NSE,2022-04-25,249.99,253.41,236.76,238.56,76.3448,77451762,,,,,,,,,,,,,-1.0,244.26,239.85,125.0,,,,
122,BEL.NSE,2022-05-02,234.99,239.85,227.25,228.15,73.0134,65636358,,,,,,,,,,,,,-1.0,236.76,229.41,124.0,,,,
123,BEL.NSE,2022-05-09,225.0,229.41,215.76,218.76,70.0084,89822241,-1.0,215.76,,,,,,,,,,,,,,,,,,
124,BEL.NSE,2022-05-16,218.79,238.35,216.3,234.96,75.1927,80099457,,,,,,,,,,,,,,,,,,,,
125,BEL.NSE,2022-05-23,236.25,240.21,219.09,230.91,73.8966,87106857,,,,,,,,,,,,,,,,,,,,
126,BEL.NSE,2022-05-30,233.91,249.54,228.99,242.25,77.5257,93466839,,,,,,,,,,,,,,,,,,,,
127,BEL.NSE,2022-06-06,240.9,250.44,238.29,246.69,78.9466,82460787,1.0,250.44,1.0,,250.44,133.0,,,,,,,,,,,,,,
128,BEL.NSE,2022-06-13,243.0,243.9,228.81,234.69,75.1063,67597650,,,,,,,,,,,,,-1.0,238.29,236.25,130.0,,,,
129,BEL.NSE,2022-06-20,234.99,236.25,223.71,233.49,74.7223,55456110,-1.0,223.71,,-1.0,223.71,141.0,,,,,,,,,,,,,,
130,BEL.NSE,2022-06-27,234.99,241.29,227.25,229.8,73.5414,79556082,,,,,,,,,,,,,,,,,,,,
131,BEL.NSE,2022-07-04,228.69,242.46,224.16,236.01,75.5288,90095295,,,,,,,,,,,,,,,,,,,,
132,BEL.NSE,2022-07-11,235.8,246.69,230.19,245.49,78.5626,77090088,,,,,,,,,,,,,1.0,249.15,242.46,141.0,,,,
133,BEL.NSE,2022-07-18,249.75,270.09,249.15,266.79,85.3791,245700231,,,,,,,,,,,,,1.0,263.01,246.69,141.0,,,,
134,BEL.NSE,2022-07-25,269.7,276.9,263.01,275.19,88.0673,111751593,,,,,,,,,,,,,,,,,,,,
135,BEL.NSE,2022-08-01,276.21,287.79,267.24,276.15,88.3745,192662751,,,,,,,,,,,,,,,,,,,,
136,BEL.NSE,2022-08-08,275.46,292.26,274.8,291.09,93.6644,87570375,,,,,,,,,,,,,,,,,,,,
137,BEL.NSE,2022-08-16,292.5,295.71,283.35,285.09,91.7338,65032779,,,,,,,,,,,,,,,,,,,,
138,BEL.NSE,2022-08-22,285.0,307.89,282.81,305.34,98.2497,124068663,,,,,,,,,,,,,1.0,300.66,295.71,141.0,,,,
139,BEL.NSE,2022-08-29,301.8,329.7,300.66,324.54,104.4277,124080132,,,,,,,,,,,,,1.0,324.36,307.89,141.0,,,,
140,BEL.NSE,2022-09-05,327.84,333.81,324.36,328.14,105.5861,97012329,,,,,,,,,,,,,,,,,,,,
141,BEL.NSE,2022-09-12,329.85,341.61,108.6,111.0,107.1499,159993443,1.0,341.61,,,,,,,,,,,-1.0,324.36,113.75,179.0,1.0,341.055,236.0,280.0
142,BEL.NSE,2022-09-19,112.35,113.75,106.1,106.65,102.9507,85088013,,,,,,,,,,,,,-1.0,108.6,105.0,144.0,,,,
143,BEL.NSE,2022-09-26,105.0,105.0,96.25,100.95,97.4485,198222756,-1.0,96.25,,,,160.0,,,,,,,,,,,-1.0,95.45,156.0,160.0
144,BEL.NSE,2022-10-03,101.45,106.5,98.1,106.25,102.5646,76741677,,,,,,,,,,,,,,,,,,,,
145,BEL.NSE,2022-10-10,105.1,105.6,100.45,100.8,97.3037,45182763,,,,,,,,,,,,,,,,,,,,
146,BEL.NSE,2022-10-17,100.5,109.2,99.95,103.55,99.9583,100048388,,,,,,,,,,,,,,,,,,,,
147,BEL.NSE,2022-10-24,104.6,108.9,103.55,105.35,101.6958,66996088,,,,,,,,,,,,,,,,,,,,
148,BEL.NSE,2022-10-31,105.9,112.2,105.15,108.95,105.171,115727295,1.0,112.2,,,,,,,,,,,,,,,,,,
149,BEL.NSE,2022-11-07,109.4,111.2,104.7,107.3,103.5782,56379775,,,,,,,,,,,,,,,,,,,,
150,BEL.NSE,2022-11-14,107.3,111.4,105.45,107.35,103.6265,100543965,,,,,,,,,,,,,,,,,,,,
151,BEL.NSE,2022-11-21,107.1,109.1,104.5,107.15,103.4334,71085628,,,,,,,,,,,,,,,,,,,,
152,BEL.NSE,2022-11-28,107.1,108.75,103.85,106.15,102.4681,79995521,,,,,,,,,,,,,,,,,,,,
153,BEL.NSE,2022-12-05,106.35,108.4,104.25,105.8,102.1302,71720348,,,,,,,,,,,,,,,,,,,,
154,BEL.NSE,2022-12-12,106.0,106.55,97.85,99.45,96.0005,81476224,,,,,,,,,,,,,-1.0,104.25,102.2,159.0,,,,
155,BEL.NSE,2022-12-19,99.45,102.2,96.0,96.55,93.2011,82634432,,,,,,,,,,,,,,,,,,,,
156,BEL.NSE,2022-12-26,96.6,101.35,94.65,99.9,96.4349,52410002,-1.0,94.65,-1.0,,94.65,160.0,,,,,,,,,,,,,,
157,BEL.NSE,2023-01-02,100.4,101.2,98.3,98.95,95.5178,42398783,,,,,,,,,,,,,,,,,,,,
158,BEL.NSE,2023-01-09,99.9,101.7,97.4,99.95,96.4831,54431627,,,,,,,,,,,,,,,,,,,,
159,BEL.NSE,2023-01-16,100.45,104.0,100.2,101.8,98.269,54008580,1.0,104.0,,,,,-1.0,104.0,100.2,162193140.0,174.0,50.511192,,,,,,,,
160,BEL.NSE,2023-01-23,102.35,102.5,92.45,94.3,91.0291,53752930,,,,,,,,,,,,,-1.0,100.2,97.25,163.0,,,,
161,BEL.NSE,2023-01-30,92.95,97.25,87.0,93.85,90.5947,206335615,-1.0,87.0,,,,,,,,,,,,,,,,,,
162,BEL.NSE,2023-02-06,93.5,96.7,93.2,96.25,93.4971,46172025,,,,,,,,,,,,,,,,,,,,
163,BEL.NSE,2023-02-13,96.25,98.65,93.1,96.45,93.6913,88094080,1.0,98.65,1.0,,98.65,170.0,,,,,,,,,,,,,,
164,BEL.NSE,2023-02-20,96.7,96.75,93.65,95.35,92.6228,68287924,,,,,,,,,,,,,,,,,,,,
165,BEL.NSE,2023-02-27,95.35,97.7,93.15,95.85,93.1085,57166384,,,,,,,,,,,,,,,,,,,,
166,BEL.NSE,2023-03-06,96.35,97.25,93.55,94.9,92.1857,40086493,,,,,,,,,,,,,,,,,,,,
167,BEL.NSE,2023-03-13,94.05,94.9,89.65,93.4,90.7286,59523509,-1.0,89.65,,,,,1.0,94.9,89.65,237169700.0,0.0,23.534204,,,,,,,,
168,BEL.NSE,2023-03-20,93.0,94.5,90.85,91.55,89.5146,45182627,,,,,,,,,,,,,,,,,,,,
169,BEL.NSE,2023-03-27,93.1,98.45,89.9,97.55,95.3813,131517473,,,,,,,,,,,,,1.0,95.05,94.5,0.0,,,,
170,BEL.NSE,2023-04-03,98.95,99.0,95.05,98.75,96.5546,60469603,,,,,,,,,,,,,,,,,,,,
171,BEL.NSE,2023-04-10,98.9,101.8,98.75,100.9,98.6568,37421517,,,,,,,,,,,,,1.0,100.0,99.0,0.0,,,,
172,BEL.NSE,2023-04-17,101.0,103.85,100.0,102.8,100.5145,58220618,,,,,,,,,,,,,,,,,,,,
173,BEL.NSE,2023-04-24,102.8,103.45,100.4,103.3,101.0034,33440965,,,,,,,,,,,,,,,,,,,,
174,BEL.NSE,2023-05-02,104.0,108.25,103.5,106.3,103.9367,54363386,,,,,,,,,,,,,1.0,106.0,103.45,176.0,,,,
175,BEL.NSE,2023-05-08,106.3,109.0,106.0,107.3,104.9145,43435740,,,,,,,,,,,,,,,,,,,,
176,BEL.NSE,2023-05-15,107.1,109.75,105.7,107.0,104.6212,42816657,,,,,,,,,,,,,,,,,,,,
177,BEL.NSE,2023-05-22,108.55,111.3,107.3,110.7,108.2389,73000325,,,,,,,,,,,,,1.0,110.2,109.75,0.0,,,,
178,BEL.NSE,2023-05-29,111.0,113.5,110.2,113.3,110.7811,52999970,,,,,,,,,,,,,1.0,113.35,111.3,0.0,,,,
179,BEL.NSE,2023-06-05,113.35,121.45,113.35,120.35,117.6744,96538938,,,,,,,,,,,,,1.0,118.75,113.5,182.0,,,,
180,BEL.NSE,2023-06-12,120.95,127.25,118.75,125.2,122.4165,96141590,,,,,,,,,,,,,,,,,,,,
181,BEL.NSE,2023-06-19,126.35,127.35,119.5,120.05,117.381,77112733,,,,,,,,,,,,,,,,,,,,
182,BEL.NSE,2023-06-26,121.0,126.7,117.9,125.75,122.9543,126327152,,,,,,,,,,,,,,,,,,,,
183,BEL.NSE,2023-07-03,126.0,126.0,121.05,124.05,121.2921,78448113,,,,,,,,,,,,,,,,,,,,
184,BEL.NSE,2023-07-10,124.2,128.8,122.5,127.15,124.3232,95267556,,,,,,,,,,,,,,,,,,,,
185,BEL.NSE,2023-07-17,127.8,128.3,124.75,124.95,122.1721,47495024,,,,,,,,,,,,,,,,,,,,
186,BEL.NSE,2023-07-24,125.35,131.7,125.0,130.15,127.2565,81797436,,,,,,,,,,,,,,,,,,,,
187,BEL.NSE,2023-07-31,130.3,133.25,123.5,127.6,124.7632,77098818,,,,,,,,,,,,,,,,,,,,
188,BEL.NSE,2023-08-07,128.45,133.25,126.6,132.05,129.1142,56040786,,,,,,,,,,,,,,,,,,,,
189,BEL.NSE,2023-08-14,131.95,131.95,126.75,127.15,124.8939,31751768,,,,,,,,,,,,,,,,,,,,
190,BEL.NSE,2023-08-21,127.2,137.95,127.15,133.4,131.033,96549576,,,,,,,,,,,,,1.0,132.2,131.95,199.0,,,,
191,BEL.NSE,2023-08-28,136.1,138.4,132.2,137.85,135.4041,75390487,,,,,,,,,,,,,,,,,,,,
192,BEL.NSE,2023-09-04,139.5,144.3,137.6,143.3,140.7573,85126995,,,,,,,,,,,,,,,,,,,,
193,BEL.NSE,2023-09-11,144.35,147.15,133.3,135.7,133.2922,110785770,1.0,147.15,1.0,,147.15,204.0,,,,,,,,,,,,,,
194,BEL.NSE,2023-09-18,145.0,145.0,134.05,136.05,133.636,93077291,,,,,,,,,,,,,,,,,,,,
195,BEL.NSE,2023-09-25,136.3,138.65,133.6,138.3,135.8461,66530883,,,,,,,,,,,,,,,,,,,,
196,BEL.NSE,2023-10-03,137.9,141.35,136.55,139.0,136.5336,54906942,,,,,,,,,,,,,,,,,,,,
197,BEL.NSE,2023-10-09,136.2,141.0,135.05,137.45,135.0111,52732556,,,,,,,,,,,,,,,,,,,,
198,BEL.NSE,2023-10-16,137.0,138.95,133.5,134.2,131.8188,37426555,,,,,,,,,,,,,,,,,,,,
199,BEL.NSE,2023-10-23,134.3,135.9,127.0,132.2,129.8543,56489269,-1.0,127.0,,,,,1.0,135.9,127.0,199882110.0,0.0,39.53659,,,,,,,,
200,BEL.NSE,2023-10-30,133.5,137.0,130.75,135.95,133.5378,41622792,,,,,,,,,,,,,1.0,136.0,135.9,0.0,,,,
201,BEL.NSE,2023-11-06,136.95,141.15,136.0,138.8,136.3372,36675981,,,,,,,,,,,,,1.0,139.05,137.0,203.0,,,,
202,BEL.NSE,2023-11-13,139.15,146.5,139.05,146.1,143.5077,56635018,,,,,,,,,,,,,,,,,,,,
203,BEL.NSE,2023-11-20,146.4,146.75,137.35,140.35,137.8597,57912508,,,,,,,,,,,,,,,,,,,,
204,BEL.NSE,2023-11-28,141.65,150.3,140.4,147.45,144.8337,85334582,,,,,,,,,,,,,1.0,149.95,146.75,0.0,,,,
205,BEL.NSE,2023-12-04,152.0,162.35,149.95,158.75,155.9332,181430801,,,,,,,,,,,,,1.0,159.15,150.3,0.0,,,,
206,BEL.NSE,2023-12-11,159.8,170.2,159.15,169.05,166.0505,109706652,,,,,,,,,,,,,1.0,164.05,162.35,0.0,,,,
207,BEL.NSE,2023-12-18,171.75,176.3,164.05,174.8,171.6984,117431446,,,,,,,,,,,,,1.0,178.0,170.2,214.0,,,,
208,BEL.NSE,2023-12-26,178.0,185.2,178.0,184.2,180.9316,118701266,,,,,,,,,,,,,1.0,179.75,176.3,214.0,,,,
209,BEL.NSE,2024-01-01,184.8,188.65,179.75,185.95,182.6506,106965502,,,,,,,,,,,,,,,,,,,,
210,BEL.NSE,2024-01-08,186.75,187.65,182.05,183.5,180.2441,51520490,,,,,,,,,,,,,,,,,,,,
211,BEL.NSE,2024-01-15,184.9,193.7,180.0,191.85,188.4459,104527292,,,,,,,,,,,,,,,,,,,,
212,BEL.NSE,2024-01-23,195.25,195.5,184.0,189.7,186.334,53964136,1.0,195.5,1.0,,195.5,216.0,,,,,,,,,,,,,,
213,BEL.NSE,2024-01-29,190.0,193.7,181.55,184.6,181.3245,129116578,,,,,,,,,,,,,,,,,,,,
214,BEL.NSE,2024-02-05,187.0,187.1,176.5,180.65,178.1193,100382721,,,,,,,,,,,,,,,,,,,,
215,BEL.NSE,2024-02-12,181.25,190.4,171.75,188.3,185.6622,104230565,-1.0,171.75,,,,,1.0,190.4,171.75,373808930.0,0.0,36.712914,,,,,,,,
216,BEL.NSE,2024-02-19,189.95,207.0,186.25,205.3,202.424,169195636,,,,,,,,,,,,,1.0,199.75,190.4,219.0,,,,
217,BEL.NSE,2024-02-26,205.65,209.0,199.75,205.6,202.7198,131896533,,,,,,,,,,,,,,,,,,,,
218,BEL.NSE,2024-03-04,207.95,216.8,205.6,215.2,212.1853,126957838,1.0,216.8,1.0,,216.8,222.0,,,,,,,,,,,,,,
219,BEL.NSE,2024-03-11,216.45,216.45,179.1,188.85,186.2045,222545300,-1.0,179.1,,,,,1.0,216.45,179.1,453512420.0,0.0,45.3642,-1.0,205.6,198.95,221.0,,,,
220,BEL.NSE,2024-03-18,190.0,198.95,182.5,197.5,195.4282,141528847,,,,,,,,,,,,,,,,,,,,
221,BEL.NSE,2024-03-26,197.0,203.95,195.95,201.5,199.3863,80966086,,,,,,,,,,,,,1.0,203.75,198.95,0.0,,,,
222,BEL.NSE,2024-04-01,205.0,226.0,203.75,224.5,222.145,231017472,,,,,,,,,,,,,1.0,221.2,203.95,228.0,,,,
223,BEL.NSE,2024-04-08,225.55,235.4,221.2,233.5,231.0506,139863794,,,,,,,,,,,,,,,,,,,,
224,BEL.NSE,2024-04-15,230.0,238.0,225.7,233.3,230.8527,130035293,,,,,,,,,,,,,,,,,,,,
225,BEL.NSE,2024-04-22,236.0,241.65,231.75,238.95,236.4434,106815752,,,,,,,,,,,,,,,,,,,,
226,BEL.NSE,2024-04-29,240.15,240.2,230.75,234.1,231.6443,69344553,,,,,,,,,,,,,,,,,,,,
227,BEL.NSE,2024-05-06,235.1,238.2,223.15,227.1,224.7177,131501767,,,,,,,,,,,,,,,,,,,,
228,BEL.NSE,2024-05-13,228.4,249.65,221.0,248.2,245.5964,226899730,,,,,,,,,,,,,1.0,264.3,238.2,231.0,,,,
229,BEL.NSE,2024-05-21,283.0,299.9,264.3,297.2,294.0824,347077354,,,,,,,,,,,,,1.0,285.0,249.65,231.0,,,,
230,BEL.NSE,2024-05-27,301.75,303.2,285.0,295.95,292.8455,209597080,,,,,,,,,,,,,,,,,,,,
231,BEL.NSE,2024-06-03,323.0,323.0,230.0,283.2,280.2292,684408165,,,,,,,,,,,,,,,,,,,,
232,BEL.NSE,2024-06-10,288.9,310.5,281.1,309.6,306.3523,225502110,,,,,,,,,,,,,,,,,,,,
233,BEL.NSE,2024-06-18,313.0,321.0,302.25,304.95,301.7511,200684408,,,,,,,,,,,,,,,,,,,,
234,BEL.NSE,2024-06-24,304.8,314.95,297.45,305.9,302.6911,156755208,,,,,,,,,,,,,,,,,,,,
235,BEL.NSE,2024-07-01,310.95,326.8,303.0,324.05,320.6507,207106140,,,,,,,,,,,,,1.0,324.15,314.95,237.0,,,,
236,BEL.NSE,2024-07-08,328.45,340.5,324.15,333.1,329.6058,226426174,1.0,340.5,,,,,,,,,,,,,,,,,,
237,BEL.NSE,2024-07-15,336.0,336.05,305.0,306.3,303.0869,139964674,,,,,,,,,,,,,-1.0,324.15,317.0,239.0,,,,
238,BEL.NSE,2024-07-22,306.0,317.0,281.1,309.9,306.6491,192332671,-1.0,281.1,-1.0,,281.1,246.0,,,,,,,,,,,,,,
239,BEL.NSE,2024-07-29,312.8,326.55,301.7,302.95,299.772,172509954,,,,,,,-1.0,326.55,301.7,317906100.0,280.0,45.90967,,,,,,,,
240,BEL.NSE,2024-08-05,289.85,305.0,285.0,302.2,299.0299,149276701,,,,,,,,,,,,,,,,,,,,
241,BEL.NSE,2024-08-12,299.0,303.9,290.65,303.3,300.9313,68101927,,,,,,,,,,,,,,,,,,,,
242,BEL.NSE,2024-08-19,304.8,309.2,297.8,306.0,303.6102,73245510,1.0,309.2,,1.0,309.2,257.0,,,,,,,,,,,,,,
243,BEL.NSE,2024-08-26,308.7,308.9,292.1,299.3,296.9625,94030059,,,,,,,,,,,,,,,,,,,,
244,BEL.NSE,2024-09-02,301.95,301.95,282.05,283.6,281.3851,100027401,,,,,,,,,,,,,,,,,,,,
245,BEL.NSE,2024-09-09,282.0,294.0,275.75,289.95,287.6856,99235692,,,,,,,,,,,,,,,,,,,,
246,BEL.NSE,2024-09-16,290.9,292.2,267.1,277.35,275.184,118643006,,,,,,,,,,,,,,,,,,,,
247,BEL.NSE,2024-09-23,280.0,295.0,278.65,293.45,291.1582,290988321,,,,,,,,,,,,,,,,,,,,
248,BEL.NSE,2024-09-30,293.45,294.6,273.55,277.2,275.0351,91351409,,,,,,,,,,,,,,,,,,,,
249,BEL.NSE,2024-10-07,277.4,289.6,265.0,285.9,283.6672,98712541,,,,,,,,,,,,,,,,,,,,
250,BEL.NSE,2024-10-14,286.1,291.05,277.8,287.15,284.9074,59714594,,,,,,,,,,,,,,,,,,,,
251,BEL.NSE,2024-10-21,286.3,287.45,257.45,272.35,270.223,88245905,-1.0,257.45,,-1.0,257.45,267.0,,,,,,,,,,,,,,
252,BEL.NSE,2024-10-28,276.7,294.75,267.4,288.65,286.3957,123524062,,,,,,,,,,,,,,,,,,,,
253,BEL.NSE,2024-11-04,289.0,304.5,277.15,297.75,295.4246,134017019,,,,,,,,,,,,,,,,,,,,
254,BEL.NSE,2024-11-11,297.5,303.8,275.5,280.95,278.7558,74991806,,,,,,,,,,,,,,,,,,,,
255,BEL.NSE,2024-11-18,283.0,286.7,270.25,280.85,278.6566,54287915,,,,,,,,,,,,,,,,,,,,
256,BEL.NSE,2024-11-25,290.0,310.6,287.95,308.0,305.5946,167192854,,,,,,,,,,,,,1.0,303.3,286.7,259.0,,,,
257,BEL.NSE,2024-12-02,307.8,320.85,303.3,313.75,311.2997,104667485,1.0,320.85,,,,,-1.0,320.85,303.3,466424220.0,279.0,86.21028,,,,,,,,
258,BEL.NSE,2024-12-09,313.6,318.3,308.15,315.65,313.1848,63457722,,,,,,,,,,,,,,,,,,,,
259,BEL.NSE,2024-12-16,315.8,318.65,289.35,290.85,288.5785,73508287,,,,,,,,,,,,,-1.0,308.15,297.35,261.0,,,,
260,BEL.NSE,2024-12-23,294.0,297.35,288.0,292.05,289.7692,39554259,,,,,,,,,,,,,,,,,,,,
261,BEL.NSE,2024-12-30,292.05,297.8,282.85,291.95,289.6699,70086401,,,,,,,,,,,,,,,,,,,,
262,BEL.NSE,2025-01-06,292.55,292.55,270.0,271.0,268.8835,64915023,,,,,,,,,,,,,,,,,,,,
263,BEL.NSE,2025-01-13,265.0,283.9,258.3,282.15,279.9465,79719968,,,,,,,,,,,,,,,,,,,,
264,BEL.NSE,2025-01-20,283.2,287.8,266.3,270.15,268.0402,66920566,,,,,,,,,,,,,,,,,,,,
265,BEL.NSE,2025-01-27,267.0,299.6,252.7,281.8,279.5992,215941690,,,,,,,,,,,,,,,,,,,,
266,BEL.NSE,2025-02-03,277.85,291.8,263.3,277.05,274.8863,133157267,,,,,,,,,,,,,,,,,,,,
267,BEL.NSE,2025-02-10,278.9,282.2,248.2,250.35,248.3948,117325261,,,,,,,,,,,,,-1.0,263.3,262.5,270.0,,,,
268,BEL.NSE,2025-02-17,248.95,262.5,240.25,256.1,254.0999,103161405,-1.0,240.25,,,,,,,,,,,,,,,,,,
269,BEL.NSE,2025-02-24,251.0,258.55,243.5,246.25,244.3268,59022177,,,,,,,,,,,,,,,,,,,,
270,BEL.NSE,2025-03-03,247.5,281.0,244.36,276.99,274.8268,126270879,,,,,,,,,,,,,1.0,269.05,258.55,275.0,,,,
271,BEL.NSE,2025-03-10,278.6,285.8,269.05,280.07,279.4218,95291208,,,,,,,,,,,,,,,,,,,,
272,BEL.NSE,2025-03-17,281.0,301.0,276.72,295.74,295.0555,104620362,,,,,,,,,,,,,1.0,296.35,285.8,274.0,,,,
273,BEL.NSE,2025-03-24,296.9,306.58,296.35,301.32,300.6226,108474484,1.0,306.58,1.0,,306.58,278.0,,,,,,,,,,,,,,
274,BEL.NSE,2025-04-01,302.0,305.8,274.45,280.0,279.3519,126493286,,,,,,,,,,,,,-1.0,296.35,288.0,276.0,,,,
275,BEL.NSE,2025-04-07,257.0,288.0,256.2,285.0,284.3404,77014715,-1.0,256.2,,,,,1.0,288.0,256.2,259206190.0,0.0,21.348522,,,,,,,,
276,BEL.NSE,2025-04-15,289.9,296.6,287.55,295.15,294.4669,45601455,,,,,,,,,,,,,1.0,293.7,288.0,0.0,,,,
277,BEL.NSE,2025-04-21,297.5,310.3,293.7,297.6,296.9112,85493901,,,,,,,,,,,,,,,,,,,,
278,BEL.NSE,2025-04-28,296.0,320.45,295.85,311.15,310.4298,128110836,,,,,,,,,,,,,,,,,,,,
279,BEL.NSE,2025-05-05,313.95,321.8,304.8,315.85,315.119,108615440,,,,,,,,,,,,,,,,,,,,
280,BEL.NSE,2025-05-12,325.0,371.15,316.2,363.9,363.0577,246412383,,,,,,,,,,,,,1.0,358.5,321.8,0.0,,,,
281,BEL.NSE,2025-05-19,372.9,389.9,358.5,383.8,382.9117,288933706,,,,,,,,,,,,,1.0,378.5,371.15,291.0,,,,
282,BEL.NSE,2025-05-26,384.9,393.5,378.5,384.6,383.7098,112838457,,,,,,,,,,,,,,,,,,,,
283,BEL.NSE,2025-06-02,385.0,396.85,383.75,390.7,389.7957,89335671,,,,,,,,,,,,,,,,,,,,
284,BEL.NSE,2025-06-09,394.0,401.85,379.5,394.2,393.2876,109363653,,,,,,,,,,,,,,,,,,,,
285,BEL.NSE,2025-06-16,396.15,410.0,393.45,408.25,407.3051,216086443,,,,,,,,,,,,,1.0,405.0,401.85,289.0,,,,
286,BEL.NSE,2025-06-23,411.0,426.5,405.0,414.5,413.5406,172982135,,,,,,,,,,,,,1.0,414.25,410.0,288.0,,,,
287,BEL.NSE,2025-06-30,416.65,436.0,414.25,427.55,426.5604,108717597,1.0,436.0,,,,,,,,,,,,,,,,,,
288,BEL.NSE,2025-07-07,427.45,427.45,405.1,409.3,408.3527,86249429,,,,,,,,,,,,,-1.0,414.25,412.9,0.0,,,,
289,BEL.NSE,2025-07-14,405.5,412.9,394.15,394.75,393.8363,68084039,,,,,,,,,,,,,-1.0,405.1,404.9,0.0,,,,
290,BEL.NSE,2025-07-21,394.6,404.9,391.1,395.2,394.2853,51811236,,,,,,,,,,,,,,,,,,,,
291,BEL.NSE,2025-07-28,395.2,396.35,376.2,377.2,376.327,74904537,,,,,,,,,,,,,,,,,,,,
292,BEL.NSE,2025-08-04,379.0,393.5,376.45,384.6,383.7098,62449289,,,,,,,,,,,,,,,,,,,,
293,BEL.NSE,2025-08-11,384.0,389.9,379.55,384.9,384.9,37217021,,,,,,,,,,,,,,,,,,,,
294,BEL.NSE,2025-08-18,388.0,389.75,371.1,374.85,374.85,71106194,,,,,,,,,,,,,,,,,,,,
295,BEL.NSE,2025-08-25,377.85,380.05,361.2,369.4,369.4,49254271,,,,,,,,,,,,,,,,,,,,
296,BEL.NSE,2025-09-01,369.95,381.5,367.55,370.8,370.8,47523533,,,,,,,,,,,,,,,,,,,,
297,BEL.NSE,2025-09-08,371.65,389.0,369.9,388.05,388.05,40660840,-1.0,369.9,,,,,,,,,,,,,,,,,,
