symbol,date,open,high,low,close,adjusted_close,volume,shl_HighLow,shl_Level,bos_BOS,bos_CHOCH,bos_Level,bos_BrokenIndex,ob_OB,ob_Top,ob_Bottom,ob_OBVolume,ob_MitigatedIndex,ob_Percentage,fvg_FVG,fvg_Top,fvg_Bottom,fvg_MitigatedIndex,liq_Liquidity,liq_Level,liq_End,liq_Swept,CoC+,level
ABB.NSE,2024-09-16,7730.0,7917.5,7350.05,7744.0,7681.5548,1591443,-1.0,7350.05,,-1.0,7350.05,253.0,,,,,,,,,,,,,,,1.0,7350.05
ABB.NSE,2024-09-23,7750.0,8214.0,7750.0,8125.0,8059.4825,1473456,,,,,,,,,,,,,,,,,,,,,0.0,
ABB.NSE,2024-09-30,7975.0,8303.25,7880.0,7950.0,7885.8936,1261929,,,,,,,,,,,,,,,,,,,,,0.0,
ABB.NSE,2024-10-07,7903.0,8619.7,7672.15,8543.75,8474.8558,1499521,,,,,,,,,,,,,1.0,8420.05,8303.25,251.0,,,,,0.0,
ABB.NSE,2024-10-14,8592.6,8940.6,8420.05,8778.0,8707.2169,1640021,1.0,8940.6,,,,,-1.0,8940.6,8420.05,7753135.0,0.0,33.121986,,,,,,,,,0.0,
ABB.NSE,2024-10-21,8830.1,8871.3,7415.1,7532.9,7472.157,1929052,,,,,,,,,,,,,-1.0,8420.05,7587.7,257.0,,,,,0.0,
ADANIENSOL.NSE,2024-05-06,1060.35,1065.95,970.5,990.55,990.55,8864425,-1.0,970.5,,,,,,,,,,,,,,,,,,,1.0,970.5
ADANIENSOL.NSE,2024-05-13,990.95,1056.0,975.0,1044.6,1044.6,3625541,,,,,,,,,,,,,,,,,,,,,0.0,
ADANIENSOL.NSE,2024-05-21,1044.6,1154.8,1033.35,1106.7,1106.7,7358034,,,,,,,,,,,,,1.0,1081.0,1056.0,231.0,,,,,0.0,
ADANIENSOL.NSE,2024-05-27,1124.95,1150.1,1081.0,1122.8,1122.8,16921193,,,,,,,,,,,,,,,,,,,,,0.0,
ADANIENSOL.NSE,2024-06-03,1249.0,1249.4,831.5,1020.05,1020.05,46565850,1.0,1249.4,1.0,,1249.4,239.0,,,,,,,-1.0,1081.0,1074.0,238.0,,,,,0.0,
ADANIENSOL.NSE,2024-06-10,1054.9,1074.0,1014.05,1019.8,1019.8,4997296,,,,,,,,,,,,,,,,,,,,,0.0,
ADANIGREEN.NSE,2023-06-26,940.0,977.85,897.7,945.9,945.9,62866353,-1.0,897.7,,,,199.0,,,,,,,,,,,-1.0,895.98334,191.0,199.0,1.0,897.7
ADANIGREEN.NSE,2023-07-03,955.85,972.9,938.45,951.0,951.0,3159619,,,,,,,,,,,,,,,,,,,,,0.0,
ADANIGREEN.NSE,2023-07-10,959.85,973.0,935.25,965.2,965.2,3144178,,,,,,,,,,,,,,,,,,,,,0.0,
ADANIGREEN.NSE,2023-07-17,970.15,1020.0,957.1,995.55,995.55,5295259,,,,,,,,,,,,,1.0,986.15,973.0,188.0,,,,,0.0,
ADANIGREEN.NSE,2023-07-24,998.95,1184.85,986.15,1092.6,1092.6,14020547,1.0,1184.85,,,,,,,,,,,,,,,,,,,0.0,
ADANIGREEN.NSE,2023-07-31,1109.0,1137.9,1008.15,1012.55,1012.55,10020981,,,,,,,,,,,,,,,,,,,,,0.0,
ADANIPOWER.NSE,2021-01-25,53.35,53.85,48.5,51.3,51.3,16321772,-1.0,48.5,,,,,1.0,53.85,48.5,290268740.0,0.0,54.310925,,,,,,,,,1.0,48.5
ADANIPOWER.NSE,2021-02-01,52.0,54.85,51.0,52.3,52.3,28711068,,,,,,,,,,,,,,,,,,,,,0.0,
ADANIPOWER.NSE,2021-02-08,52.85,58.5,52.0,57.25,57.25,58629482,,,,,,,,,,,,,,,,,,,,,0.0,
ADANIPOWER.NSE,2021-02-15,57.55,59.1,52.8,55.85,55.85,102162326,,,,,,,,,,,,,,,,,,,,,0.0,
ADANIPOWER.NSE,2021-02-22,56.0,57.35,54.85,55.2,55.2,31514870,,,,,,,,,,,,,,,,,,,,,0.0,
ADANIPOWER.NSE,2021-03-01,55.85,74.9,55.4,74.35,74.35,156591528,,,,,,,,,,,,,1.0,73.95,57.35,86.0,,,,,0.0,
AMBUJACEM.NSE,2025-06-16,543.95,556.6,528.45,533.45,533.45,7846237,-1.0,528.45,,,,,,,,,,,,,,,,,,,1.0,528.45
AMBUJACEM.NSE,2025-06-23,530.0,579.75,528.45,574.95,574.95,15790757,,,,,,,1.0,579.75,528.45,36797736.0,0.0,27.101316,1.0,572.2,556.6,293.0,,,,,0.0,
AMBUJACEM.NSE,2025-06-30,575.05,601.75,572.2,595.75,595.75,13160740,,,,,,,,,,,,,1.0,580.0,579.75,292.0,,,,,0.0,
AMBUJACEM.NSE,2025-07-07,596.0,596.85,580.0,587.15,587.15,11776752,,,,,,,,,,,,,,,,,,,,,0.0,
AMBUJACEM.NSE,2025-07-14,586.75,599.75,584.5,596.7,596.7,8904230,,,,,,,,,,,,,1.0,597.15,596.85,291.0,,,,,0.0,
AMBUJACEM.NSE,2025-07-21,599.35,624.95,597.15,613.1,613.1,15071223,1.0,624.95,,,,,,,,,,,,,,,,,,,0.0,
ASIANPAINT.NSE,2020-07-13,1708.0,1742.5,1645.1,1717.9,1642.9259,7999769,-1.0,1645.1,,,,,1.0,1742.5,1645.1,34817028.0,0.0,50.939857,,,,,,,,,1.0,1645.1
ASIANPAINT.NSE,2020-07-20,1727.0,1771.75,1682.0,1712.05,1638.7808,11584251,,,,,,,,,,,,,,,,,,,,,0.0,
ASIANPAINT.NSE,2020-07-27,1717.2,1792.65,1710.4,1715.5,1642.0832,14328216,,,,,,,,,,,,,,,,,,,,,0.0,
ASIANPAINT.NSE,2020-08-03,1729.0,1816.9,1697.5,1806.25,1728.9494,11750206,,,,,,,,,,,,,,,,,,,,,0.0,
ASIANPAINT.NSE,2020-08-10,1810.0,1837.8,1772.0,1802.55,1725.4077,9672123,,,,,,,,,,,,,,,,,,,,,0.0,
ASIANPAINT.NSE,2020-08-17,1820.0,1973.25,1801.85,1958.0,1874.2051,13394699,,,,,,,,,,,,,1.0,1940.0,1837.8,35.0,,,,,0.0,
DMART.NSE,2023-10-03,3675.4,3938.4,3616.0,3833.95,3833.95,2924840,-1.0,3616.0,,,,,,,,,,,1.0,3771.0,3702.95,198.0,-1.0,3626.7666,215.0,255.0,1.0,3616.0
DMART.NSE,2023-10-09,3809.6,3941.0,3771.0,3935.85,3935.85,1649429,1.0,3941.0,1.0,,3941.0,204.0,,,,,,,,,,,,,,,0.0,
DMART.NSE,2023-10-16,3825.05,3885.0,3742.1,3749.5,3749.5,2221346,,,,,,,,,,,,,-1.0,3771.0,3768.0,201.0,,,,,0.0,
DMART.NSE,2023-10-23,3750.05,3768.0,3620.1,3665.45,3665.45,1285594,,,,,,,,,,,,,-1.0,3742.1,3688.0,201.0,,,,,0.0,
DMART.NSE,2023-10-30,3686.7,3688.0,3620.0,3649.7,3649.7,1849430,-1.0,3620.0,,,,,,,,,,,,,,,,,,,0.0,
DMART.NSE,2023-11-06,3654.55,3825.0,3635.3,3802.7,3802.7,1305361,,,,,,,,,,,,,1.0,3740.2,3688.0,211.0,,,,,0.0,
DMART.NSE,2025-06-09,4201.6,4227.1,3928.9,4051.9,4051.9,5561650,-1.0,3928.9,,,,,1.0,4227.1,3928.9,11503651.0,0.0,19.503405,,,,,-1.0,3929.45,289.0,0.0,1.0,3928.9
DMART.NSE,2025-06-16,4034.8,4324.5,3983.6,4300.3,4300.3,4064562,,,,,,,,,,,,,1.0,4236.7,4227.1,287.0,,,,,0.0,
DMART.NSE,2025-06-23,4269.1,4358.6,4236.7,4313.5,4313.5,2376858,,,,,,,,,,,,,,,,,,,,,0.0,
DMART.NSE,2025-06-30,4319.8,4495.5,4217.9,4261.1,4261.1,4860425,1.0,4495.5,1.0,,4495.5,294.0,,,,,,,,,,,,,,,0.0,
DMART.NSE,2025-07-07,4279.0,4297.0,4041.0,4064.2,4064.2,1958058,,,,,,,,,,,,,-1.0,4217.9,4127.9,291.0,,,,,0.0,
DMART.NSE,2025-07-14,4090.0,4127.9,3930.0,4048.6,4048.6,4749810,-1.0,3930.0,,,,,1.0,4127.9,3930.0,8105667.0,0.0,21.381006,,,,,,,,,0.0,
BAJAJ-AUTO.NSE,2022-06-20,3620.25,3841.35,3574.8,3824.5,3547.3976,3023706,-1.0,3574.8,,-1.0,3574.8,143.0,,,,,,,,,,,,,,,1.0,3574.8
BAJAJ-AUTO.NSE,2022-06-27,3870.0,3958.45,3601.1,3621.7,3485.2221,4615536,,,,,,,,,,,,,,,,,,,,,0.0,
BAJAJ-AUTO.NSE,2022-07-04,3644.4,3836.1,3608.0,3825.0,3680.8611,2026062,,,,,,,,,,,,,,,,,,,,,0.0,
BAJAJ-AUTO.NSE,2022-07-11,3820.0,3919.0,3795.0,3910.1,3762.7542,1584979,,,,,,,,,,,,,1.0,3925.1,3836.1,134.0,,,,,0.0,
BAJAJ-AUTO.NSE,2022-07-18,3930.0,4091.0,3925.1,4055.0,3902.1939,2055324,,,,,,,,,,,,,,,,,,,,,0.0,
BAJAJ-AUTO.NSE,2022-07-25,4054.5,4073.95,3845.15,3911.7,3764.2939,2606954,,,,,,,,,,,,,,,,,,,,,0.0,
BAJFINANCE.NSE,2020-10-19,651.02,671.36,620.28,662.8,298.6987,252863170,-1.0,620.28,,,,,1.0,671.36,620.28,727527000.0,0.0,53.272057,,,,,,,,,1.0,620.28
BAJFINANCE.NSE,2020-10-26,666.0,697.98,647.34,660.0,297.4369,222844490,,,,,,,,,,,,,,,,,,,,,0.0,
BAJFINANCE.NSE,2020-11-02,665.12,765.46,654.94,753.72,339.6729,251819300,,,,,,,,,,,,,1.0,757.22,697.98,0.0,,,,,0.0,
BAJFINANCE.NSE,2020-11-09,762.0,887.0,757.22,870.2,392.166,419359760,,,,,,,,,,,,,1.0,869.0,765.46,291.0,,,,,0.0,
BAJFINANCE.NSE,2020-11-17,879.74,957.0,869.0,943.4,425.1544,304519570,,,,,,,,,,,,,1.0,928.0,887.0,67.0,,,,,0.0,
BAJFINANCE.NSE,2020-11-23,953.8,992.0,928.0,974.96,439.3773,350236600,,,,,,,,,,,,,,,,,,,,,0.0,
BAJAJFINSV.NSE,2020-10-26,2936.35,2936.35,2755.55,2775.0,553.7543,44998620,-1.0,2755.55,,,,,1.0,2936.35,2755.55,117389800.0,140.0,37.045242,,,,,,,,,1.0,2755.55
BAJAJFINSV.NSE,2020-11-02,2800.7,3175.0,2780.0,3133.0,625.1936,40659080,,,,,,,,,,,,,1.0,3128.75,2936.35,141.0,,,,,0.0,
BAJAJFINSV.NSE,2020-11-09,3175.0,3722.0,3128.75,3641.0,726.5655,89330380,,,,,,,,,,,,,1.0,3625.5,3175.0,141.0,,,,,0.0,
BAJAJFINSV.NSE,2020-11-17,3680.5,4294.35,3625.5,4274.4,852.9612,101456330,,,,,,,,,,,,,1.0,4310.5,3722.0,51.0,,,,,0.0,
BAJAJFINSV.NSE,2020-11-23,4355.0,4504.5,4310.5,4356.0,869.2445,100651860,,,,,,,,,,,,,1.0,4330.85,4294.35,51.0,,,,,0.0,
BAJAJFINSV.NSE,2020-12-01,4400.0,4617.25,4330.85,4526.0,903.1682,40787430,,,,,,,,,,,,,,,,,,,,,0.0,
BAJAJHLDNG.NSE,2025-03-03,11594.75,12095.0,11082.65,11789.1,11765.3008,448556,-1.0,11082.65,,,,,,,,,,,,,,,,,,,1.0,11082.65
BAJAJHLDNG.NSE,2025-03-10,11838.1,12015.0,11283.8,11339.0,11316.1094,265470,,,,,,,,,,,,,,,,,,,,,0.0,
BAJAJHLDNG.NSE,2025-03-17,11442.85,12390.0,11311.3,12324.0,12299.121,471341,,,,,,,,,,,,,1.0,12203.35,12015.0,274.0,,,,,0.0,
BAJAJHLDNG.NSE,2025-03-24,12400.0,12899.95,12203.35,12481.75,12456.5525,320511,1.0,12899.95,,1.0,12899.95,280.0,,,,,,,,,,,,,,,0.0,
BAJAJHLDNG.NSE,2025-04-01,12499.0,12532.0,11201.15,11490.0,11466.8046,393360,,,,,,,,,,,,,-1.0,12203.35,11384.0,276.0,,,,,0.0,
BAJAJHLDNG.NSE,2025-04-07,10400.0,11384.0,10400.0,11235.0,11212.3194,459688,-1.0,10400.0,,,,,1.0,11384.0,10400.0,827898.0,0.0,28.558186,,,,,,,,,0.0,
BEL.NSE,2020-05-11,60.51,68.79,57.75,67.74,20.5155,302408463,-1.0,57.75,,,,,1.0,68.79,57.75,666537700.0,0.0,43.326206,,,,,,,,,1.0,57.75
BEL.NSE,2020-05-18,71.01,71.79,61.5,63.06,19.0981,337780209,,,,,,,,,,,,,,,,,,,,,0.0,
BEL.NSE,2020-05-26,63.54,70.44,63.36,69.21,20.9607,190940724,,,,,,,,,,,,,,,,,,,,,0.0,
BEL.NSE,2020-06-01,69.99,74.79,68.64,73.95,22.3962,201488277,,,,,,,,,,,,,,,,,,,,,0.0,
BEL.NSE,2020-06-08,75.21,77.4,67.41,71.91,21.7784,183598707,,,,,,,,,,,,,,,,,,,,,0.0,
BEL.NSE,2020-06-15,71.94,81.51,69.21,80.04,24.2406,281450730,,,,,,,,,,,,,1.0,80.19,77.4,0.0,,,,,0.0,
BPCL.NSE,2020-05-18,320.56,324.0,291.8,313.5,120.3449,81776494,-1.0,291.8,,,,,,,,,,,,,,,-1.0,291.655,236.0,255.0,1.0,291.8
BPCL.NSE,2020-05-26,315.0,347.16,312.06,340.36,130.6558,75620066,,,,,,,,,,,,,1.0,337.3,324.0,41.0,,,,,0.0,
BPCL.NSE,2020-06-01,344.3,372.5,337.3,371.0,142.4177,107982748,,,,,,,,,,,,,1.0,355.26,347.16,39.0,,,,,0.0,
BPCL.NSE,2020-06-08,379.6,402.06,355.26,373.4,143.339,96815496,1.0,402.06,1.0,,402.06,28.0,,,,,,,,,,,,,,,0.0,
BPCL.NSE,2020-06-15,373.9,384.5,356.5,381.56,146.4714,60140402,,,,,,,,,,,,,,,,,,,,,0.0,
BPCL.NSE,2020-06-22,383.0,396.96,367.3,394.3,151.362,75029572,,,,,,,,,,,,,,,,,,,,,0.0,
BPCL.NSE,2020-12-21,393.0,393.0,357.0,377.3,144.8361,69727246,-1.0,357.0,,,,,,,,,,,-1.0,389.26,385.6,53.0,-1.0,357.2,103.0,112.0,1.0,357.0
BPCL.NSE,2020-12-28,380.0,385.6,377.66,382.5,146.8323,38341514,,,,,,,,,,,,,,,,,,,,,0.0,
BPCL.NSE,2021-01-04,384.9,406.0,382.56,400.5,153.742,79564158,,,,,,,,,,,,,1.0,395.36,385.6,55.0,,,,,0.0,
BPCL.NSE,2021-01-11,404.0,430.0,395.36,414.4,159.0779,115548536,1.0,430.0,1.0,,430.0,60.0,,,,,,,,,,,,,,,0.0,
BPCL.NSE,2021-01-18,414.0,423.0,394.96,396.9,152.3601,70697478,,,,,,,,,,,,,,,,,,,,,0.0,
BPCL.NSE,2021-01-25,400.0,402.86,376.26,385.76,148.0837,56956978,-1.0,376.26,,,,,,,,,,,,,,,,,,,0.0,
BPCL.NSE,2022-07-11,326.36,326.36,304.16,312.7,135.8476,54027122,-1.0,304.16,,-1.0,304.16,145.0,,,,,,,,,,,,,,,1.0,304.16
BPCL.NSE,2022-07-18,313.5,325.4,309.66,319.8,138.9321,32353882,,,,,,,,,,,,,,,,,,,,,0.0,
BPCL.NSE,2022-07-25,320.3,331.16,314.16,329.8,143.2765,33980652,,,,,,,,,,,,,1.0,327.8,325.4,136.0,,,,,0.0,
BPCL.NSE,2022-08-01,331.0,341.5,327.8,336.5,146.1872,28103468,,,,,,,,,,,,,,,,,,,,,0.0,
BPCL.NSE,2022-08-08,329.5,334.46,320.2,334.26,145.214,33352320,,,,,,,,,,,,,,,,,,,,,0.0,
BPCL.NSE,2022-08-16,334.46,355.26,333.06,337.2,149.0654,39450426,1.0,355.26,,,,,,,,,,,,,,,1.0,354.90668,158.0,168.0,0.0,
BPCL.NSE,2024-08-12,331.8,336.8,320.65,333.35,322.0517,38683065,-1.0,320.65,,-1.0,320.65,251.0,,,,,,,,,,,,,,,1.0,320.65
BPCL.NSE,2024-08-19,337.8,358.0,336.35,353.0,341.0357,81676646,,,,,,,,,,,,,1.0,343.5,336.8,245.0,,,,,0.0,
BPCL.NSE,2024-08-26,355.45,365.5,343.5,356.8,344.7069,57018464,,,,,,,,,,,,,,,,,,,,,0.0,
BPCL.NSE,2024-09-02,361.0,367.2,351.05,352.25,340.3111,78022614,,,,,,,,,,,,,,,,,,,,,0.0,
BPCL.NSE,2024-09-09,352.1,353.55,338.55,341.85,330.2636,56509071,,,,,,,,,,,,,-1.0,351.05,344.9,247.0,,,,,0.0,
BPCL.NSE,2024-09-16,344.9,344.9,322.95,332.0,320.7475,43391815,,,,,,,,,,,,,,,,,,,,,0.0,
BOSCHLTD.NSE,2022-06-20,13400.0,14327.6,13165.0,14266.8,13475.9838,106718,-1.0,13165.0,,,,,1.0,14327.6,13165.0,465056.0,0.0,15.447783,1.0,14326.3,14145.4,0.0,,,,,1.0,13165.0
BOSCHLTD.NSE,2022-06-27,14474.9,15731.2,14326.3,15686.3,14816.8002,296110,,,,,,,,,,,,,1.0,15591.6,14327.6,143.0,,,,,0.0,
BOSCHLTD.NSE,2022-07-04,15660.0,16308.85,15591.6,16139.5,15244.8791,154044,,,,,,,,,,,,,1.0,15881.4,15731.2,143.0,,,,,0.0,
BOSCHLTD.NSE,2022-07-11,16100.0,16665.7,15881.4,16434.35,15618.812,126870,,,,,,,,,,,,,,,,,,,,,0.0,
BOSCHLTD.NSE,2022-07-18,16499.0,17127.6,16225.25,16828.3,15993.2126,209157,,,,,,,,,,,,,,,,,,,,,0.0,
BOSCHLTD.NSE,2022-07-25,16828.3,17230.0,16220.0,17115.8,16266.4458,200831,,,,,,,,,,,,,,,,,,,,,0.0,
BOSCHLTD.NSE,2023-10-03,19060.0,19342.0,18600.0,19303.95,18816.7422,71066,-1.0,18600.0,,,,,1.0,19342.0,18600.0,445132.0,0.0,55.22482,,,,,,,,,1.0,18600.0
BOSCHLTD.NSE,2023-10-09,19200.0,20932.1,19051.3,20529.45,20011.3121,215700,1.0,20932.1,1.0,,20932.1,203.0,,,,,,,1.0,19933.25,19342.0,199.0,,,,,0.0,
BOSCHLTD.NSE,2023-10-16,20552.45,20775.7,19933.25,20088.7,19581.6861,98086,,,,,,,,,,,,,,,,,,,,,0.0,
BOSCHLTD.NSE,2023-10-23,20099.9,20136.0,19480.0,19742.65,19244.3699,90752,,,,,,,,,,,,,-1.0,19933.25,19927.2,202.0,,,,,0.0,
BOSCHLTD.NSE,2023-10-30,19742.65,19927.2,19300.0,19519.5,19026.852,55435,-1.0,19300.0,,,,,1.0,19927.2,19300.0,433766.0,0.0,39.911427,,,,,,,,,0.0,
BOSCHLTD.NSE,2023-11-06,19608.0,19895.55,19315.2,19572.45,19078.4656,123737,,,,,,,,,,,,,,,,,,,,,0.0,
CGPOWER.NSE,2023-05-08,306.75,335.0,290.0,332.0,330.3785,17988427,-1.0,290.0,,,,,,,,,,,1.0,329.05,316.4,0.0,,,,,1.0,290.0
CGPOWER.NSE,2023-05-15,330.3,344.75,329.05,341.6,339.9316,9749634,,,,,,,,,,,,,1.0,339.1,335.0,0.0,,,,,0.0,
CGPOWER.NSE,2023-05-22,340.95,389.25,339.1,385.7,383.8162,14787257,,,,,,,,,,,,,1.0,375.55,344.75,179.0,,,,,0.0,
CGPOWER.NSE,2023-05-29,388.9,397.8,375.55,379.85,377.9948,17474202,1.0,397.8,1.0,,397.8,184.0,,,,,,,,,,,,,,,0.0,
CGPOWER.NSE,2023-06-05,380.85,389.0,369.0,380.0,378.1441,8254317,,,,,,,,,,,,,,,,,,,,,0.0,
CGPOWER.NSE,2023-06-12,382.0,384.8,373.6,378.75,376.9002,5215548,,,,,,,,,,,,,,,,,,,,,0.0,
CGPOWER.NSE,2024-02-26,432.25,494.95,421.0,473.0,472.0612,33561406,-1.0,421.0,,,,,,,,,,,1.0,450.35,446.0,219.0,,,,,1.0,421.0
CGPOWER.NSE,2024-03-04,476.05,479.8,450.35,457.95,457.0411,8505703,,,,,,,,,,,,,,,,,,,,,0.0,
CGPOWER.NSE,2024-03-11,465.85,485.0,449.4,465.2,464.2767,23274747,,,,,,,,,,,,,,,,,,,,,0.0,
CGPOWER.NSE,2024-03-18,476.0,549.95,462.05,534.1,533.04,51626315,,,,,,,,,,,,,1.0,526.5,485.0,222.0,,,,,0.0,
CGPOWER.NSE,2024-03-26,528.0,556.4,526.5,537.0,535.9342,14381115,1.0,556.4,1.0,,556.4,225.0,,,,,,,,,,,,,,,0.0,
CGPOWER.NSE,2024-04-01,546.05,555.3,505.55,515.25,514.2274,18825880,,,,,,,,,,,,,-1.0,526.5,518.7,224.0,,,,,0.0,
CGPOWER.NSE,2024-09-09,675.9,739.0,658.75,714.0,712.5829,19700278,-1.0,658.75,,,,,,,,,,,1.0,711.55,705.0,249.0,,,,,1.0,658.75
CGPOWER.NSE,2024-09-16,717.95,752.0,711.55,746.85,745.3677,12615075,,,,,,,,,,,,,1.0,743.1,739.0,248.0,,,,,0.0,
CGPOWER.NSE,2024-09-23,749.25,814.4,743.1,759.45,757.9427,17364164,,,,,,,,,,,,,,,,,,,,,0.0,
CGPOWER.NSE,2024-09-30,765.9,771.95,715.75,720.45,719.0201,7596049,,,,,,,,,,,,,,,,,,,,,0.0,
CGPOWER.NSE,2024-10-07,718.0,874.7,709.05,852.7,851.0076,31275509,1.0,874.7,,,,,,,,,,,1.0,815.0,771.95,251.0,,,,,0.0,
CGPOWER.NSE,2024-10-14,858.15,866.15,815.0,816.55,814.9294,15095410,,,,,,,,,,,,,,,,,,,,,0.0,
CANBK.NSE,2020-10-26,89.55,90.5,84.35,86.2,17.24,189188415,-1.0,84.35,,,,,,,,,,,,,,,,,,,1.0,84.35
CANBK.NSE,2020-11-02,87.0,93.5,86.25,92.05,18.41,218233815,,,,,,,,,,,,,,,,,,,,,0.0,
CANBK.NSE,2020-11-09,92.8,97.7,90.3,92.05,18.41,268612345,,,,,,,,,,,,,,,,,,,,,0.0,
CANBK.NSE,2020-11-17,92.6,95.3,92.05,93.3,18.66,129218450,,,,,,,,,,,,,,,,,,,,,0.0,
CANBK.NSE,2020-11-23,94.4,105.7,92.5,103.8,20.76,489508155,,,,,,,,,,,,,1.0,103.85,95.3,231.0,,,,,0.0,
CANBK.NSE,2020-12-01,104.95,114.4,103.85,111.2,22.24,700220750,,,,,,,,,,,,,1.0,111.35,105.7,51.0,,,,,0.0,
CANBK.NSE,2023-03-20,280.0,288.45,272.35,273.8,54.76,170457140,-1.0,272.35,,,,,1.0,288.45,272.35,407699420.0,227.0,35.517483,,,,,,,,,1.0,272.35
CANBK.NSE,2023-03-27,274.95,285.85,272.5,284.45,56.89,171194210,,,,,,,,,,,,,,,,,,,,,0.0,
CANBK.NSE,2023-04-03,286.7,288.5,281.2,284.55,56.91,70701090,,,,,,,,,,,,,,,,,,,,,0.0,
CANBK.NSE,2023-04-10,285.85,292.2,282.4,291.25,58.25,106853060,,,,,,,,,,,,,,,,,,,,,0.0,
CANBK.NSE,2023-04-17,291.0,301.15,288.3,295.3,59.06,141593820,,,,,,,,,,,,,1.0,296.15,292.2,175.0,,,,,0.0,
CANBK.NSE,2023-04-24,296.9,318.1,296.15,317.45,63.49,159252535,,,,,,,,,,,,,1.0,316.0,301.15,175.0,,,,,0.0,
CANBK.NSE,2023-06-26,296.4,303.2,291.65,301.85,60.37,95787440,-1.0,291.65,,,,,1.0,303.2,291.65,511472450.0,227.0,30.836147,,,,,,,,,1.0,291.65
CANBK.NSE,2023-07-03,303.0,336.7,302.55,333.7,66.74,295138520,,,,,,,,,,,,,1.0,319.8,303.2,191.0,,,,,0.0,
CANBK.NSE,2023-07-10,335.6,339.5,319.8,326.6,65.32,176557165,,,,,,,,,,,,,,,,,,,,,0.0,
CANBK.NSE,2023-07-17,328.0,345.0,325.0,338.15,67.63,218977370,,,,,,,,,,,,,,,,,,,,,0.0,
CANBK.NSE,2023-07-24,340.0,351.4,330.0,343.25,68.65,335907485,1.0,351.4,1.0,,351.4,193.0,,,,,,,,,,,,,,,0.0,
CANBK.NSE,2023-07-31,344.9,346.7,323.75,328.75,65.75,170899850,,,,,,,,,,,,,,,,,,,,,0.0,
CIPLA.NSE,2022-01-17,915.6,920.2,860.0,867.45,841.8197,7586541,-1.0,860.0,,,,,,,,,,,,,,,,,,,1.0,860.0
CIPLA.NSE,2022-01-24,871.5,942.0,867.45,932.25,904.7051,17602347,,,,,,,,,,,,,1.0,930.65,920.2,110.0,,,,,0.0,
CIPLA.NSE,2022-01-31,939.0,959.0,930.65,946.1,918.1459,8322394,,,,,,,,,,,,,,,,,,,,,0.0,
CIPLA.NSE,2022-02-07,946.2,977.35,927.05,958.5,930.1795,8611739,1.0,977.35,1.0,,977.35,114.0,,,,,,,,,,,,,,,0.0,
CIPLA.NSE,2022-02-14,947.0,962.9,903.05,909.1,882.2391,19618313,,,,,,,,,,,,,-1.0,927.05,926.7,113.0,,,,,0.0,
CIPLA.NSE,2022-02-21,903.1,926.7,888.15,923.65,896.3592,9973166,-1.0,888.15,,,,,,,,,,,,,,,,,,,0.0,
DABUR.NSE,2025-06-23,465.65,488.3,463.1,486.35,481.5205,11305036,-1.0,463.1,,,,,1.0,488.3,463.1,34799452.0,0.0,42.798904,1.0,479.4,474.35,0.0,,,,,1.0,463.1
DABUR.NSE,2025-06-30,487.4,497.4,479.4,495.1,490.1836,13064515,,,,,,,,,,,,,1.0,496.05,488.3,0.0,,,,,0.0,
DABUR.NSE,2025-07-07,501.9,535.9,496.05,530.85,525.5787,22231146,,,,,,,,,,,,,1.0,518.35,497.4,290.0,,,,,0.0,
DABUR.NSE,2025-07-14,533.5,536.5,518.35,522.6,522.6,8127994,,,,,,,,,,,,,,,,,,,,,0.0,
DABUR.NSE,2025-07-21,520.1,522.15,508.35,511.35,511.35,10390937,,,,,,,,,,,,,,,,,,,,,0.0,
DABUR.NSE,2025-07-28,507.0,547.7,507.0,534.35,534.35,18088232,1.0,547.7,,,,,,,,,,,,,,,,,,,0.0,
DIVISLAB.NSE,2022-02-21,4345.0,4345.0,3916.6,4138.35,4030.8092,2268594,-1.0,3916.6,,-1.0,3916.6,125.0,,,,,,,,,,,,,,,1.0,3916.6
DIVISLAB.NSE,2022-02-28,4120.0,4310.85,4063.0,4094.7,3988.2935,2039255,,,,,,,,,,,,,,,,,,,,,0.0,
DIVISLAB.NSE,2022-03-07,4050.0,4353.0,3974.05,4339.4,4226.6346,2107323,,,,,,,,,,,,,1.0,4325.1,4310.85,122.0,,,,,0.0,
DIVISLAB.NSE,2022-03-14,4340.0,4519.9,4325.1,4504.35,4387.2982,1561921,,,,,,,,,,,,,1.0,4410.0,4353.0,117.0,,,,,0.0,
DIVISLAB.NSE,2022-03-21,4525.0,4573.85,4410.0,4454.15,4338.4027,1962541,,,,,,,,,,,,,,,,,,,,,0.0,
DIVISLAB.NSE,2022-03-28,4433.0,4625.0,4335.1,4379.7,4265.8874,2226258,,,,,,,,,,,,,,,,,,,,,0.0,
DRREDDY.NSE,2023-12-11,5500.0,5634.8,5370.0,5603.8,1080.8179,23687430,-1.0,5370.0,,,,,,,,,,,,,,,,,,,1.0,5370.0
DRREDDY.NSE,2023-12-18,5585.0,5689.0,5471.2,5624.9,1084.8875,8706800,,,,,,,,,,,,,,,,,,,,,0.0,
DRREDDY.NSE,2023-12-26,5627.5,5890.8,5601.3,5804.0,1119.431,9473305,,,,,,,,,,,,,1.0,5800.0,5689.0,210.0,,,,,0.0,
DRREDDY.NSE,2024-01-01,5800.0,5970.0,5800.0,5852.35,1128.7564,8345270,1.0,5970.0,1.0,,5970.0,213.0,,,,,,,,,,,,,,,0.0,
DRREDDY.NSE,2024-01-08,5880.9,5881.0,5645.1,5692.0,1097.8293,8122410,,,,,,,,,,,,,-1.0,5800.0,5799.0,212.0,,,,,0.0,
DRREDDY.NSE,2024-01-15,5737.95,5799.0,5520.65,5638.0,1087.4142,8291500,-1.0,5520.65,,,,,1.0,5799.0,5520.65,34285580.0,251.0,31.897646,,,,,,,,,0.0,
EICHERMOT.NSE,2024-12-16,4820.0,4865.0,4673.6,4734.5,4673.8956,2024361,-1.0,4673.6,,,,,,,,,,,,,,,,,,,1.0,4673.6
EICHERMOT.NSE,2024-12-23,4750.0,4954.95,4698.0,4876.9,4814.4728,1336093,,,,,,,,,,,,,,,,,,,,,0.0,
EICHERMOT.NSE,2024-12-30,4890.0,5385.7,4742.45,5310.75,5242.7693,4547148,,,,,,,,,,,,,1.0,5040.0,4954.95,263.0,,,,,0.0,
EICHERMOT.NSE,2025-01-06,5310.75,5350.0,5040.0,5058.45,4993.6989,1758144,,,,,,,,,,,,,,,,,,,,,0.0,
EICHERMOT.NSE,2025-01-13,5010.0,5134.1,4925.6,5012.3,4948.1396,1791660,,,,,,,,,,,,,,,,,,,,,0.0,
EICHERMOT.NSE,2025-01-20,5012.35,5224.5,4930.0,5206.3,5139.6563,2339427,,,,,,,,,,,,,,,,,,,,,0.0,
GAIL.NSE,2021-08-23,142.605,148.005,139.995,143.505,79.6272,88819004,-1.0,139.995,,-1.0,139.995,99.0,,,,,,,,,,,,,,,1.0,139.995
GAIL.NSE,2021-08-30,143.355,149.355,143.355,147.405,81.7912,90179622,,,,,,,,,,,,,,,,,,,,,0.0,
GAIL.NSE,2021-09-06,148.995,149.595,144.0,145.155,80.5427,51135246,,,,,,,,,,,,,,,,,,,,,0.0,
GAIL.NSE,2021-09-13,145.95,159.75,144.45,154.095,85.5033,141547083,,,,,,,,,,,,,,,,,,,,,0.0,
GAIL.NSE,2021-09-20,151.995,155.655,145.005,152.595,84.671,85312266,,,,,,,,,,,,,,,,,,,,,0.0,
GAIL.NSE,2021-09-27,154.995,166.2,151.995,163.155,90.5304,213289496,,,,,,,,,,,,,1.0,157.65,155.655,93.0,,,,,0.0,
GODREJCP.NSE,2020-05-04,530.0,537.45,484.05,499.55,483.6325,12445900,-1.0,484.05,,,,,1.0,537.45,484.05,27876772.0,0.0,41.928722,,,,,,,,,1.0,484.05
GODREJCP.NSE,2020-05-11,508.0,572.5,505.05,543.5,526.1821,15353443,,,,,,,,,,,,,,,,,,,,,0.0,
GODREJCP.NSE,2020-05-18,547.85,585.0,535.1,569.2,551.0632,8235383,,,,,,,,,,,,,,,,,,,,,0.0,
GODREJCP.NSE,2020-05-26,570.0,639.95,568.15,633.8,613.6048,10713143,,,,,,,,,,,,,1.0,627.15,585.0,23.0,,,,,0.0,
GODREJCP.NSE,2020-06-01,635.2,673.95,627.15,649.9,629.1918,8928245,,,,,,,,,,,,,,,,,,,,,0.0,
GODREJCP.NSE,2020-06-08,659.0,677.0,591.25,606.8,587.4651,8522374,,,,,,,,,,,,,,,,,,,,,0.0,
GODREJCP.NSE,2021-04-26,700.0,723.4,687.5,691.75,669.7083,3909881,-1.0,687.5,,,,,,,,,,,,,,,,,,,1.0,687.5
GODREJCP.NSE,2021-05-03,690.0,720.45,687.6,702.1,679.7285,3679718,,,,,,,,,,,,,,,,,,,,,0.0,
GODREJCP.NSE,2021-05-10,700.0,892.0,698.1,851.8,824.6585,36636453,1.0,892.0,,,,,,,,,,,1.0,810.5,720.45,73.0,,,,,0.0,
GODREJCP.NSE,2021-05-17,853.0,857.2,810.5,818.45,792.3712,11150960,,,,,,,,,,,,,,,,,,,,,0.0,
GODREJCP.NSE,2021-05-24,817.0,852.0,802.05,844.7,817.7848,14078489,,,,,,,,,,,,,,,,,,,,,0.0,
GODREJCP.NSE,2021-05-31,845.0,869.75,836.45,852.55,825.3846,7351559,,,,,,,,,,,,,,,,,,,,,0.0,
HCLTECH.NSE,2022-02-21,1153.1,1169.5,1092.0,1131.35,984.0359,15580922,-1.0,1092.0,,-1.0,1092.0,121.0,,,,,,,,,,,,,,,1.0,1092.0
HCLTECH.NSE,2022-02-28,1119.6,1154.85,1107.0,1139.95,991.5161,15930967,,,,,,,,,,,,,,,,,,,,,0.0,
HCLTECH.NSE,2022-03-07,1111.0,1207.15,1110.5,1193.95,1038.4847,19441542,,,,,,,,,,,,,1.0,1168.1,1154.85,116.0,,,,,0.0,
HCLTECH.NSE,2022-03-14,1193.45,1215.0,1168.1,1194.5,1038.9631,17625531,1.0,1215.0,,,,,-1.0,1215.0,1168.1,51318670.0,192.0,25.90012,,,,,1.0,1208.8,183.0,192.0,0.0,
HCLTECH.NSE,2022-03-21,1199.9,1209.9,1162.3,1184.0,1029.8303,15743753,,,,,,,,,,,,,,,,,,,,,0.0,
HCLTECH.NSE,2022-03-28,1184.9,1187.6,1152.05,1173.2,1020.4366,14409544,,,,,,,,,,,,,,,,,,,,,0.0,
HDFCBANK.NSE,2020-09-21,1055.0,1071.36,1025.0,1042.56,489.3172,94674766,-1.0,1025.0,,,,,1.0,1071.36,1025.0,301083400.0,294.0,45.867645,,,,,,,,,1.0,1025.0
HDFCBANK.NSE,2020-09-28,1048.96,1110.0,1042.66,1108.0,520.031,68814178,,,,,,,,,,,,,1.0,1111.0,1071.36,295.0,,,,,0.0,
HDFCBANK.NSE,2020-10-05,1112.0,1237.0,1111.0,1235.2,579.7313,137594432,,,,,,,,,,,,,1.0,1164.0,1110.0,295.0,,,,,0.0,
HDFCBANK.NSE,2020-10-12,1231.56,1242.76,1164.0,1203.36,564.7874,114227786,,,,,,,,,,,,,,,,,,,,,0.0,
HDFCBANK.NSE,2020-10-19,1235.0,1251.0,1192.6,1236.56,580.3696,143192234,,,,,,,,,,,,,,,,,,,,,0.0,
HDFCBANK.NSE,2020-10-26,1229.8,1242.0,1176.36,1182.4,554.95,95044384,,,,,,,,,,,,,,,,,,,,,0.0,
HDFCBANK.NSE,2025-02-24,1681.1,1737.26,1661.1,1730.16,855.6476,135135882,-1.0,1661.1,,,,,1.0,1737.26,1661.1,286494800.0,294.0,61.45501,,,,,,,,,1.0,1661.1
HDFCBANK.NSE,2025-03-03,1739.8,1743.06,1672.26,1688.0,834.7974,109049196,,,,,,,,,,,,,,,,,,,,,0.0,
HDFCBANK.NSE,2025-03-10,1689.0,1720.8,1670.06,1705.0,843.2048,70022850,,,,,,,,,,,,,,,,,,,,,0.0,
HDFCBANK.NSE,2025-03-17,1705.0,1774.1,1705.0,1772.5,876.5868,107422740,,,,,,,,,,,,,1.0,1773.66,1720.8,274.0,,,,,0.0,
HDFCBANK.NSE,2025-03-24,1779.0,1843.7,1773.66,1825.5,902.7978,151405342,,,,,,,,,,,,,,,,,,,,,0.0,
HDFCBANK.NSE,2025-04-01,1802.0,1841.96,1765.36,1816.8,898.4953,84875062,,,,,,,,,,,,,,,,,,,,,0.0,
HDFCLIFE.NSE,2022-05-16,552.1,558.55,525.4,544.7,538.1428,12302126,-1.0,525.4,,-1.0,525.4,145.0,,,,,,,,,,,,,,,1.0,525.4
HDFCLIFE.NSE,2022-05-23,544.0,604.3,542.65,598.1,590.9,24511292,,,,,,,,,,,,,1.0,591.2,558.55,128.0,,,,,0.0,
HDFCLIFE.NSE,2022-05-30,605.65,617.45,591.2,602.7,597.1117,24833614,1.0,617.45,,,,,,,,,,,,,,,1.0,619.025,157.0,181.0,0.0,
HDFCLIFE.NSE,2022-06-06,601.95,614.5,591.55,593.1,587.6007,11440164,,,,,,,,,,,,,-1.0,591.2,590.0,137.0,,,,,0.0,
HDFCLIFE.NSE,2022-06-13,581.55,590.0,547.4,550.8,545.6929,16364670,,,,,,,,,,,,,-1.0,591.55,565.8,130.0,,,,,0.0,
HDFCLIFE.NSE,2022-06-20,551.0,565.8,545.85,561.45,556.2441,6090569,,,,,,,,,,,,,,,,,,,,,0.0,
HDFCLIFE.NSE,2022-12-26,562.5,574.2,559.15,566.25,560.9996,10010093,-1.0,559.15,,-1.0,559.15,161.0,,,,,,,,,,,,,,,1.0,559.15
HDFCLIFE.NSE,2023-01-02,565.0,620.6,561.25,611.65,605.9787,29781640,1.0,620.6,,1.0,620.6,181.0,,,,,,,1.0,594.35,574.2,159.0,,,,,0.0,
HDFCLIFE.NSE,2023-01-09,615.05,618.05,594.35,604.5,598.895,17250968,,,,,,,,,,,,,,,,,,,,,0.0,
HDFCLIFE.NSE,2023-01-16,605.0,612.6,588.25,590.55,585.0743,15140320,,,,,,,,,,,,,,,,,,,,,0.0,
HDFCLIFE.NSE,2023-01-23,595.0,596.45,578.05,587.7,582.2508,11179625,,,,,,,,,,,,,,,,,,,,,0.0,
HDFCLIFE.NSE,2023-01-30,586.8,592.35,481.0,488.9,484.3668,56452563,,,,,,,,,,,,,-1.0,578.05,528.4,171.0,,,,,0.0,
HAVELLS.NSE,2025-04-07,1397.0,1537.7,1389.5,1532.85,1526.9785,3550629,-1.0,1389.5,,,,,1.0,1537.7,1389.5,10732006.0,0.0,34.15185,,,,,,,,,1.0,1389.5
HAVELLS.NSE,2025-04-15,1529.1,1646.8,1499.5,1638.5,1632.2238,4449265,,,,,,,,,,,,,1.0,1573.3,1537.7,278.0,,,,,0.0,
HAVELLS.NSE,2025-04-21,1640.0,1673.8,1573.3,1599.8,1593.6721,10361900,1.0,1673.8,,,,,,,,,,,,,,,,,,,0.0,
HAVELLS.NSE,2025-04-28,1599.8,1633.0,1556.6,1561.6,1555.6184,3690467,,,,,,,,,,,,,,,,,,,,,0.0,
HAVELLS.NSE,2025-05-05,1571.9,1592.0,1513.1,1548.3,1542.3693,3285134,,,,,,,,,,,,,,,,,,,,,0.0,
HAVELLS.NSE,2025-05-12,1576.6,1623.7,1565.2,1577.4,1571.3579,4788993,,,,,,,,,,,,,,,,,,,,,0.0,
HEROMOTOCO.NSE,2020-12-21,3148.0,3152.85,2900.6,3073.1,2612.947,3822994,-1.0,2900.6,,-1.0,2900.6,67.0,,,,,,,,,,,,,,,1.0,2900.6
HEROMOTOCO.NSE,2020-12-28,3096.0,3124.0,3061.0,3102.65,2638.0723,2741509,,,,,,,,,,,,,,,,,,,,,0.0,
HEROMOTOCO.NSE,2021-01-04,3112.0,3165.95,3031.0,3161.1,2687.7702,6577279,,,,,,,,,,,,,1.0,3147.05,3124.0,55.0,,,,,0.0,
HEROMOTOCO.NSE,2021-01-11,3161.0,3318.0,3147.05,3203.0,2723.3963,6608964,,,,,,,,,,,,,,,,,,,,,0.0,
HEROMOTOCO.NSE,2021-01-18,3200.0,3483.95,3082.25,3374.9,2869.5567,8005948,,,,,,,,,,,,,,,,,,,,,0.0,
HEROMOTOCO.NSE,2021-01-25,3417.95,3520.15,3226.4,3256.05,2768.5028,7305842,,,,,,,,,,,,,,,,,,,,,0.0,
HEROMOTOCO.NSE,2022-03-28,2370.0,2401.0,2150.0,2240.15,2001.1252,10964555,-1.0,2150.0,,,,,1.0,2401.0,2150.0,9622979.0,0.0,16.150087,,,,,,,,,1.0,2150.0
HEROMOTOCO.NSE,2022-04-04,2250.0,2380.0,2250.0,2362.45,2110.3757,4493817,,,,,,,,,,,,,,,,,,,,,0.0,
HEROMOTOCO.NSE,2022-04-11,2357.95,2361.75,2268.9,2274.4,2031.7207,1338027,,,,,,,,,,,,,,,,,,,,,0.0,
HEROMOTOCO.NSE,2022-04-18,2269.9,2327.5,2242.4,2294.25,2049.4527,2271860,,,,,,,,,,,,,,,,,,,,,0.0,
HEROMOTOCO.NSE,2022-04-25,2268.3,2552.0,2266.0,2506.65,2239.1895,6013092,,,,,,,,,,,,,1.0,2398.8,2327.5,123.0,,,,,0.0,
HEROMOTOCO.NSE,2022-05-02,2460.2,2599.0,2398.8,2563.35,2289.8396,6097111,,,,,,,,,,,,,,,,,,,,,0.0,
HEROMOTOCO.NSE,2023-10-09,3021.1,3132.1,2923.95,3098.45,2908.3473,3795128,-1.0,2923.95,,,,,1.0,3132.1,2923.95,8523551.0,0.0,19.872519,1.0,3099.85,3064.9,199.0,,,,,1.0,2923.95
HEROMOTOCO.NSE,2023-10-16,3104.0,3275.0,3099.85,3211.25,3014.2265,3315385,1.0,3275.0,1.0,,3275.0,202.0,,,,,,,,,,,,,,,0.0,
HEROMOTOCO.NSE,2023-10-23,3205.55,3232.75,3085.0,3112.2,2921.2536,1480573,,,,,,,,,,,,,,,,,,,,,0.0,
HEROMOTOCO.NSE,2023-10-30,3112.25,3149.95,3041.5,3089.4,2899.8525,2625521,-1.0,3041.5,,,,,1.0,3149.95,3041.5,8584247.0,0.0,44.061783,,,,,,,,,0.0,
HEROMOTOCO.NSE,2023-11-06,3110.0,3196.0,3095.15,3105.2,2914.6831,3090562,,,,,,,,,,,,,,,,,,,,,0.0,
HEROMOTOCO.NSE,2023-11-13,3102.1,3368.8,3102.1,3334.75,3130.1493,2868164,,,,,,,,,,,,,1.0,3315.6,3196.0,0.0,,,,,0.0,
HINDALCO.NSE,2024-09-09,664.0,686.4,645.4,673.25,668.3486,26847677,-1.0,645.4,,-1.0,645.4,254.0,,,,,,,,,,,,,,,1.0,645.4
HINDALCO.NSE,2024-09-16,680.1,698.8,668.2,694.4,689.3447,25947512,,,,,,,,,,,,,1.0,687.95,686.4,251.0,,,,,0.0,
HINDALCO.NSE,2024-09-23,695.5,757.7,687.95,747.15,741.7106,51045532,,,,,,,,,,,,,1.0,740.05,698.8,249.0,,,,,0.0,
HINDALCO.NSE,2024-09-30,750.0,772.65,740.05,747.9,742.4552,23242389,1.0,772.65,,,,,-1.0,772.65,740.05,97100480.0,0.0,18.439444,,,,,,,,,0.0,
HINDALCO.NSE,2024-10-07,753.0,753.0,708.0,747.35,741.9092,24128570,,,,,,,,,,,,,,,,,,,,,0.0,
HINDALCO.NSE,2024-10-14,746.0,756.45,720.65,753.5,748.0144,20493431,,,,,,,,,,,,,,,,,,,,,0.0,
HINDALCO.NSE,2025-06-02,628.95,651.25,618.0,650.15,645.4168,24305182,-1.0,618.0,,,,,1.0,651.25,618.0,77109016.0,0.0,43.910072,,,,,,,,,1.0,618.0
HINDALCO.NSE,2025-06-09,653.4,663.5,635.0,641.8,637.1276,23527628,,,,,,,,,,,,,,,,,,,,,0.0,
HINDALCO.NSE,2025-06-16,641.8,654.5,635.05,649.15,644.4241,22594166,,,,,,,,,,,,,,,,,,,,,0.0,
HINDALCO.NSE,2025-06-23,644.0,700.05,640.15,697.35,692.2732,30987225,,,,,,,,,,,,,1.0,684.35,654.5,288.0,,,,,0.0,
HINDALCO.NSE,2025-06-30,700.0,708.1,684.35,699.45,694.3579,21851809,1.0,708.1,1.0,,708.1,296.0,,,,,,,,,,,,,,,0.0,
HINDALCO.NSE,2025-07-07,699.45,699.45,661.55,670.95,666.0654,21200318,,,,,,,,,,,,,-1.0,684.35,680.55,290.0,,,,,0.0,
HAL.NSE,2021-06-21,1007.2,1047.0,991.2,1037.0,482.13,2343930,-1.0,991.2,,,,,1.0,1047.0,991.2,17172144.0,0.0,15.807231,,,,,,,,,1.0,991.2
HAL.NSE,2021-06-28,1041.0,1073.56,1010.0,1067.56,496.3381,3609818,,,,,,,,,,,,,1.0,1055.16,1047.0,81.0,,,,,0.0,
HAL.NSE,2021-07-05,1076.1,1157.0,1055.16,1118.56,520.0495,11218396,1.0,1157.0,1.0,,1157.0,86.0,,,,,,,,,,,,,,,0.0,
HAL.NSE,2021-07-12,1124.9,1134.5,1072.0,1074.76,499.6856,3228908,,,,,,,,,,,,,,,,,,,,,0.0,
HAL.NSE,2021-07-19,1074.8,1153.0,1053.94,1103.06,512.8431,4994180,-1.0,1053.94,,,,,1.0,1153.0,1053.94,34100536.0,0.0,19.73049,,,,,,,,,0.0,
HAL.NSE,2021-07-26,1105.5,1127.3,1083.06,1116.34,519.0173,2785840,,,,,,,,,,,,,,,,,,,,,0.0,
ICICIBANK.NSE,2024-11-18,1260.0,1281.4,1232.55,1278.05,1268.264,38931079,-1.0,1232.55,,-1.0,1232.55,263.0,,,,,,,,,,,,,,,1.0,1232.55
ICICIBANK.NSE,2024-11-25,1296.0,1314.25,1282.3,1300.1,1290.1452,86503591,,,,,,,,,,,,,1.0,1289.15,1281.4,259.0,,,,,0.0,
ICICIBANK.NSE,2024-12-02,1299.9,1347.1,1289.15,1328.75,1318.5758,60859326,,,,,,,,,,,,,,,,,,,,,0.0,
ICICIBANK.NSE,2024-12-09,1322.1,1347.15,1313.5,1344.9,1334.6021,46970624,,,,,,,,,,,,,,,,,,,,,0.0,
ICICIBANK.NSE,2024-12-16,1344.9,1350.45,1272.4,1288.4,1278.5348,97469343,1.0,1350.45,,,,,,,,,,,,,,,,,,,0.0,
ICICIBANK.NSE,2024-12-23,1294.65,1315.95,1287.05,1307.55,1297.5381,26060538,,,,,,,,,,,,,,,,,,,,,0.0,
ICICIGI.NSE,2025-04-07,1731.15,1808.95,1702.0,1718.55,1712.1426,2801871,-1.0,1702.0,,,,,1.0,1808.95,1702.0,10179326.0,0.0,37.97883,,,,,,,,,1.0,1702.0
ICICIGI.NSE,2025-04-15,1760.0,1833.3,1736.0,1793.4,1786.7136,4016129,,,,,,,,,,,,,,,,,,,,,0.0,
ICICIGI.NSE,2025-04-21,1799.0,1908.7,1783.0,1854.1,1847.1872,3361326,1.0,1908.7,1.0,,1908.7,283.0,,,,,,,1.0,1836.5,1833.3,279.0,,,,,0.0,
ICICIGI.NSE,2025-04-28,1845.0,1895.0,1836.5,1853.4,1846.4899,3224390,,,,,,,,,,,,,,,,,,,,,0.0,
ICICIGI.NSE,2025-05-05,1872.1,1879.9,1748.0,1782.2,1775.5553,2622644,-1.0,1748.0,,,,,1.0,1879.9,1748.0,13178160.0,0.0,46.935005,,,,,,,,,0.0,
ICICIGI.NSE,2025-05-12,1814.4,1880.0,1799.1,1849.6,1849.6,2968317,,,,,,,,,,,,,,,,,,,,,0.0,
ITC.NSE,2024-04-15,428.0,429.15,416.0,424.75,403.4292,56614903,-1.0,416.0,,,,267.0,,,,,,,,,,,,,,,1.0,416.0
ITC.NSE,2024-04-22,427.0,443.3,423.35,440.0,417.9137,68964685,,,,,,,,,,,,,1.0,431.35,429.15,227.0,,,,,0.0,
ITC.NSE,2024-04-29,442.0,442.6,431.35,436.45,414.5419,69825110,,,,,,,,,,,,,,,,,,,,,0.0,
ITC.NSE,2024-05-06,438.0,446.0,423.35,433.35,411.5975,84234195,1.0,446.0,,1.0,446.0,236.0,,,,,,,,,,,,,,,0.0,
ITC.NSE,2024-05-13,433.25,437.5,422.9,436.3,414.3994,60347042,,,,,,,,,,,,,,,,,,,,,0.0,
ITC.NSE,2024-05-21,436.0,444.9,433.2,436.2,414.3044,60384147,,,,,,,,,,,,,,,,,,,,,0.0,
INDHOTEL.NSE,2021-12-27,173.0,184.35,172.15,180.75,178.8849,20738128,-1.0,172.15,,,,,1.0,184.35,172.15,82373920.0,0.0,33.646244,,,,,,,,,1.0,172.15
INDHOTEL.NSE,2022-01-03,179.8,188.45,178.05,186.35,184.4271,21636413,,,,,,,,,,,,,,,,,,,,,0.0,
INDHOTEL.NSE,2022-01-10,184.0,213.95,184.0,210.7,208.5258,39999376,,,,,,,,,,,,,1.0,202.85,188.45,108.0,,,,,0.0,
INDHOTEL.NSE,2022-01-17,210.45,214.0,202.85,206.35,204.2207,18005597,,,,,,,,,,,,,,,,,,,,,0.0,
INDHOTEL.NSE,2022-01-24,205.0,211.8,190.85,207.3,205.1609,23557259,,,,,,,,,,,,,,,,,,,,,0.0,
INDHOTEL.NSE,2022-01-31,208.5,226.55,208.5,216.55,214.3155,37316747,1.0,226.55,1.0,,226.55,116.0,,,,,,,,,,,,,,,0.0,
INDHOTEL.NSE,2023-08-14,386.9,387.6,376.9,381.65,379.3897,9826059,-1.0,376.9,,,,,,,,,,,,,,,,,,,1.0,376.9
INDHOTEL.NSE,2023-08-21,381.0,408.45,377.4,392.0,389.6784,19993341,,,,,,,,,,,,,1.0,391.55,387.6,199.0,,,,,0.0,
INDHOTEL.NSE,2023-08-28,393.0,427.5,391.55,424.25,421.7375,29047516,,,,,,,,,,,,,1.0,418.1,408.45,193.0,,,,,0.0,
INDHOTEL.NSE,2023-09-04,424.5,436.45,418.1,429.55,427.0061,16189926,1.0,436.45,,,,,,,,,,,,,,,,,,,0.0,
INDHOTEL.NSE,2023-09-11,430.45,433.75,407.35,416.65,414.1825,19458450,,,,,,,,,,,,,,,,,,,,,0.0,
INDHOTEL.NSE,2023-09-18,419.8,421.55,402.65,406.25,403.8441,9090620,,,,,,,,,,,,,,,,,,,,,0.0,
INDHOTEL.NSE,2025-08-04,742.3,755.45,732.8,735.75,735.75,10320244,-1.0,732.8,,,,,1.0,755.45,732.8,38201430.0,0.0,37.01508,,,,,,,,,1.0,732.8
INDHOTEL.NSE,2025-08-11,736.0,776.9,735.1,774.35,774.35,8707481,,,,,,,,,,,,,1.0,766.05,755.45,295.0,,,,,0.0,
INDHOTEL.NSE,2025-08-18,780.0,811.95,766.05,788.85,788.85,19173706,1.0,811.95,,,,,,,,,,,,,,,,,,,0.0,
INDHOTEL.NSE,2025-08-25,791.0,795.65,757.0,758.45,758.45,9244888,,,,,,,,,,,,,,,,,,,,,0.0,
INDHOTEL.NSE,2025-09-01,759.0,789.75,755.5,774.75,774.75,8409544,,,,,,,,,,,,,,,,,,,,,0.0,
INDHOTEL.NSE,2025-09-08,777.0,785.8,766.15,775.5,775.5,4413742,-1.0,766.15,,,,,,,,,,,,,,,,,,,0.0,
IRFC.NSE,2025-04-07,113.0,126.69,113.0,124.2,124.2,55107422,-1.0,113.0,,,,,1.0,126.69,113.0,312258200.0,0.0,26.96895,,,,,,,,,1.0,113.0
IRFC.NSE,2025-04-15,125.79,131.0,125.0,129.47,129.47,47452256,,,,,,,,,,,,,,,,,,,,,0.0,
IRFC.NSE,2025-04-21,130.0,137.66,126.22,128.0,128.0,117232608,,,,,,,,,,,,,,,,,,,,,0.0,
IRFC.NSE,2025-04-28,128.0,129.6,123.5,124.4,124.4,66325476,,,,,,,,,,,,,-1.0,126.22,125.89,224.0,,,,,0.0,
IRFC.NSE,2025-05-05,124.86,125.89,114.33,116.42,116.42,71088602,,,,,,,,,,,,,,,,,,,,,0.0,
IRFC.NSE,2025-05-12,122.5,140.22,120.88,138.61,138.61,174844128,,,,,,,,,,,,,1.0,134.59,125.89,229.0,,,,,0.0,
INDUSINDBK.NSE,2021-08-23,988.1,1013.9,964.1,990.2,960.9554,11870605,-1.0,964.1,,-1.0,964.1,99.0,,,,,,,,,,,,,,,1.0,964.1
INDUSINDBK.NSE,2021-08-30,995.3,1028.65,990.0,1003.75,974.1052,17362168,,,,,,,,,,,,,,,,,,,,,0.0,
INDUSINDBK.NSE,2021-09-06,1006.0,1021.8,984.15,999.5,969.9807,18412372,,,,,,,,,,,,,,,,,,,,,0.0,
INDUSINDBK.NSE,2021-09-13,1004.0,1186.5,992.65,1130.0,1096.6265,49311272,,,,,,,,,,,,,1.0,1084.6,1021.8,97.0,,,,,0.0,
INDUSINDBK.NSE,2021-09-20,1115.0,1189.35,1084.6,1163.05,1128.7004,24368841,,,,,,,,,,,,,,,,,,,,,0.0,
INDUSINDBK.NSE,2021-09-27,1172.0,1177.95,1091.3,1104.05,1071.4429,17463341,,,,,,,,,,,,,,,,,,,,,0.0,
INFY.NSE,2021-11-29,1691.0,1786.65,1669.15,1737.6,1583.3485,36258589,-1.0,1669.15,,,,120.0,,,,,,,,,,,,,,,1.0,1669.15
INFY.NSE,2021-12-06,1730.0,1769.4,1691.5,1757.05,1601.0719,15128380,,,,,,,,,,,,,,,,,,,,,0.0,
INFY.NSE,2021-12-13,1767.05,1842.0,1710.35,1823.0,1661.1673,35230151,,,,,,,,,,,,,1.0,1787.3,1769.4,107.0,,,,,0.0,
INFY.NSE,2021-12-20,1801.7,1875.75,1787.3,1863.4,1697.9809,23177183,,,,,,,,,,,,,1.0,1845.05,1842.0,105.0,,,,,0.0,
INFY.NSE,2021-12-27,1860.0,1909.8,1845.05,1893.0,1724.9532,18429459,,,,,,,,,,,,,,,,,,,,,0.0,
INFY.NSE,2022-01-03,1887.75,1914.05,1800.0,1816.0,1654.7887,25530928,,,,,,,,,,,,,,,,,,,,,0.0,
JSWENERGY.NSE,2020-05-04,41.7,42.9,38.0,40.75,38.6564,4211963,-1.0,38.0,,,,,1.0,42.9,38.0,61911092.0,0.0,24.495298,,,,,,,,,1.0,38.0
JSWENERGY.NSE,2020-05-11,40.9,42.35,38.8,39.6,37.5655,3396564,,,,,,,,,,,,,,,,,,,,,0.0,
JSWENERGY.NSE,2020-05-18,40.45,43.0,38.5,39.25,37.2335,9969977,,,,,,,,,,,,,,,,,,,,,0.0,
JSWENERGY.NSE,2020-05-26,39.85,41.9,38.9,40.05,37.9924,12181430,,,,,,,,,,,,,,,,,,,,,0.0,
JSWENERGY.NSE,2020-06-01,40.55,46.65,40.55,44.3,42.024,21271743,,,,,,,,,,,,,1.0,44.25,41.9,28.0,,,,,0.0,
JSWENERGY.NSE,2020-06-08,46.0,48.8,44.25,48.1,45.6288,28457920,,,,,,,,,,,,,,,,,,,,,0.0,
JSWSTEEL.NSE,2025-05-05,959.8,975.0,935.0,957.0,954.4299,7250855,-1.0,935.0,,,,,,,,,,,,,,,,,,,1.0,935.0
JSWSTEEL.NSE,2025-05-12,973.0,1044.6,969.7,1021.8,1019.0559,10266094,,,,,,,,,,,,,1.0,987.9,975.0,282.0,,,,,0.0,
JSWSTEEL.NSE,2025-05-19,1033.9,1034.5,987.9,1008.5,1005.7916,6785653,,,,,,,,,,,,,,,,,,,,,0.0,
JSWSTEEL.NSE,2025-05-26,1009.2,1036.0,979.5,993.5,990.8319,12658507,,,,,,,,,,,,,,,,,,,,,0.0,
JSWSTEEL.NSE,2025-06-02,987.0,1010.65,962.15,1004.9,1002.2012,9598919,,,,,,,,,,,,,,,,,,,,,0.0,
JSWSTEEL.NSE,2025-06-09,1006.3,1019.15,981.35,987.25,984.5986,7883034,,,,,,,,,,,,,,,,,,,,,0.0,
KOTAKBANK.NSE,2020-05-18,1175.0,1189.55,1110.0,1165.0,1160.1453,29202976,-1.0,1110.0,,,,,,,,,,,,,,,,,,,1.0,1110.0
KOTAKBANK.NSE,2020-05-26,1160.0,1254.9,1144.55,1222.0,1216.9077,33424954,,,,,,,,,,,,,1.0,1238.0,1189.55,23.0,,,,,0.0,
KOTAKBANK.NSE,2020-06-01,1249.0,1428.2,1238.0,1347.85,1342.2333,48300408,1.0,1428.2,,,,,,,,,,,,,,,1.0,1426.45,30.0,34.0,0.0,
KOTAKBANK.NSE,2020-06-08,1355.0,1365.0,1231.6,1280.0,1274.666,29025309,,,,,,,,,,,,,,,,,,,,,0.0,
KOTAKBANK.NSE,2020-06-15,1270.0,1315.75,1228.35,1304.3,1298.8648,33414796,-1.0,1228.35,,,,,,,,,,,,,,,-1.0,1229.475,38.0,0.0,0.0,
KOTAKBANK.NSE,2020-06-22,1309.8,1398.0,1295.95,1349.2,1343.5777,34316187,1.0,1398.0,,,,34.0,,,,,,,,,,,,,,,0.0,
LT.NSE,2023-02-27,2134.05,2159.9,2082.1,2152.05,2096.4949,8444482,-1.0,2082.1,,,,,1.0,2159.9,2082.1,24451496.0,0.0,82.27434,,,,,,,,,1.0,2082.1
LT.NSE,2023-03-06,2158.25,2199.0,2133.0,2157.85,2102.1452,8560822,,,,,,,,,,,,,,,,,,,,,0.0,
LT.NSE,2023-03-13,2164.05,2228.9,2107.0,2195.75,2139.0668,14483277,,,,,,,,,,,,,,,,,,,,,0.0,
LT.NSE,2023-03-20,2191.1,2246.25,2152.0,2166.15,2110.2309,11036829,,,,,,,,,,,,,,,,,,,,,0.0,
LT.NSE,2023-03-27,2175.05,2190.0,2121.0,2164.2,2108.3313,7029751,,,,,,,,,,,,,,,,,,,,,0.0,
LT.NSE,2023-04-03,2180.0,2291.65,2155.0,2274.25,2215.5403,6384916,,,,,,,,,,,,,1.0,2242.45,2190.0,172.0,,,,,0.0,
LICI.NSE,2024-06-03,1058.35,1078.8,880.05,994.2,975.88,29794494,-1.0,880.05,,,,,,,,,,,,,,,,,,,1.0,880.05
LICI.NSE,2024-06-10,1001.0,1071.7,992.0,1066.85,1047.2,21567334,,,,,,,,,,,,,,,,,,,,,0.0,
LICI.NSE,2024-06-18,1066.85,1085.0,1015.05,1023.95,1005.09,11880184,1.0,1085.0,1.0,,1085.0,113.0,,,,,,,,,,,,,,,0.0,
LICI.NSE,2024-06-24,1018.75,1028.3,985.2,988.75,970.53,9887486,,,,,,,,,,,,,,,,,,,,,0.0,
LICI.NSE,2024-07-01,995.0,1024.5,982.2,1015.65,996.94,10704417,-1.0,982.2,,,,,1.0,1024.5,982.2,63703830.0,123.0,20.197235,,,,,,,,,0.0,
LICI.NSE,2024-07-08,1017.0,1065.95,999.1,1051.55,1032.18,22786039,,,,,,,,,,,,,1.0,1038.6,1024.5,117.0,,,,,0.0,
LODHA.NSE,2023-04-24,920.0,967.2,880.1,928.9,461.4888,7696354,-1.0,880.1,,-1.0,880.1,110.0,,,,,,,,,,,,,,,1.0,880.1
LODHA.NSE,2023-05-02,930.0,933.96,891.0,896.1,445.1934,2761138,,,,,,,,,,,,,,,,,,,,,0.0,
LODHA.NSE,2023-05-08,906.26,997.96,903.26,974.76,484.2726,15118634,,,,,,,,,,,,,1.0,952.04,933.96,110.0,,,,,0.0,
LODHA.NSE,2023-05-15,970.0,1017.5,952.04,965.34,479.5926,6086248,,,,,,,,,,,,,,,,,,,,,0.0,
LODHA.NSE,2023-05-22,965.0,1035.0,954.0,1020.26,506.8776,4782024,,,,,,,-1.0,1035.0,954.0,26286192.0,141.0,30.130022,,,,,,,,,0.0,
LODHA.NSE,2023-05-29,1020.0,1081.8,529.85,557.5,553.9455,15417920,1.0,1081.8,,1.0,1081.8,141.0,,,,,,,-1.0,954.0,611.0,112.0,,,,,0.0,
M&M.NSE,2022-12-19,1250.9,1294.9,1208.0,1224.6,1193.4267,8777438,-1.0,1208.0,,-1.0,1208.0,167.0,,,,,,,,,,,,,,,1.0,1208.0
M&M.NSE,2022-12-26,1224.6,1267.6,1216.3,1249.2,1217.4005,7604394,,,,,,,,,,,,,,,,,,,,,0.0,
M&M.NSE,2023-01-02,1251.0,1274.95,1231.0,1264.9,1232.7008,9533800,,,,,,,,,,,,,1.0,1271.65,1267.6,165.0,,,,,0.0,
M&M.NSE,2023-01-09,1272.95,1337.0,1271.65,1328.15,1294.3408,13865243,,,,,,,,,,,,,1.0,1302.95,1274.95,160.0,,,,,0.0,
M&M.NSE,2023-01-16,1333.0,1335.25,1302.95,1314.75,1281.2819,7838594,,,,,,,,,,,,,,,,,,,,,0.0,
M&M.NSE,2023-01-23,1321.35,1345.95,1286.65,1320.2,1286.5931,6362974,,,,,,,,,,,,,,,,,,,,,0.0,
M&M.NSE,2024-09-09,2688.15,2758.55,2635.6,2739.1,2717.2693,11170070,-1.0,2635.6,,,,,,,,,,,,,,,,,,,1.0,2635.6
M&M.NSE,2024-09-16,2740.2,2960.0,2732.05,2950.85,2927.3317,20449319,,,,,,,,,,,,,1.0,2956.15,2758.55,250.0,,,,,0.0,
M&M.NSE,2024-09-23,2962.75,3222.1,2956.15,3183.65,3158.2763,23399439,1.0,3222.1,,,,,,,,,,,1.0,3009.5,2960.0,249.0,,,,,0.0,
M&M.NSE,2024-09-30,3163.15,3185.45,3009.5,3017.45,2993.4009,15101184,,,,,,,,,,,,,,,,,,,,,0.0,
M&M.NSE,2024-10-07,3028.0,3220.3,2982.9,3134.35,3109.3692,15385184,,,,,,,,,,,,,,,,,,,,,0.0,
M&M.NSE,2024-10-14,3151.0,3192.95,2914.7,2964.25,2940.6249,13672933,,,,,,,,,,,,,,,,,,,,,0.0,
MARUTI.NSE,2020-11-09,6989.95,7032.6,6753.1,6852.25,6567.4549,7173737,-1.0,6753.1,,,,,,,,,,,,,,,-1.0,6787.65,60.0,67.0,1.0,6753.1
MARUTI.NSE,2020-11-17,6865.0,7130.0,6863.0,6965.85,6676.3334,4872537,,,,,,,,,,,,,,,,,,,,,0.0,
MARUTI.NSE,2020-11-23,7040.0,7252.35,6903.0,7035.8,6743.3761,6787017,,,,,,,,,,,,,,,,,,,,,0.0,
MARUTI.NSE,2020-12-01,7141.8,7882.65,6975.2,7803.15,7478.8333,8423757,,,,,,,,,,,,,1.0,7690.0,7252.35,50.0,,,,,0.0,
MARUTI.NSE,2020-12-07,7828.8,8013.15,7690.0,7733.55,7412.1261,5638955,1.0,8013.15,1.0,,8013.15,53.0,,,,,,,,,,,,,,,0.0,
MARUTI.NSE,2020-12-14,7810.0,7899.0,7541.75,7559.75,7245.5496,4705740,,,,,,,,,,,,,-1.0,7690.0,7599.0,52.0,,,,,0.0,
NESTLEIND.NSE,2021-12-20,19000.0,19434.0,18600.0,19186.2,921.6676,4487780,-1.0,18600.0,,-1.0,18600.0,108.0,,,,,,,,,,,,,,,1.0,18600.0
NESTLEIND.NSE,2021-12-27,19186.0,19815.0,19099.4,19690.0,945.8692,3133220,,,,,,,,,,,,,1.0,19535.0,19434.0,106.0,,,,,0.0,
NESTLEIND.NSE,2022-01-03,19695.0,20025.0,19535.0,19919.8,956.9083,3460540,1.0,20025.0,,,,,,,,,,,,,,,1.0,20087.5,136.0,146.0,0.0,
NESTLEIND.NSE,2022-01-10,19903.0,19969.0,19270.0,19392.0,931.5538,2973780,,,,,,,,,,,,,-1.0,19535.0,19515.0,135.0,,,,,0.0,
NESTLEIND.NSE,2022-01-17,19400.0,19515.0,18572.2,18974.2,911.4835,5785820,,,,,,,,,,,,,-1.0,19270.0,19040.0,133.0,,,,,0.0,
NESTLEIND.NSE,2022-01-24,18974.2,19040.0,18217.8,18389.0,883.3717,4059980,,,,,,,,,,,,,,,,,,,,,0.0,
NESTLEIND.NSE,2022-06-13,16690.0,17100.0,16435.0,16610.0,802.3025,9513420,-1.0,16435.0,,,,,1.0,17100.0,16435.0,17052820.0,208.0,34.551968,,,,,,,,,1.0,16435.0
NESTLEIND.NSE,2022-06-20,16700.0,17250.0,16537.6,17223.0,831.9119,4379040,,,,,,,,,,,,,,,,,,,,,0.0,
NESTLEIND.NSE,2022-06-27,17350.0,17829.4,17051.0,17800.0,859.7824,7088540,,,,,,,,,,,,,1.0,17704.6,17250.0,209.0,,,,,0.0,
NESTLEIND.NSE,2022-07-04,17800.0,18550.0,17704.6,18378.4,887.7205,5585240,,,,,,,,,,,,,1.0,18101.0,17829.4,167.0,,,,,0.0,
NESTLEIND.NSE,2022-07-11,18400.0,18836.4,18101.0,18773.0,906.7806,3802340,,,,,,,,,,,,,,,,,,,,,0.0,
NESTLEIND.NSE,2022-07-18,18838.8,19084.0,18226.4,19005.2,917.9964,5124480,,,,,,,,,,,,,,,,,,,,,0.0,
NESTLEIND.NSE,2024-09-09,2495.16,2561.6,2488.0,2534.0,1253.6858,10746342,-1.0,2488.0,,-1.0,2488.0,250.0,1.0,2561.6,2488.0,33637776.0,248.0,34.585224,,,,,,,,,1.0,2488.0
NESTLEIND.NSE,2024-09-16,2530.0,2704.26,2500.0,2695.0,1333.3398,14247320,,,,,,,,,,,,,1.0,2659.06,2561.6,248.0,,,,,0.0,
NESTLEIND.NSE,2024-09-23,2705.16,2778.0,2659.06,2740.0,1355.6034,11174020,1.0,2778.0,,,,,-1.0,2778.0,2659.06,33161118.0,0.0,24.673271,,,,,,,,,0.0,
NESTLEIND.NSE,2024-09-30,2720.0,2740.0,2590.3,2612.6,1292.5728,6562700,,,,,,,,,,,,,-1.0,2659.06,2620.0,0.0,,,,,0.0,
NESTLEIND.NSE,2024-10-07,2604.96,2620.0,2468.96,2515.0,1244.2856,12660178,,,,,,,,,,,,,-1.0,2590.3,2519.7,0.0,,,,,0.0,
NESTLEIND.NSE,2024-10-14,2519.7,2519.7,2326.1,2350.0,1162.6526,13938240,,,,,,,,,,,,,-1.0,2468.96,2385.0,265.0,,,,,0.0,
ONGC.NSE,2025-05-05,240.0,242.99,228.45,234.96,233.7315,74337050,-1.0,228.45,,,,,,,,,,,,,,,-1.0,229.88,292.0,0.0,1.0,228.45
ONGC.NSE,2025-05-12,239.0,249.39,238.11,247.27,245.9771,53788101,,,,,,,,,,,,,,,,,,,,,0.0,
ONGC.NSE,2025-05-19,248.0,252.7,239.61,244.24,242.963,55612089,,,,,,,,,,,,,,,,,,,,,0.0,
ONGC.NSE,2025-05-26,245.3,247.13,238.89,239.4,238.1483,47304574,,,,,,,,,,,,,,,,,,,,,0.0,
ONGC.NSE,2025-06-02,239.0,241.05,235.5,240.06,238.8048,37454797,,,,,,,,,,,,,,,,,,,,,0.0,
ONGC.NSE,2025-06-09,241.78,255.95,240.5,251.51,250.195,111155247,,,,,,,,,,,,,1.0,248.2,241.05,286.0,,,,,0.0,
PIDILITIND.NSE,2021-02-22,1778.0,1790.55,1675.0,1695.35,1649.6739,3952766,-1.0,1675.0,,,,,1.0,1790.55,1675.0,7120710.0,0.0,42.03684,,,,,,,,,1.0,1675.0
PIDILITIND.NSE,2021-03-01,1706.0,1784.0,1684.65,1756.25,1708.9331,2550708,,,,,,,,,,,,,,,,,,,,,0.0,
PIDILITIND.NSE,2021-03-08,1757.85,1759.95,1714.25,1724.8,1678.3304,1361277,,,,,,,,,,,,,,,,,,,,,0.0,
PIDILITIND.NSE,2021-03-15,1726.0,1761.4,1681.0,1753.0,1705.7706,2107426,,,,,,,,,,,,,,,,,,,,,0.0,
PIDILITIND.NSE,2021-03-22,1769.0,1814.95,1738.15,1795.4,1747.0283,3429850,,,,,,,,,,,,,1.0,1801.0,1761.4,66.0,,,,,0.0,
PIDILITIND.NSE,2021-03-30,1832.0,1838.3,1801.0,1821.0,1771.9386,1583434,,,,,,,,,,,,,,,,,,,,,0.0,
PFC.NSE,2020-07-13,84.15,84.55,78.85,82.0,46.091,41184242,-1.0,78.85,,,,,1.0,84.55,78.85,211071870.0,0.0,25.184021,,,,,,,,,1.0,78.85
PFC.NSE,2020-07-20,82.8,86.5,82.1,82.7,46.4845,37351193,,,,,,,,,,,,,,,,,,,,,0.0,
PFC.NSE,2020-07-27,82.35,86.05,80.3,80.85,45.4446,41553974,,,,,,,,,,,,,,,,,,,,,0.0,
PFC.NSE,2020-08-03,81.0,87.9,80.55,85.45,48.0302,42462597,,,,,,,,,,,,,1.0,86.75,86.05,38.0,,,,,0.0,
PFC.NSE,2020-08-10,87.85,96.65,86.75,91.25,51.2903,91241554,,,,,,,,,,,,,1.0,90.8,87.9,36.0,,,,,0.0,
PFC.NSE,2020-08-17,92.1,103.95,90.8,101.05,56.7987,77367725,1.0,103.95,1.0,,103.95,47.0,,,,,,,,,,,,,,,0.0,
PFC.NSE,2024-04-15,395.0,407.25,385.0,398.65,379.0708,34886337,-1.0,385.0,,,,,,,,,,,,,,,,,,,1.0,385.0
PFC.NSE,2024-04-22,402.2,412.0,398.05,406.15,386.2025,39323429,,,,,,,,,,,,,,,,,,,,,0.0,
PFC.NSE,2024-04-29,409.8,485.5,406.15,480.45,456.8533,147788374,,,,,,,,,,,,,,,,,,,,,0.0,
PFC.NSE,2024-05-06,456.5,458.85,407.7,417.65,397.1377,152361605,,,,,,,,,,,,,,,,,,,,,0.0,
PFC.NSE,2024-05-13,419.0,469.3,402.95,468.1,445.1099,106421397,,,,,,,,,,,,,,,,,,,,,0.0,
PFC.NSE,2024-05-21,465.1,499.4,458.0,491.65,467.5033,65105192,,,,,,,,,,,,,1.0,479.5,469.3,231.0,,,,,0.0,
POWERGRID.NSE,2020-05-18,157.5289,158.3111,151.0756,153.5823,52.9585,112109198,-1.0,151.0756,,,,,1.0,158.3111,151.0756,323276960.0,0.0,29.005178,,,,,-1.0,151.7156,41.0,0.0,1.0,151.0756
POWERGRID.NSE,2020-05-26,153.8844,156.3911,153.2444,155.2533,53.5347,130809754,,,,,,,,,,,,,,,,,,,,,0.0,
POWERGRID.NSE,2020-06-01,156.2489,171.7689,155.4133,168.96,58.2611,149596660,,,,,,,,,,,,,1.0,163.2,156.3911,24.0,,,,,0.0,
POWERGRID.NSE,2020-06-08,170.9333,175.7156,163.2,163.8933,56.514,72684725,,,,,,,,,,,,,,,,,,,,,0.0,
POWERGRID.NSE,2020-06-15,162.8089,169.7956,156.0533,168.9067,58.2427,97476632,,,,,,,,,,,,,,,,,,,,,0.0,
POWERGRID.NSE,2020-06-22,173.8311,186.2577,168.1777,176.6044,60.897,153115602,1.0,186.2577,1.0,,186.2577,33.0,,,,,,,,,,,1.0,187.06665,34.0,46.0,0.0,
RECLTD.NSE,2020-05-26,85.0533,91.6,83.6533,88.5467,44.1825,45837178,-1.0,83.6533,,,,,1.0,91.6,83.6533,216662740.0,0.0,26.832739,,,,,,,,,1.0,83.6533
RECLTD.NSE,2020-06-01,90.5067,102.0,89.8,99.8,49.7976,56552799,,,,,,,,,,,,,1.0,96.0,91.6,38.0,,,,,0.0,
RECLTD.NSE,2020-06-08,101.4533,107.0,96.0,106.0533,52.9178,114272764,,,,,,,,,,,,,1.0,102.1467,102.0,28.0,,,,,0.0,
RECLTD.NSE,2020-06-15,105.9067,110.4533,102.1467,106.6,53.1906,102433723,,,,,,,,,,,,,1.0,107.3467,107.0,26.0,,,,,0.0,
RECLTD.NSE,2020-06-22,107.5067,117.4,107.3467,112.6533,56.211,67178117,1.0,117.4,,,,,,,,,,,,,,,1.0,116.95335,33.0,47.0,0.0,
RECLTD.NSE,2020-06-29,112.6533,112.8533,106.6,108.2933,54.0355,40348286,,,,,,,,,,,,,,,,,,,,,0.0,
RELIANCE.NSE,2021-05-10,1760.34,1767.42,1730.38,1758.52,863.7872,49739604,-1.0,1730.38,,,,,1.0,1767.42,1730.38,212708510.0,251.0,30.520916,,,,,,,,,1.0,1730.38
RELIANCE.NSE,2021-05-17,1758.8,1830.66,1752.54,1815.36,891.707,57653456,,,,,,,,,,,,,1.0,1779.4,1767.42,252.0,,,,,0.0,
RELIANCE.NSE,2021-05-24,1822.98,1911.04,1779.4,1901.46,933.9995,105315456,,,,,,,,,,,,,1.0,1892.94,1830.66,77.0,,,,,0.0,
RELIANCE.NSE,2021-05-31,1908.32,2042.68,1892.94,1985.4,975.2309,138644742,,,,,,,,,,,,,1.0,1959.12,1911.04,77.0,,,,,0.0,
RELIANCE.NSE,2021-06-07,1999.1,2035.42,1959.12,2011.64,991.6195,60307786,,,,,,,,,,,,,,,,,,,,,0.0,
RELIANCE.NSE,2021-06-14,2010.9,2065.28,1979.04,2019.22,995.356,84379710,1.0,2065.28,1.0,,2065.28,87.0,,,,,,,,,,,,,,,0.0,
SBILIFE.NSE,2022-12-26,1222.95,1263.8,1205.0,1231.3,1223.8832,3146722,-1.0,1205.0,,-1.0,1205.0,161.0,,,,,,,,,,,,,,,1.0,1205.0
SBILIFE.NSE,2023-01-02,1230.0,1287.35,1222.0,1269.05,1261.4058,6202993,,,,,,,,,,,,,1.0,1271.15,1263.8,160.0,,,,,0.0,
SBILIFE.NSE,2023-01-09,1275.4,1326.0,1271.15,1312.95,1305.0414,5677916,,,,,,,,,,,,,1.0,1292.35,1287.35,160.0,,,,,0.0,
SBILIFE.NSE,2023-01-16,1319.55,1330.0,1292.35,1296.1,1288.2929,4731219,1.0,1330.0,,,,192.0,,,,,,,,,,,,,,,0.0,
SBILIFE.NSE,2023-01-23,1285.0,1318.15,1230.0,1250.25,1242.7191,3789265,,,,,,,,,,,,,-1.0,1292.35,1244.45,179.0,,,,,0.0,
SBILIFE.NSE,2023-01-30,1222.0,1244.45,1068.85,1138.05,1131.1949,24553587,,,,,,,,,,,,,-1.0,1230.0,1187.5,163.0,,,,,0.0,
SBILIFE.NSE,2025-03-03,1432.55,1452.15,1379.85,1411.6,1411.6,5660179,-1.0,1379.85,,,,,1.0,1452.15,1379.85,14136409.0,0.0,66.77708,,,,,,,,,1.0,1379.85
SBILIFE.NSE,2025-03-10,1419.0,1427.75,1382.65,1385.55,1385.55,3430351,,,,,,,,,,,,,,,,,,,,,0.0,
SBILIFE.NSE,2025-03-17,1392.0,1553.3,1392.0,1546.4,1546.4,5045879,,,,,,,,,,,,,1.0,1529.65,1427.75,274.0,,,,,0.0,
SBILIFE.NSE,2025-03-24,1550.0,1584.0,1529.65,1547.85,1547.85,6103110,,,,,,,,,,,,,,,,,,,,,0.0,
SBILIFE.NSE,2025-04-01,1537.75,1566.4,1501.1,1512.6,1512.6,4014716,,,,,,,,,,,,,,,,,,,,,0.0,
SBILIFE.NSE,2025-04-07,1450.0,1539.0,1430.55,1521.9,1521.9,5241695,,,,,,,,,,,,,,,,,,,,,0.0,
SHREECEM.NSE,2023-08-14,24101.0,24129.75,23451.0,23537.25,23361.5224,76894,-1.0,23451.0,,,,,1.0,24129.75,23451.0,538471.0,0.0,39.193386,,,,,-1.0,23475.5,254.0,0.0,1.0,23451.0
SHREECEM.NSE,2023-08-21,23669.95,24290.0,23524.25,23852.3,23674.2203,151620,,,,,,,,,,,,,,,,,,,,,0.0,
SHREECEM.NSE,2023-08-28,23949.0,24325.0,23752.4,24139.35,23959.1272,135639,,,,,,,,,,,,,1.0,24449.0,24290.0,219.0,,,,,0.0,
SHREECEM.NSE,2023-09-04,24590.0,26049.2,24449.0,25973.1,25779.1866,251212,,,,,,,,,,,,,1.0,25505.65,24325.0,195.0,,,,,0.0,
SHREECEM.NSE,2023-09-11,25970.0,27117.95,25505.65,26794.25,26594.2059,254549,,,,,,,,,,,,,,,,,,,,,0.0,
SHREECEM.NSE,2023-09-18,26675.35,26822.6,25820.0,25939.7,25746.0359,128844,,,,,,,,,,,,,,,,,,,,,0.0,
SHRIRAMFIN.NSE,2021-05-03,1334.0,1349.2,1272.1,1297.65,222.3474,59157930,-1.0,1272.1,,,,,,,,,,,,,,,,,,,1.0,1272.1
SHRIRAMFIN.NSE,2021-05-10,1299.0,1372.0,1296.35,1326.5,227.2908,33721170,,,,,,,,,,,,,,,,,,,,,0.0,
SHRIRAMFIN.NSE,2021-05-17,1329.5,1488.0,1320.25,1478.75,253.3782,49427880,,,,,,,,,,,,,1.0,1415.0,1372.0,74.0,,,,,0.0,
SHRIRAMFIN.NSE,2021-05-24,1476.0,1514.4,1415.0,1455.05,249.3173,43969175,,,,,,,,,,,,,,,,,,,,,0.0,
SHRIRAMFIN.NSE,2021-05-31,1466.0,1466.0,1388.35,1423.2,243.8599,35391485,,,,,,,,,,,,,,,,,,,,,0.0,
SHRIRAMFIN.NSE,2021-06-07,1422.5,1529.6,1411.75,1475.35,252.7956,78640580,1.0,1529.6,,,,,,,,,,,,,,,,,,,0.0,
SHRIRAMFIN.NSE,2021-09-27,1359.5,1362.45,1273.3,1294.55,222.7375,26868000,-1.0,1273.3,,-1.0,1273.3,103.0,,,,,,,,,,,,,,,1.0,1273.3
SHRIRAMFIN.NSE,2021-10-04,1301.4,1357.5,1296.05,1330.95,229.0004,20521070,,,,,,,,,,,,,,,,,,,,,0.0,
SHRIRAMFIN.NSE,2021-10-11,1335.9,1399.1,1320.0,1383.55,238.0507,21724380,,,,,,,,,,,,,1.0,1380.25,1357.5,102.0,,,,,0.0,
SHRIRAMFIN.NSE,2021-10-18,1403.7,1558.8,1380.25,1518.6,261.2871,62015455,,,,,,,,,,,,,1.0,1425.0,1399.1,96.0,,,,,0.0,
SHRIRAMFIN.NSE,2021-10-25,1540.25,1588.0,1425.0,1436.2,247.1095,36103015,,,,,,,,,,,,,,,,,,,,,0.0,
SHRIRAMFIN.NSE,2021-11-01,1455.0,1643.75,1389.35,1617.15,278.2434,42038015,,,,,,,,,,,,,,,,,,,,,0.0,
SIEMENS.NSE,2020-06-15,554.14,562.1,530.43,555.36,539.0153,2822016,-1.0,530.43,,,,,1.0,562.1,530.43,14936452.0,0.0,25.449272,,,,,,,,,1.0,530.43
SIEMENS.NSE,2020-06-22,555.34,589.17,555.34,580.84,563.7454,2893431,,,,,,,,,,,,,1.0,563.38,562.1,0.0,,,,,0.0,
SIEMENS.NSE,2020-06-29,580.27,600.46,563.38,597.23,579.653,3726241,,,,,,,,,,,,,,,,,,,,,0.0,
SIEMENS.NSE,2020-07-06,611.44,618.31,588.41,591.04,573.6452,5985162,,,,,,,,,,,,,,,,,,,,,0.0,
SIEMENS.NSE,2020-07-13,595.1,609.99,583.81,602.57,584.8359,3745283,,,,,,,,,,,,,,,,,,,,,0.0,
SIEMENS.NSE,2020-07-20,606.03,623.75,597.49,602.7,584.9621,3606801,,,,,,,,,,,,,,,,,,,,,0.0,
SIEMENS.NSE,2022-03-07,1171.05,1231.19,1133.57,1229.86,1211.5152,906150,-1.0,1133.57,,,,,,,,,,,,,,,,,,,1.0,1133.57
SIEMENS.NSE,2022-03-14,1228.3,1266.87,1197.62,1243.6,1225.0502,1090009,,,,,,,,,,,,,,,,,,,,,0.0,
SIEMENS.NSE,2022-03-21,1249.12,1254.48,1171.57,1182.26,1164.6252,1493005,,,,,,,,,,,,,,,,,,,,,0.0,
SIEMENS.NSE,2022-03-28,1181.98,1250.13,1165.84,1232.88,1214.4901,1195080,,,,,,,,,,,,,,,,,,,,,0.0,
SIEMENS.NSE,2022-04-04,1238.6,1316.26,1236.13,1311.57,1292.0064,1442129,1.0,1316.26,,,,,,,,,,,1.0,1263.2,1250.13,120.0,,,,,0.0,
SIEMENS.NSE,2022-04-11,1310.56,1314.98,1263.2,1280.87,1261.7643,542588,,,,,,,,,,,,,,,,,,,,,0.0,
SIEMENS.NSE,2022-11-21,1478.1,1481.95,1400.83,1444.81,1423.2589,3400018,-1.0,1400.83,,,,,,,,,,,-1.0,1471.75,1463.29,153.0,,,,,1.0,1400.83
SIEMENS.NSE,2022-11-28,1446.9,1463.29,1418.71,1444.29,1422.7467,1651864,,,,,,,,,,,,,,,,,,,,,0.0,
SIEMENS.NSE,2022-12-05,1445.33,1558.8,1426.6,1545.76,1522.7032,4464461,,,,,,,,,,,,,1.0,1501.39,1463.29,155.0,,,,,0.0,
SIEMENS.NSE,2022-12-12,1540.32,1591.22,1501.39,1511.43,1488.8852,2547218,1.0,1591.22,1.0,,1591.22,159.0,,,,,,,,,,,,,,,0.0,
SIEMENS.NSE,2022-12-19,1506.78,1555.1,1443.56,1452.1,1430.4402,1188094,,,,,,,1.0,1555.1,1443.56,5945135.0,0.0,15.599401,-1.0,1501.39,1499.8,157.0,,,,,0.0,
SIEMENS.NSE,2022-12-26,1465.63,1499.8,1455.12,1470.32,1448.3884,1263032,,,,,,,,,,,,,,,,,,,,,0.0,
SUNPHARMA.NSE,2021-09-20,766.7,777.2,751.05,770.45,740.0276,10035858,-1.0,751.05,,,,,,,,,,,,,,,,,,,1.0,751.05
SUNPHARMA.NSE,2021-09-27,771.45,832.95,754.95,826.6,793.9604,42575876,,,,,,,,,,,,,1.0,797.3,777.2,95.0,,,,,0.0,
SUNPHARMA.NSE,2021-10-04,830.0,838.9,797.3,821.4,788.9658,16748018,,,,,,,,,,,,,,,,,,,,,0.0,
SUNPHARMA.NSE,2021-10-11,826.0,850.0,817.8,841.3,808.08,11809186,,,,,,,,,,,,,,,,,,,,,0.0,
SUNPHARMA.NSE,2021-10-18,850.0,851.0,800.15,812.55,780.4652,11616987,1.0,851.0,,1.0,851.0,106.0,,,,,,,,,,,,,,,0.0,
SUNPHARMA.NSE,2021-10-25,810.0,838.45,779.35,795.0,763.6082,13297110,,,,,,,,,,,,,,,,,,,,,0.0,
SUNPHARMA.NSE,2025-04-07,1620.1,1737.0,1620.1,1687.55,1682.0243,15806519,-1.0,1620.1,,,,,1.0,1737.0,1620.1,25648004.0,290.0,36.67537,,,,,-1.0,1626.5667,285.0,292.0,1.0,1620.1
SUNPHARMA.NSE,2025-04-15,1720.0,1758.0,1682.1,1751.5,1745.7649,6882367,,,,,,,,,,,,,,,,,,,,,0.0,
SUNPHARMA.NSE,2025-04-21,1761.0,1815.5,1731.3,1787.4,1781.5473,8110425,,,,,,,,,,,,,1.0,1781.2,1758.0,279.0,,,,,0.0,
SUNPHARMA.NSE,2025-04-28,1787.4,1851.2,1781.2,1824.6,1818.6255,10655213,1.0,1851.2,,,,,,,,,,,,,,,,,,,0.0,
SUNPHARMA.NSE,2025-05-05,1827.8,1843.3,1731.7,1744.8,1739.0868,8446666,,,,,,,,,,,,,-1.0,1781.2,1748.5,281.0,,,,,0.0,
SUNPHARMA.NSE,2025-05-12,1695.7,1748.5,1623.6,1734.9,1729.2193,23177362,-1.0,1623.6,,,,,,,,,,,,,,,,,,,0.0,
TATAMOTORS.NSE,2024-06-24,960.9,998.5,948.05,989.75,981.3128,63279372,-1.0,948.05,,-1.0,948.05,248.0,1.0,998.5,948.05,175101680.0,247.0,56.589222,,,,,,,,,1.0,948.05
TATAMOTORS.NSE,2024-07-01,989.75,1006.6,973.5,993.65,985.1796,54826702,,,,,,,,,,,,,,,,,,,,,0.0,
TATAMOTORS.NSE,2024-07-08,1005.0,1025.9,986.05,1016.75,1008.0827,56995600,,,,,,,,,,,,,,,,,,,,,0.0,
TATAMOTORS.NSE,2024-07-15,1021.35,1029.8,986.65,990.0,981.5607,26082354,,,,,,,,,,,,,,,,,,,,,0.0,
TATAMOTORS.NSE,2024-07-22,990.0,1120.5,967.2,1118.3,1108.767,83249153,,,,,,,,,,,,,1.0,1090.05,1029.8,240.0,,,,,0.0,
TATAMOTORS.NSE,2024-07-29,1124.0,1179.0,1090.05,1096.65,1087.3016,87647311,1.0,1179.0,,,,,-1.0,1179.0,1090.05,226515280.0,0.0,69.18492,,,,,,,,,0.0,
TATASTEEL.NSE,2024-09-09,150.9,155.4,147.62,153.4,149.9059,226951448,-1.0,147.62,,-1.0,147.62,251.0,,,,,,,,,,,,,,,1.0,147.62
TATASTEEL.NSE,2024-09-16,155.0,155.66,147.79,152.1,148.6355,166494068,,,,,,,,,,,,,,,,,,,,,0.0,
TATASTEEL.NSE,2024-09-23,154.38,169.01,152.8,166.13,162.346,390198554,,,,,,,,,,,,,1.0,164.0,155.66,249.0,,,,,0.0,
TATASTEEL.NSE,2024-09-30,167.5,170.18,164.0,166.92,163.118,272983780,1.0,170.18,,,,,-1.0,170.18,164.0,601306700.0,297.0,79.474594,,,,,,,,,0.0,
TATASTEEL.NSE,2024-10-07,167.1,167.95,156.6,160.85,157.1862,266269449,,,,,,,,,,,,,-1.0,164.0,163.38,281.0,,,,,0.0,
TATASTEEL.NSE,2024-10-14,161.88,163.38,151.1,155.5,151.9581,166204530,,,,,,,,,,,,,,,,,,,,,0.0,
TECHM.NSE,2020-05-04,515.0,538.6,490.0,536.2,442.4913,37129634,-1.0,490.0,,,,,,,,,,,,,,,,,,,1.0,490.0
TECHM.NSE,2020-05-11,541.5,549.75,507.4,510.55,421.324,23037880,,,,,,,,,,,,,,,,,,,,,0.0,
TECHM.NSE,2020-05-18,511.5,531.0,501.5,529.65,437.086,15893154,,,,,,,,,,,,,,,,,,,,,0.0,
TECHM.NSE,2020-05-26,533.0,540.75,512.05,530.45,437.7462,12454583,,,,,,,,,,,,,,,,,,,,,0.0,
TECHM.NSE,2020-06-01,538.5,593.55,537.05,579.85,478.5128,30856292,,,,,,,,,,,,,1.0,550.0,540.75,24.0,,,,,0.0,
TECHM.NSE,2020-06-08,585.8,605.35,550.0,554.7,457.7581,20877629,1.0,605.35,1.0,,605.35,29.0,,,,,,,,,,,,,,,0.0,
TECHM.NSE,2023-06-05,1124.1,1134.55,1060.1,1063.05,979.3579,13962922,-1.0,1060.1,,,,,1.0,1134.55,1060.1,33549180.0,0.0,66.06608,-1.0,1095.0,1087.9,181.0,,,,,1.0,1060.1
TECHM.NSE,2023-06-12,1066.0,1087.9,1062.15,1077.2,992.3939,10717756,,,,,,,,,,,,,,,,,,,,,0.0,
TECHM.NSE,2023-06-19,1079.0,1126.25,1074.05,1115.5,1027.6786,13346873,,,,,,,,,,,,,1.0,1104.7,1087.9,186.0,,,,,0.0,
TECHM.NSE,2023-06-26,1112.2,1132.5,1104.7,1130.85,1041.8201,7015033,,,,,,,,,,,,,,,,,,,,,0.0,
TECHM.NSE,2023-07-03,1136.0,1184.95,1115.1,1156.0,1064.9901,13187274,,,,,,,,,,,,,1.0,1135.6,1132.5,186.0,,,,,0.0,
TECHM.NSE,2023-07-10,1159.95,1232.0,1135.6,1228.65,1131.9205,13823990,,,,,,,,,,,,,,,,,,,,,0.0,
TITAN.NSE,2020-05-18,841.5,860.0,810.0,849.65,833.465,15283911,-1.0,810.0,,,,,,,,,,,,,,,,,,,1.0,810.0
TITAN.NSE,2020-05-26,856.0,904.1,855.15,890.0,873.0464,17131701,,,,,,,,,,,,,1.0,898.5,860.0,0.0,,,,,0.0,
TITAN.NSE,2020-06-01,898.5,1005.0,898.5,990.95,972.0734,26964919,,,,,,,,,,,,,,,,,,,,,0.0,
TITAN.NSE,2020-06-08,1009.0,1050.0,901.0,977.7,959.0758,42213810,1.0,1050.0,,,,,,,,,,,,,,,,,,,0.0,
TITAN.NSE,2020-06-15,979.95,994.95,933.65,975.85,957.2611,14109070,,,,,,,1.0,994.95,933.65,57802710.0,0.0,43.77143,,,,,,,,,0.0,
TITAN.NSE,2020-06-22,979.0,1026.0,961.9,966.2,947.7949,12950726,,,,,,,,,,,,,,,,,,,,,0.0,
TORNTPHARM.NSE,2022-09-26,1516.2,1565.9,1448.8,1559.85,1508.4369,3296669,-1.0,1448.8,,,,,,,,,,,,,,,,,,,1.0,1448.8
TORNTPHARM.NSE,2022-10-03,1559.8,1618.15,1549.3,1572.4,1520.5732,1647980,,,,,,,,,,,,,,,,,,,,,0.0,
TORNTPHARM.NSE,2022-10-10,1568.2,1624.9,1554.2,1595.05,1542.4767,1557325,,,,,,,,,,,,,,,,,,,,,0.0,
TORNTPHARM.NSE,2022-10-17,1590.0,1606.95,1557.0,1573.6,1521.7337,1013203,,,,,,,,,,,,,,,,,,,,,0.0,
TORNTPHARM.NSE,2022-10-24,1573.6,1611.45,1554.55,1601.2,1548.424,654666,,,,,,,,,,,,,,,,,,,,,0.0,
TORNTPHARM.NSE,2022-10-31,1597.0,1708.0,1597.0,1666.9,1611.9585,2343203,,,,,,,,,,,,,1.0,1642.5,1611.45,150.0,,,,,0.0,
TRENT.NSE,2020-05-18,439.0,464.8,401.05,442.45,439.36,1805357,-1.0,401.05,,,,,1.0,464.8,401.05,7381991.0,0.0,32.373596,,,,,,,,,1.0,401.05
TRENT.NSE,2020-05-26,452.0,474.85,437.05,468.85,465.57,1141170,,,,,,,,,,,,,1.0,480.0,464.8,0.0,,,,,0.0,
TRENT.NSE,2020-06-01,481.0,586.65,480.0,579.3,575.25,4435464,,,,,,,,,,,,,1.0,491.1,474.85,0.0,,,,,0.0,
TRENT.NSE,2020-06-08,585.0,590.0,491.1,516.35,512.74,1810085,,,,,,,,,,,,,,,,,,,,,0.0,
TRENT.NSE,2020-06-15,519.0,575.0,506.0,569.9,565.92,1581704,,,,,,,,,,,,,,,,,,,,,0.0,
TRENT.NSE,2020-06-22,573.0,707.0,558.0,687.4,682.6,7126172,1.0,707.0,1.0,,707.0,45.0,,,,,,,1.0,606.6,575.0,28.0,,,,,0.0,
TRENT.NSE,2022-06-20,1043.9,1069.0,1009.3,1058.7,1055.51,3494232,-1.0,1009.3,,,,,1.0,1069.0,1009.3,10216852.0,0.0,51.977234,,,,,,,,,1.0,1009.3
TRENT.NSE,2022-06-27,1080.9,1115.0,1030.0,1073.55,1070.31,3268734,,,,,,,,,,,,,,,,,,,,,0.0,
TRENT.NSE,2022-07-04,1073.55,1210.8,1073.55,1204.25,1200.62,3453886,,,,,,,,,,,,,1.0,1158.75,1115.0,160.0,,,,,0.0,
TRENT.NSE,2022-07-11,1202.8,1222.8,1158.75,1210.7,1207.05,2556100,,,,,,,,,,,,,,,,,,,,,0.0,
TRENT.NSE,2022-07-18,1222.0,1266.85,1195.05,1243.75,1240.0,3495150,,,,,,,,,,,,,,,,,,,,,0.0,
TRENT.NSE,2022-07-25,1237.5,1276.85,1221.3,1268.6,1264.77,2406387,,,,,,,,,,,,,1.0,1268.0,1266.85,157.0,,,,,0.0,
TRENT.NSE,2022-09-26,1420.0,1443.4,1353.0,1420.0,1415.72,3053299,-1.0,1353.0,,,,,,,,,,,,,,,,,,,1.0,1353.0
TRENT.NSE,2022-10-03,1419.0,1480.0,1383.0,1450.75,1446.37,2363428,,,,,,,,,,,,,,,,,,,,,0.0,
TRENT.NSE,2022-10-10,1430.0,1459.65,1373.85,1379.6,1375.44,2333063,,,,,,,,,,,,,,,,,,,,,0.0,
TRENT.NSE,2022-10-17,1377.95,1447.7,1354.05,1431.0,1426.68,2419777,,,,,,,,,,,,,,,,,,,,,0.0,
TRENT.NSE,2022-10-24,1446.35,1478.0,1419.7,1458.95,1454.55,1081616,,,,,,,,,,,,,1.0,1460.0,1447.7,149.0,,,,,0.0,
TRENT.NSE,2022-10-31,1460.0,1566.0,1460.0,1506.0,1501.46,4716162,1.0,1566.0,,,,,,,,,,,,,,,,,,,0.0,
VBL.NSE,2023-07-24,801.5,818.5,784.9,804.25,319.773,14657341,-1.0,784.9,,,,,1.0,818.5,784.9,68080700.0,244.0,27.436197,,,,,,,,,1.0,784.9
VBL.NSE,2023-07-31,804.25,839.05,795.5,825.3,328.1425,27683479,,,,,,,,,,,,,,,,,,,,,0.0,
VBL.NSE,2023-08-07,830.0,855.0,802.65,849.4,337.7248,25739887,,,,,,,,,,,,,,,,,,,,,0.0,
VBL.NSE,2023-08-14,850.05,934.65,833.8,899.25,358.0723,29936199,,,,,,,,,,,,,1.0,865.25,855.0,191.0,,,,,0.0,
VBL.NSE,2023-08-21,899.6,920.0,865.25,873.85,347.9583,16886325,,,,,,,,,,,,,,,,,,,,,0.0,
VBL.NSE,2023-08-28,874.85,913.2,859.05,910.45,362.532,16016087,,,,,,,,,,,,,,,,,,,,,0.0,
VEDL.NSE,2021-09-20,294.1,302.4,282.95,293.1,151.8806,47730015,-1.0,282.95,,,,,,,,,,,-1.0,296.7,295.15,92.0,,,,,1.0,282.95
VEDL.NSE,2021-09-27,293.9,295.15,283.15,285.85,148.1238,37678454,,,,,,,,,,,,,,,,,,,,,0.0,
VEDL.NSE,2021-10-04,288.1,308.0,286.15,294.05,152.3729,45430468,,,,,,,,,,,,,,,,,,,,,0.0,
VEDL.NSE,2021-10-11,293.95,342.45,292.7,331.9,171.9863,70793167,,,,,,,,,,,,,1.0,321.15,308.0,95.0,,,,,0.0,
VEDL.NSE,2021-10-18,345.25,385.9,321.15,323.85,167.8149,133347051,1.0,385.9,,,,,,,,,,,,,,,,,,,0.0,
VEDL.NSE,2021-10-25,326.0,332.6,295.0,304.0,157.5289,93636160,,,,,,,,,,,,,-1.0,321.15,317.25,97.0,,,,,0.0,
VEDL.NSE,2024-08-05,424.0,434.45,404.25,428.85,382.4862,71724804,-1.0,404.25,,,,,,,,,,,,,,,,,,,1.0,404.25
VEDL.NSE,2024-08-12,426.15,436.0,405.2,429.05,382.6645,45431298,,,,,,,,,,,,,,,,,,,,,0.0,
VEDL.NSE,2024-08-19,430.5,461.6,429.25,449.3,400.7253,49193437,,,,,,,,,,,,,1.0,452.0,436.0,245.0,,,,,0.0,
VEDL.NSE,2024-08-26,453.0,473.2,452.0,468.45,417.8049,57963585,,,,,,,,,,,,,,,,,,,,,0.0,
VEDL.NSE,2024-09-02,472.7,473.65,455.0,459.8,410.0901,80858533,,,,,,,,,,,,,,,,,,,,,0.0,
VEDL.NSE,2024-09-09,460.95,461.4,424.55,454.05,423.3586,69564479,,,,,,,,,,,,,,,,,,,,,0.0,
ZYDUSLIFE.NSE,2022-07-25,350.9,353.1,340.0,346.45,338.388,6821613,-1.0,340.0,,,,,1.0,353.1,340.0,28039652.0,0.0,32.150066,,,,,,,,,1.0,340.0
ZYDUSLIFE.NSE,2022-08-01,347.3,365.9,342.75,357.7,349.3762,10021275,,,,,,,,,,,,,1.0,357.15,353.1,142.0,,,,,0.0,
ZYDUSLIFE.NSE,2022-08-08,358.25,388.5,357.15,386.7,377.7014,11196763,,,,,,,,,,,,,1.0,384.9,365.9,138.0,,,,,0.0,
ZYDUSLIFE.NSE,2022-08-16,390.0,401.75,384.9,387.1,378.0921,7891242,1.0,401.75,1.0,,401.75,144.0,,,,,,,,,,,,,,,0.0,
ZYDUSLIFE.NSE,2022-08-22,385.05,394.05,377.35,382.75,373.8433,4051108,,,,,,,,,,,,,-1.0,384.9,384.8,143.0,,,,,0.0,
ZYDUSLIFE.NSE,2022-08-29,374.9,384.8,368.0,368.5,359.9249,3184008,,,,,,,,,,,,,,,,,,,,,0.0,
