Company Name,symbol,series,ISIN,var_margin,mtf_margin,haircut,risk_score
360 ONE WAM Ltd.,360ONE,EQ,INE466L01038,0.077472527,0.219666667,0.422526818,0.239888671
3M India Ltd.,3MINDIA,EQ,INE470A01017,0.009120879,0.245,0.050655542,0.10159214
ABB India Ltd.,ABB,EQ,INE117A01022,0.041318681,0.109333333,0.225268176,0.12530673
ACC Ltd.,ACC,EQ,INE012A01025,0.010769231,0.250333333,0.060190703,0.107097756
ACME Solar Holdings Ltd.,ACMESOLAR,EQ,INE622W01025,0.078021978,1,,0.539010989
AIA Engineering Ltd.,AIAENG,EQ,INE212H01026,0.000879121,0.22,0.005959476,0.075612865
APL Apollo Tubes Ltd.,APLAPOLLO,EQ,INE702C01027,0.033406593,0.085666667,0.1829559,0.100676387
AU Small Finance Bank Ltd.,AUBANK,EQ,INE949L01017,0.035494505,0.092,0.194278903,0.107257803
AWL Agri Business Ltd.,AWL,EQ,INE699H01024,0.067362637,0.422333333,0.367699642,0.285798538
Aadhar Housing Finance Ltd.,AADHARHFC,EQ,INE883F01010,0.033516484,0.319333333,0.183551847,0.178800555
Aarti Industries Ltd.,AARTIIND,EQ,INE769A01020,0.058791209,0.396333333,0.321215733,0.258780092
Aavas Financiers Ltd.,AAVAS,EQ,INE216P01012,0.036373626,0.326666667,0.196662694,0.186567662
Abbott India Ltd.,ABBOTINDIA,EQ,INE358A01014,0.006483516,0.237,0.036352801,0.093278772
Action Construction Equipment Ltd.,ACE,EQ,INE731H01025,0.097472527,0.514,0.531585221,0.381019249
Adani Energy Solutions Ltd.,ADANIENSOL,EQ,INE931S01010,0.116923077,0.339666667,0.637067938,0.364552561
Adani Enterprises Ltd.,ADANIENT,EQ,INE423A01024,0.088461538,0.253,0.482121573,0.274527704
Adani Green Energy Ltd.,ADANIGREEN,EQ,INE364U01010,0.120549451,0.350666667,0.656734207,0.375983442
Adani Ports and Special Economic Zone Ltd.,ADANIPORTS,EQ,INE742F01042,0.050989011,0.139,0.278307509,0.15609884
Adani Power Ltd.,ADANIPOWER,EQ,INE814H01011,0.09043956,0.492333333,0.492848629,0.358540508
Adani Total Gas Ltd.,ATGL,EQ,INE399L01023,0.099120879,0.519,0.540524434,0.386215104
Aditya Birla Capital Ltd.,ABCAPITAL,EQ,INE674K01013,0.051648352,0.141,0.281883194,0.158177182
Aditya Birla Fashion and Retail Ltd.,ABFRL,EQ,INE647O01011,0.065934066,0.418,0.359952324,0.281295463
Aditya Birla Real Estate Ltd.,ABREL,EQ,INE055A01016,0.088791209,0.487666667,0.484505364,0.353654413
Aditya Birla Sun Life AMC Ltd.,ABSLAMC,EQ,INE404A01024,0.04989011,0.369,0.272348033,0.230412714
Aegis Logistics Ltd.,AEGISLOG,EQ,INE208C01025,0.12021978,0.577333333,0.644815256,0.447456123
Afcons Infrastructure Ltd.,AFCONS,EQ,INE101I01011,0.026373626,0.297666667,0.144815256,0.156285183
Affle 3i Ltd.,AFFLE,EQ,INE00WC01027,0.050989011,0.372666667,0.278903456,0.234186378
Ajanta Pharmaceuticals Ltd.,AJANTPHARM,EQ,INE031B01049,0.045604396,0.356,0.249106079,0.216903491
Akums Drugs and Pharmaceuticals Ltd.,AKUMS,EQ,INE09XN01023,0.06021978,0.400666667,0.328963051,0.263283166
Alembic Pharmaceuticals Ltd.,APLLTD,EQ,INE901L01018,0.058681319,0.395666667,0.320023838,0.258123941
Alivus Life Sciences Ltd.,ALIVUS,EQ,INE03Q201024,0.069340659,0.428,,0.24867033
Alkem Laboratories Ltd.,ALKEM,EQ,INE540L01014,0.005714286,0.001333333,0.032181168,0.013076262
Alkyl Amines Chemicals Ltd.,ALKYLAMINE,EQ,INE150B01039,0.04956044,0.367666667,0.269964243,0.229063783
Alok Industries Ltd.,ALOKINDS,EQ,INE270A01029,0.108681319,0.547666667,0.591775924,0.416041303
Amara Raja Energy & Mobility Ltd.,ARE&M,EQ,INE885A01032,0.046813187,0.359666667,0.255661502,0.220713785
Amber Enterprises India Ltd.,AMBER,EQ,INE371P01015,0.115494505,0.335,0.628724672,0.359739726
Ambuja Cements Ltd.,AMBUJACEM,EQ,INE079A01024,0.028791209,0.071333333,0.157330155,0.085818232
Anand Rathi Wealth Ltd.,ANANDRATHI,EQ,INE463V01026,0.046813187,0.358666667,0.253873659,0.219784504
Anant Raj Ltd.,ANANTRAJ,EQ,INE242C01024,0.143846154,0.640666667,0.758045292,0.514186038
Angel One Ltd.,ANGELONE,EQ,INE732I01013,0.118021978,0.342666667,0.642431466,0.367706704
Apar Industries Ltd.,APARINDS,EQ,INE372A01015,0.12032967,0.583666667,0.65613826,0.453378199
Apollo Hospitals Enterprise Ltd.,APOLLOHOSP,EQ,INE437A01024,0,0,0,0
Apollo Tyres Ltd.,APOLLOTYRE,EQ,INE438A01022,0.022857143,0.287,0.125744934,0.145200692
Aptus Value Housing Finance India Ltd.,APTUS,EQ,INE852O01025,0.041538462,0.343333333,0.226460072,0.203777289
Asahi India Glass Ltd.,ASAHIINDIA,EQ,INE439A01020,0.060989011,0.401666667,0.330750894,0.264468857
Ashok Leyland Ltd.,ASHOKLEY,EQ,INE208A01029,0.032967033,0.084333333,0.18057211,0.099290825
Asian Paints Ltd.,ASIANPAINT,EQ,INE021A01026,0,0,0,0
Aster DM Healthcare Ltd.,ASTERDM,EQ,INE914M01019,0.047582418,0.362,0.259833135,0.223138517
AstraZenca Pharma India Ltd.,ASTRAZEN,EQ,INE203A01020,0.076813187,0.451,0.418951132,0.315588106
Astral Ltd.,ASTRAL,EQ,INE006I01046,0.025934066,0.063,0.142431466,0.077121844
Atul Ltd.,ATUL,EQ,INE100A01010,0.027692308,0.301333333,0.151370679,0.160132107
Aurobindo Pharma Ltd.,AUROPHARMA,EQ,INE406A01037,0.029120879,0.072,0.15852205,0.086547643
Authum Investment & Infrastructure Ltd.,AIIL,EQ,INE206F01022,0.142307692,0.649666667,0.774135876,0.522036745
Avenue Supermarts Ltd.,DMART,EQ,INE192R01011,0.024065934,0.057333333,0.132300358,0.071233208
Axis Bank Ltd.,AXISBANK,EQ,INE238A01034,0,0,0,0
BASF India Ltd.,BASF,EQ,INE373A01013,0.066153846,0.418666667,0.361144219,0.281988244
BEML Ltd.,BEML,EQ,INE258A01016,0.128241758,0.607333333,0.698450536,0.478008543
BLS International Services Ltd.,BLS,EQ,INE153T01027,0.08967033,0.490333333,0.489272944,0.356425536
BSE Ltd.,BSE,EQ,INE118H01025,0.151868132,0.446,0.827175209,0.475014447
Bajaj Auto Ltd.,BAJAJ-AUTO,EQ,INE917I01010,0.015604396,0.031666667,0.086412396,0.044561153
Bajaj Finance Ltd.,BAJFINANCE,EQ,INE296A01032,0.016593407,0.034333333,0.091179976,0.047368905
Bajaj Finserv Ltd.,BAJAJFINSV,EQ,INE918I01026,0.005494505,0.000666667,0.030989273,0.012383482
Bajaj Holdings & Investment Ltd.,BAJAJHLDNG,EQ,INE118A01012,0.048131868,0.364,0.26340882,0.225180229
Bajaj Housing Finance Ltd.,BAJAJHFL,EQ,INE377Y01014,0.013186813,0.257,0.072109654,0.114098823
Balkrishna Industries Ltd.,BALKRISIND,EQ,INE787D01026,0.022637363,0.286,0.123957092,0.144198151
Balrampur Chini Mills Ltd.,BALRAMCHIN,EQ,INE119A01028,0.055494505,0.386333333,0.303337306,0.248388382
Bandhan Bank Ltd.,BANDHANBNK,EQ,INE545U01014,0.058241758,0.161,0.317640048,0.178960602
Bank of Baroda,BANKBARODA,EQ,INE028A01039,0.032747253,0.083666667,0.179380215,0.098598045
Bank of India,BANKINDIA,EQ,INE084A01016,0.048351648,0.131333333,0.264600715,0.148095232
Bank of Maharashtra,MAHABANK,EQ,INE457A01014,0.060769231,0.402333333,0.331942789,0.265015118
Bata India Ltd.,BATAINDIA,EQ,INE176A01028,0.011318681,0.251666667,0.062574493,0.108519947
Bayer Cropscience Ltd.,BAYERCROP,EQ,INE462A01022,0.029010989,0.305666667,0.159117998,0.164598551
Berger Paints India Ltd.,BERGEPAINT,EQ,INE463A01038,0.011648352,0.253,0.064958284,0.109868878
Bharat Dynamics Ltd.,BDL,EQ,INE171Z01026,0.107032967,0.309333333,0.58283671,0.33306767
Bharat Electronics Ltd.,BEL,EQ,INE263A01024,0.043736264,0.117333333,0.239570918,0.133546838
Bharat Forge Ltd.,BHARATFORG,EQ,INE465A01025,0.042857143,0.114666667,0.234803337,0.130775716
Bharat Heavy Electricals Ltd.,BHEL,EQ,INE257A01026,0.078351648,0.222,0.426698451,0.242350033
Bharat Petroleum Corporation Ltd.,BPCL,EQ,INE029A01011,0.025054945,0.060333333,0.137663886,0.074350721
Bharti Airtel Ltd.,BHARTIARTL,EQ,INE397D01024,0,0,0,0
Bharti Hexacom Ltd.,BHARTIHEXA,EQ,INE343G01021,0.057692308,0.393,0.315256257,0.255316188
Bikaji Foods International Ltd.,BIKAJI,EQ,INE00E101023,0.054285714,0.382,0.295589988,0.243958567
Biocon Ltd.,BIOCON,EQ,INE376G01013,0.048351648,0.130666667,0.26340882,0.147475712
Birlasoft Ltd.,BSOFT,EQ,INE836A01035,0.04956044,0.368,0.270560191,0.229373543
Blue Dart Express Ltd.,BLUEDART,EQ,INE233B01017,0.034395604,0.322,0.188319428,0.181571677
Blue Star Ltd.,BLUESTARCO,EQ,INE472A01039,0.061868132,0.172333333,0.337902265,0.190701243
Bombay Burmah Trading Corporation Ltd.,BBTC,EQ,INE050A01025,0.075714286,0.447,0.411799762,0.311504682
Bosch Ltd.,BOSCHLTD,EQ,INE323A01026,0.008461538,0.009666667,0.047079857,0.021736021
Brainbees Solutions Ltd.,FIRSTCRY,EQ,INE02RE01045,0.113736264,0.563333333,0.619785459,0.432285019
Brigade Enterprises Ltd.,BRIGADE,EQ,INE791I01019,0.061978022,0.406,0.338498212,0.268825411
Britannia Industries Ltd.,BRITANNIA,EQ,INE216A01030,0,0,0,0
C.E. Info Systems Ltd.,MAPMYINDIA,EQ,INE0BV301023,0.054175824,0.382,0.295589988,0.243921937
CCL Products (I) Ltd.,CCL,EQ,INE421D01022,0.071208791,0.433,0.386769964,0.296992918
CESC Ltd.,CESC,EQ,INE486A01021,0.055604396,0.380666667,0.293206198,0.243159087
CG Power and Industrial Solutions Ltd.,CGPOWER,EQ,INE067A01029,0.061538462,0.171333333,0.336114422,0.189662072
CRISIL Ltd.,CRISIL,EQ,INE007A01025,0.044835165,0.354,0.245530393,0.214788519
Campus Activewear Ltd.,CAMPUS,EQ,INE278Y01022,0.047912088,0.363333333,0.262216925,0.224487449
Can Fin Homes Ltd.,CANFINHOME,EQ,INE477A01020,0.028901099,0.305333333,0.15852205,0.164252161
Canara Bank,CANBK,EQ,INE476A01022,0.03989011,0.105333333,0.218116806,0.121113416
Caplin Point Laboratories Ltd.,CAPLIPOINT,EQ,INE475E01026,0.091538462,0.495333333,0.498212157,0.361694651
Capri Global Capital Ltd.,CGCL,EQ,INE180C01042,0.114945055,0.566666667,0.625744934,0.435785552
Carborundum Universal Ltd.,CARBORUNIV,EQ,INE120A01034,0.047142857,0.360333333,0.256853397,0.221443196
Castrol India Ltd.,CASTROLIND,EQ,INE172A01027,0.055274725,0.385666667,0.302145411,0.247695601
Ceat Ltd.,CEATLTD,EQ,INE482A01020,0.060659341,0.402,0.331346841,0.264668727
Central Bank of India,CENTRALBK,EQ,INE483A01010,0.081758242,0.466,0.445768772,0.331175671
Central Depository Services (India) Ltd.,CDSL,EQ,INE736A01011,0.07978022,0.226666667,0.435041716,0.247162868
Century Plyboards (India) Ltd.,CENTURYPLY,EQ,INE348B01021,0.036153846,0.327333333,0.197854589,0.187113923
Cera Sanitaryware Ltd,CERA,EQ,INE739E01017,0.042857143,0.347666667,0.23420739,0.208243733
Chalet Hotels Ltd.,CHALET,EQ,INE427F01016,0.045604396,0.356,0.249106079,0.216903491
Chambal Fertilizers & Chemicals Ltd.,CHAMBLFERT,EQ,INE085A01013,0.071098901,0.433666667,0.387961859,0.297575809
Chennai Petroleum Corporation Ltd.,CHENNPETRO,EQ,INE178A01016,0.114065934,0.563666667,0.620381406,0.432704669
Cholamandalam Financial Holdings Ltd.,CHOLAHLDNG,EQ,INE149A01033,0.070989011,0.433333333,0.387365912,0.297229419
Cholamandalam Investment and Finance Company Ltd.,CHOLAFIN,EQ,INE121A01024,0.044835165,0.120333333,0.244934446,0.136700981
Cipla Ltd.,CIPLA,EQ,INE059A01026,0,0,0,0
City Union Bank Ltd.,CUB,EQ,INE491A01021,0.034835165,0.323333333,0.190703218,0.182957239
Clean Science and Technology Ltd.,CLEAN,EQ,INE227W01023,0.046043956,0.357666667,0.252085816,0.218598813
Coal India Ltd.,COALINDIA,EQ,INE522F01014,0.008901099,0.010333333,0.048271752,0.022502061
Cochin Shipyard Ltd.,COCHINSHIP,EQ,INE704P01025,0.133186813,0.621666667,0.724076281,0.492976587
Coforge Ltd.,COFORGE,EQ,INE591G01025,0.061648352,0.171333333,0.336114422,0.189698702
Cohance Lifesciences Ltd.,COHANCE,EQ,INE03QK01018,0.065054945,0.415333333,0.355184744,0.278524341
Colgate Palmolive (India) Ltd.,COLPAL,EQ,INE259A01022,0.006483516,0.003666667,0.036352801,0.015500995
Computer Age Management Services Ltd.,CAMS,EQ,INE596I01012,0.063956044,0.178666667,0.349225268,0.19728266
Concord Biotech Ltd.,CONCORDBIO,EQ,INE338H01029,0.096043956,0.509333333,0.523241955,0.376206415
Container Corporation of India Ltd.,CONCOR,EQ,INE111A01025,0.038571429,0.101,0.210369487,0.116646972
Coromandel International Ltd.,COROMANDEL,EQ,INE169A01031,0.051098901,0.373,0.279499404,0.234532768
Craftsman Automation Ltd.,CRAFTSMAN,EQ,INE00LO01017,0.07032967,0.430333333,0.382002384,0.294221796
CreditAccess Grameen Ltd.,CREDITACC,EQ,INE741K01010,0.095494505,0.507666667,0.520262217,0.374474463
Crompton Greaves Consumer Electricals Ltd.,CROMPTON,EQ,INE299U01018,0.022857143,0.053666667,0.125744934,0.067422915
Cummins India Ltd.,CUMMINSIND,EQ,INE298A01020,0.034175824,0.087666667,0.186531585,0.102791359
Cyient Ltd.,CYIENT,EQ,INE136B01020,0.067802198,0.190333333,0.370083433,0.209406321
DCM Shriram Ltd.,DCMSHRIRAM,EQ,INE499A01024,0.065494505,0.416666667,0.357568534,0.279909902
DLF Ltd.,DLF,EQ,INE271C01023,0.04032967,0.106666667,0.220500596,0.122498978
DOMS Industries Ltd.,DOMS,EQ,INE321T01012,0.068791209,0.426333333,0.374851013,0.289991852
Dabur India Ltd.,DABUR,EQ,INE016A01026,0,0,0,0
Dalmia Bharat Ltd.,DALBHARAT,EQ,INE00R701025,0.012417582,0.021666667,0.068533969,0.034206073
Data Patterns (India) Ltd.,DATAPATTNS,EQ,INE0IX101010,0.135934066,0.631,0.740762813,0.502565626
Deepak Fertilisers & Petrochemicals Corp. Ltd.,DEEPAKFERT,EQ,INE501A01019,0.104175824,0.534333333,0.567938021,0.40214906
Deepak Nitrite Ltd.,DEEPAKNTR,EQ,INE288B01029,0.037362637,0.331333333,0.205005959,0.191233977
Delhivery Ltd.,DELHIVERY,EQ,INE148O01028,0.05032967,0.136666667,0.274135876,0.153710738
Devyani International Ltd.,DEVYANI,EQ,INE872J01023,0.051758242,0.374,0.281287247,0.235681829
Divi's Laboratories Ltd.,DIVISLAB,EQ,INE361B01024,0.015164835,0.030333333,0.084028605,0.043175591
Dixon Technologies (India) Ltd.,DIXON,EQ,INE935N01020,0.071758242,0.202333333,0.391537545,0.221876373
Dr. Lal Path Labs Ltd.,LALPATHLAB,EQ,INE600L01024,0.020769231,0.28,0.113230036,0.137999756
Dr. Reddy's Laboratories Ltd.,DRREDDY,EQ,INE089A01031,0,0,0,0
Dummy Valor Estate Ltd.,DUMMYDBRLT,BE,DUM879I01012,,,,
E.I.D. Parry (India) Ltd.,EIDPARRY,EQ,INE126A01031,0.054395604,0.382666667,0.296781883,0.244614718
EIH Ltd.,EIHOTEL,EQ,INE230A01023,0.067362637,0.422333333,0.367699642,0.285798538
Eicher Motors Ltd.,EICHERMOT,EQ,INE066A01021,0.006263736,0.003,0.035160906,0.014808214
Elecon Engineering Co. Ltd.,ELECON,EQ,INE205B01031,0.112417582,0.559333333,0.612634088,0.428128335
Elgi Equipments Ltd.,ELGIEQUIP,EQ,INE285A01027,0.083516484,0.471666667,0.455899881,0.337027677
Emami Ltd.,EMAMILTD,EQ,INE548C01032,0.051978022,0.375333333,0.283671037,0.236994131
Emcure Pharmaceuticals Ltd.,EMCURE,EQ,INE168P01015,0.047472527,0.362,,0.204736264
Endurance Technologies Ltd.,ENDURANCE,EQ,INE913H01037,0.048681319,0.365333333,0.26579261,0.226602421
Engineers India Ltd.,ENGINERSIN,EQ,INE510A01028,0.100659341,0.523666667,0.5488677,0.391064569
Eris Lifesciences Ltd.,ERIS,EQ,INE406M01024,0.041538462,0.344,0.227651967,0.204396809
Escorts Kubota Ltd.,ESCORTS,EQ,INE042A01014,0.02956044,0.307333333,0.162097735,0.166330503
Eternal Ltd.,ETERNAL,EQ,INE758T01015,0.077472527,0.219666667,0.422526818,0.239888671
Exide Industries Ltd.,EXIDEIND,EQ,INE302A01020,0.033736264,0.086666667,0.184743743,0.101715558
FSN E-Commerce Ventures Ltd.,NYKAA,EQ,INE388Y01029,0.036703297,0.095666667,0.200834327,0.111068097
Federal Bank Ltd.,FEDERALBNK,EQ,INE171A01029,0.006483516,0.003666667,0.036352801,0.015500995
Fertilisers and Chemicals Travancore Ltd.,FACT,EQ,INE188A01015,0.137912088,0.636666667,0.750893921,0.508490892
Finolex Cables Ltd.,FINCABLES,EQ,INE235A01022,0.070549451,0.432,0.384982122,0.295843857
Finolex Industries Ltd.,FINPIPE,EQ,INE183A01024,0.063406593,0.409666667,0.345053635,0.272708965
Firstsource Solutions Ltd.,FSL,EQ,INE684F01012,0.086923077,0.481666667,0.473778308,0.347456017
Five-Star Business Finance Ltd.,FIVESTAR,EQ,INE128S01021,0.071538462,0.435,0.39034565,0.29896137
Fortis Healthcare Ltd.,FORTIS,EQ,INE061F01013,0.033736264,0.086666667,0.184743743,0.101715558
GAIL (India) Ltd.,GAIL,EQ,INE129A01019,0.038791209,0.102333333,0.212753278,0.117959273
GE Vernova T&D India Ltd.,GVT&D,EQ,INE200A01026,0.098681319,1,,0.549340659
GMR Airports Ltd.,GMRAIRPORT,EQ,INE776C01039,0.038901099,0.102333333,0.212753278,0.117995903
Garden Reach Shipbuilders & Engineers Ltd.,GRSE,EQ,INE382Z01011,0.181208791,0.767666667,0.985101311,0.644658923
General Insurance Corporation of India,GICRE,EQ,INE481Y01014,0.082307692,0.468,0.449344458,0.333217383
Gillette India Ltd.,GILLETTE,EQ,INE322A01010,0.03956044,0.337,0.215137068,0.197232502
Gland Pharma Ltd.,GLAND,EQ,INE068V01023,0.04,0.339,0.218712753,0.199237584
Glaxosmithkline Pharmaceuticals Ltd.,GLAXO,EQ,INE159A01016,0.071538462,0.434666667,0.389749702,0.29865161
Glenmark Pharmaceuticals Ltd.,GLENMARK,EQ,INE935A01035,0.045274725,0.121666667,0.247318236,0.138086543
Global Health Ltd.,MEDANTA,EQ,INE474Q01031,0.042197802,0.346,0.231227652,0.206475151
Go Digit General Insurance Ltd.,GODIGIT,EQ,INE03JT01014,0.044285714,0.352,0.241954708,0.212746807
Godawari Power & Ispat Ltd.,GPIL,EQ,INE177H01039,0.091648352,0.475333333,0.462455304,0.343145663
Godfrey Phillips India Ltd.,GODFRYPHLP,EQ,INE260B01028,0.183626374,1,1,0.727875458
Godrej Agrovet Ltd.,GODREJAGRO,EQ,INE850D01014,0.045164835,0.355,0.247318236,0.21582769
Godrej Consumer Products Ltd.,GODREJCP,EQ,INE102D01028,0.011428571,0.019,0.063766389,0.03139832
Godrej Industries Ltd.,GODREJIND,EQ,INE233A01035,0.078021978,0.453,0.422526818,0.317849599
Godrej Properties Ltd.,GODREJPROP,EQ,INE484J01027,0.066813187,0.187,0.364123957,0.205979048
Granules India Ltd.,GRANULES,EQ,INE101D01020,0.066593407,0.419666667,0.362932062,0.283064045
Graphite India Ltd.,GRAPHITE,EQ,INE371A01025,0.085714286,0.477666667,0.466626937,0.343335963
Grasim Industries Ltd.,GRASIM,EQ,INE047A01021,0,0,0,0
Gravita India Ltd.,GRAVITA,EQ,INE024L01027,0.126593407,0.602666667,0.690107271,0.473122448
Great Eastern Shipping Co. Ltd.,GESHIP,EQ,INE017A01032,0.051318681,0.373333333,0.280095352,0.234915789
Gujarat Fluorochemicals Ltd.,FLUOROCHEM,EQ,INE09N301011,0.048791209,0.365666667,0.266388558,0.226948811
Gujarat Gas Ltd.,GUJGASLTD,EQ,INE844O01030,0.026813187,0.299,0.147199046,0.157670744
Gujarat Mineral Development Corporation Ltd.,GMDCLTD,EQ,INE131A01031,0.137912088,0.636666667,0.750893921,0.508490892
Gujarat Narmada Valley Fertilizers and Chemicals Ltd.,GNFC,EQ,INE113A01013,0.042967033,0.348333333,0.235399285,0.208899884
Gujarat Pipavav Port Ltd.,GPPL,EQ,INE517F01014,0.053956044,0.381,0.293802145,0.242919396
Gujarat State Petronet Ltd.,GSPL,EQ,INE246F01010,0.036593407,0.328666667,0.200238379,0.188499484
H.E.G. Ltd.,HEG,EQ,INE545A01024,0.103956044,0.533666667,0.566746126,0.401456279
HBL Engineering Ltd.,HBLENGINE,EQ,INE292B01021,0.12989011,0.611,0.705005959,0.481965356
HCL Technologies Ltd.,HCLTECH,EQ,INE860A01027,0.008351648,0.009333333,0.046483909,0.02138963
HDFC Asset Management Company Ltd.,HDFCAMC,EQ,INE127D01025,0.032637363,0.083,0.178188319,0.097941894
HDFC Bank Ltd.,HDFCBANK,EQ,INE040A01034,0,0,0,0
HDFC Life Insurance Company Ltd.,HDFCLIFE,EQ,INE795G01014,0,0,0,0
HFCL Ltd.,HFCL,EQ,INE548A01028,0.108351648,0.313333333,0.589988081,0.337224354
Happiest Minds Technologies Ltd.,HAPPSTMNDS,EQ,INE419U01012,0.026703297,0.298666667,0.146603099,0.157324354
Havells India Ltd.,HAVELLS,EQ,INE176B01034,0.006703297,0.004,0.036948749,0.015884015
Hero MotoCorp Ltd.,HEROMOTOCO,EQ,INE158A01026,0.015604396,0.031333333,0.085816448,0.044251392
Himadri Speciality Chemical Ltd.,HSCL,EQ,INE019C01026,0.084835165,0.475333333,0.462455304,0.340874601
Hindalco Industries Ltd.,HINDALCO,EQ,INE038A01020,0.026703297,0.065333333,0.146603099,0.079546576
Hindustan Aeronautics Ltd.,HAL,EQ,INE066F01020,0.054065934,0.148,0.294398093,0.165488009
Hindustan Copper Ltd.,HINDCOPPER,EQ,INE531E01026,0.105934066,0.539333333,0.576877235,0.407381545
Hindustan Petroleum Corporation Ltd.,HINDPETRO,EQ,INE094A01015,0.053846154,0.148,0.294398093,0.165414749
Hindustan Unilever Ltd.,HINDUNILVR,EQ,INE030A01027,0,0,0,0
Hindustan Zinc Ltd.,HINDZINC,EQ,INE267A01025,0.066043956,0.184666667,0.359952324,0.203554316
Hitachi Energy India Ltd.,POWERINDIA,EQ,INE07Y701011,0.128351648,0.607666667,0.699046484,0.478354933
Home First Finance Company India Ltd.,HOMEFIRST,EQ,INE481N01025,0.082197802,0.467666667,0.44874851,0.332870993
Honasa Consumer Ltd.,HONASA,EQ,INE0J5401028,0.101208791,0.525333333,0.551847437,0.392796521
Honeywell Automation India Ltd.,HONAUT,EQ,INE671A01010,0.013736264,0.259,0.07568534,0.116140534
Housing & Urban Development Corporation Ltd.,HUDCO,EQ,INE031A01017,0.106593407,0.306,0.576877235,0.329823547
Hyundai Motor India Ltd.,HYUNDAI,EQ,INE0V6F01027,0.016263736,0.266666667,0.089392133,0.124107512
ICICI Bank Ltd.,ICICIBANK,EQ,INE090A01021,0,0,0,0
ICICI Lombard General Insurance Company Ltd.,ICICIGI,EQ,INE765G01017,0.005604396,0.001333333,0.032181168,0.013039632
ICICI Prudential Life Insurance Company Ltd.,ICICIPRULI,EQ,INE726G01019,0.006263736,0.003,0.035160906,0.014808214
IDBI Bank Ltd.,IDBI,EQ,INE008A01015,0.087912088,0.484666667,0.479141836,0.35057353
IDFC First Bank Ltd.,IDFCFIRSTB,EQ,INE092T01019,0.025604396,0.062,0.140643623,0.076082673
IFCI Ltd.,IFCI,EQ,INE039A01010,0.156703297,0.69,0.84624553,0.564316276
IIFL Finance Ltd.,IIFL,EQ,INE530B01024,0.102747253,0.296666667,0.560190703,0.319868208
INOX India Ltd.,INOXINDIA,EQ,INE616N01034,0.034175824,0.317,0.179380215,0.176852013
IRB Infrastructure Developers Ltd.,IRB,EQ,INE821I01022,0.075714286,0.447333333,0.412395709,0.311814443
IRCON International Ltd.,IRCON,EQ,INE962Y01021,0.13,0.605666667,0.695470799,0.477045822
ITC Ltd.,ITC,EQ,INE154A01025,0,0,0,0
ITI Ltd.,ITI,EQ,INE248A01017,0.161318681,1,,0.580659341
Indegene Ltd.,INDGN,EQ,INE065X01017,0.052417582,0.377,0.286650775,0.238689452
India Cements Ltd.,INDIACEM,EQ,INE383A01012,0.076373626,0.449666667,0.416567342,0.314202545
Indiamart Intermesh Ltd.,INDIAMART,EQ,INE933S01016,0.037472527,0.331333333,0.205005959,0.191270607
Indian Bank,INDIANB,EQ,INE562A01011,0.044395604,0.119333333,0.243146603,0.13562518
Indian Energy Exchange Ltd.,IEX,EQ,INE022Q01020,0.128351648,0.374,0.698450536,0.400267395
Indian Hotels Co. Ltd.,INDHOTEL,EQ,INE053A01029,0.034945055,0.090333333,0.191299166,0.105525851
Indian Oil Corporation Ltd.,IOC,EQ,INE242A01010,0.01956044,0.043666667,0.107866508,0.057031205
Indian Overseas Bank,IOB,EQ,INE565A01014,0.088791209,0.487333333,0.483909416,0.353344653
Indian Railway Catering And Tourism Corporation Ltd.,IRCTC,EQ,INE335Y01020,0.016593407,0.034333333,0.091179976,0.047368905
Indian Railway Finance Corporation Ltd.,IRFC,EQ,INE053F01010,0.078351648,0.221333333,0.425506555,0.241730512
Indian Renewable Energy Development Agency Ltd.,IREDA,EQ,INE202E01016,0.098681319,0.281333333,0.532777116,0.304263923
Indraprastha Gas Ltd.,IGL,EQ,INE203G01027,0.06032967,0.167666667,0.329558999,0.185851779
Indus Towers Ltd.,INDUSTOWER,EQ,INE121J01017,0.052967033,0.145333333,0.289630513,0.162643626
IndusInd Bank Ltd.,INDUSINDBK,EQ,INE095A01012,0.083626374,0.238333333,0.455899881,0.259286529
Info Edge (India) Ltd.,NAUKRI,EQ,INE663F01032,0.044065934,0.118,0.240762813,0.134276249
Infosys Ltd.,INFY,EQ,INE009A01021,0.009450549,0.012333333,0.051847437,0.024543773
Inox Wind Ltd.,INOXWIND,EQ,INE066P01011,0.124285714,0.361666667,0.676400477,0.387450953
Intellect Design Arena Ltd.,INTELLECT,EQ,INE306R01017,0.113846154,0.563666667,0.620381406,0.432631409
InterGlobe Aviation Ltd.,INDIGO,EQ,INE646L01027,0.024175824,0.057666667,0.132896305,0.071579599
International Gemmological Institute (India) Ltd.,IGIL,EQ,INE0Q9301021,0.067252747,1,0.367103695,0.478118814
Inventurus Knowledge Solutions Ltd.,IKS,EQ,INE115Q01022,0.04967033,0.368333333,0.271156138,0.229719934
Ipca Laboratories Ltd.,IPCALAB,EQ,INE571A01038,0.034725275,0.323,0.190107271,0.182610848
J.B. Chemicals & Pharmaceuticals Ltd.,JBCHEPHARM,EQ,INE572A01036,0.026263736,0.296666667,0.143027414,0.155319272
J.K. Cement Ltd.,JKCEMENT,EQ,INE823G01014,0.022417582,0.283333333,0.119189511,0.141646809
JBM Auto Ltd.,JBMA,EQ,INE927D01051,0.122747253,0.583666667,0.65613826,0.45418406
JK Tyre & Industries Ltd.,JKTYRE,EQ,INE573A01042,0.063186813,0.409333333,0.344457688,0.272325945
JM Financial Ltd.,JMFINANCIL,EQ,INE780C01023,0.12010989,0.582666667,0.654350417,0.452375658
JSW Energy Ltd.,JSWENERGY,EQ,INE121E01018,0.075934066,0.215,0.414183552,0.235039206
JSW Holdings Ltd.,JSWHL,EQ,INE824G01012,1,,,1
JSW Infrastructure Ltd.,JSWINFRA,EQ,INE880J01026,0.051758242,0.375,0.283075089,0.23661111
JSW Steel Ltd.,JSWSTEEL,EQ,INE019A01038,0.00978022,0.013666667,0.054231228,0.025892705
Jaiprakash Power Ventures Ltd.,JPPOWER,EQ,INE351F01018,0.139120879,0.640666667,0.758045292,0.512610946
Jammu & Kashmir Bank Ltd.,J&KBANK,EQ,INE168A01041,0.077472527,0.453,0.422526818,0.317666448
Jindal Saw Ltd.,JINDALSAW,EQ,INE324A01032,0.104835165,0.536,0.570917759,0.403917641
Jindal Stainless Ltd.,JSL,EQ,INE220G01021,0.065604396,0.417,0.358164482,0.280256292
Jindal Steel Ltd.,JINDALSTEL,EQ,INE749A01030,0.035604396,0.092333333,0.194874851,0.107604193
Jio Financial Services Ltd.,JIOFIN,EQ,INE758E01017,0.036703297,0.095666667,0.200834327,0.111068097
Jubilant Foodworks Ltd.,JUBLFOOD,EQ,INE797F01020,0.028681319,0.071,0.156734207,0.085471842
Jubilant Ingrevia Ltd.,JUBLINGREA,EQ,INE0BY001018,0.09043956,0.492666667,0.493444577,0.358850268
Jubilant Pharmova Ltd.,JUBLPHARMA,EQ,INE700A01033,0.084065934,0.473,0.458283671,0.338449868
Jupiter Wagons Ltd.,JWL,EQ,INE209L01016,0.124285714,0.593666667,0.674016687,0.463989689
Justdial Ltd.,JUSTDIAL,EQ,INE599M01018,0.071758242,0.435333333,0.390941597,0.299344391
Jyothy Labs Ltd.,JYOTHYLAB,EQ,INE668F01031,0.045054945,0.354333333,0.246126341,0.21517154
Jyoti CNC Automation Ltd.,JYOTICNC,EQ,INE980O01024,0.107032967,0.541666667,0.581048868,0.409916167
K.P.R. Mill Ltd.,KPRMILL,EQ,INE930H01031,0.06967033,0.429333333,0.380214541,0.293072735
KEI Industries Ltd.,KEI,EQ,INE878B01027,0.087362637,0.25,0.476758045,0.271373561
KNR Constructions Ltd.,KNRCON,EQ,INE634I01029,0.060879121,0.402666667,0.332538737,0.265361508
KPIT Technologies Ltd.,KPITTECH,EQ,INE04I401011,0.064395604,0.18,0.351609058,0.198668221
Kajaria Ceramics Ltd.,KAJARIACER,EQ,INE217B01036,0.029340659,0.306666667,0.16090584,0.165637722
Kalpataru Projects International Ltd.,KPIL,EQ,INE220B01022,0.066263736,0.419,0.361740167,0.282334634
Kalyan Jewellers India Ltd.,KALYANKJIL,EQ,INE303R01014,0.09978022,0.287666667,0.544100119,0.310515669
Kansai Nerolac Paints Ltd.,KANSAINER,EQ,INE531A01024,0.003186813,0.227,0.018474374,0.082887062
Karur Vysya Bank Ltd.,KARURVYSYA,EQ,INE036D01028,0.038021978,0.333,0.207985697,0.193002558
Kaynes Technology India Ltd.,KAYNES,EQ,INE918Z01012,0.115274725,0.335,0.628724672,0.359666466
Kec International Ltd.,KEC,EQ,INE389H01022,0.087252747,0.483,0.476162098,0.348804948
Kfin Technologies Ltd.,KFINTECH,EQ,INE138Y01010,0.118241758,0.343666667,0.644219309,0.368709245
Kirloskar Brothers Ltd.,KIRLOSBROS,EQ,INE732A01036,0.131868132,0.618333333,0.718116806,0.489439424
Kirloskar Oil Eng Ltd.,KIRLOSENG,EQ,INE146L01010,0.089010989,0.488333333,0.485697259,0.354347194
Kotak Mahindra Bank Ltd.,KOTAKBANK,EQ,INE237A01028,0.000989011,0,0.007151371,0.002713461
Krishna Institute of Medical Sciences Ltd.,KIMS,EQ,INE967H01025,0.02989011,0.308333333,0.163885578,0.167369674
L&T Finance Ltd.,LTF,EQ,INE498L01015,0.04043956,0.107333333,0.221692491,0.123155128
L&T Technology Services Ltd.,LTTS,EQ,INE010V01017,0.025714286,0.295666667,0.141239571,0.154206841
LIC Housing Finance Ltd.,LICHSGFIN,EQ,INE115A01026,0.030659341,0.077,0.167461263,0.091706868
LT Foods Ltd.,LTFOODS,EQ,INE818H01020,0.097692308,0.514666667,0.532777116,0.38171203
LTIMindtree Ltd.,LTIM,EQ,INE214T01019,0.021538462,0.049666667,0.118593564,0.063266231
Larsen & Toubro Ltd.,LT,EQ,INE018A01030,0.005054945,0,0.028605483,0.011220143
Latent View Analytics Ltd.,LATENTVIEW,EQ,INE0I7C01011,0.046483516,0.358666667,0.253873659,0.219674614
Laurus Labs Ltd.,LAURUSLABS,EQ,INE947Q01028,0.051758242,0.141666667,0.283075089,0.158833333
Lemon Tree Hotels Ltd.,LEMONTREE,EQ,INE970X01018,0.061758242,0.404666667,0.336114422,0.26751311
Life Insurance Corporation of India,LICI,EQ,INE0J1Y01017,0.021098901,0.048333333,0.116209774,0.061880669
Linde India Ltd.,LINDEINDIA,EQ,INE473A01011,0.056373626,0.389,0.308104887,0.251159504
Lloyds Metals And Energy Ltd.,LLOYDSME,EQ,INE281B01032,0.074945055,0.445333333,0.408820024,0.309699471
Lodha Developers Ltd.,LODHA,EQ,INE670K01029,0.084835165,0.242,0.462455304,0.263096823
Lupin Ltd.,LUPIN,EQ,INE326A01037,0.020769231,0.047,0.113825983,0.060531738
MMTC Ltd.,MMTC,EQ,INE123F01029,0.12956044,0.610333333,,0.369946886
MRF Ltd.,MRF,EQ,INE883A01011,0,0.216666667,0,0.072222222
Mahanagar Gas Ltd.,MGL,EQ,INE002S01010,0.059340659,0.398,0.324195471,0.260512043
Maharashtra Seamless Ltd.,MAHSEAMLES,EQ,INE271B01025,0.066813187,0.420333333,0.364123957,0.283756826
Mahindra & Mahindra Financial Services Ltd.,M&MFIN,EQ,INE774D01024,0.02967033,0.307666667,0.162693683,0.166676893
Mahindra & Mahindra Ltd.,M&M,EQ,INE101A01026,0.029340659,0.073333333,0.16090584,0.087859944
Manappuram Finance Ltd.,MANAPPURAM,EQ,INE522D01027,0.066263736,0.185666667,0.361740167,0.204556857
Mangalore Refinery & Petrochemicals Ltd.,MRPL,EQ,INE103A01014,0.104175824,0.534333333,0.567938021,0.40214906
Mankind Pharma Ltd.,MANKIND,EQ,INE634S01028,0.031428571,0.079666667,0.172228844,0.094441361
Marico Ltd.,MARICO,EQ,INE196A01026,0,0,0,0
Maruti Suzuki India Ltd.,MARUTI,EQ,INE585B01010,0,0,0,0
Mastek Ltd.,MASTEK,EQ,INE759A01021,0.076153846,0.449,0.415375447,0.313509764
Max Financial Services Ltd.,MFSL,EQ,INE180A01020,0.013406593,0.024666667,0.073897497,0.037323586
Max Healthcare Institute Ltd.,MAXHEALTH,EQ,INE027H01010,0.054395604,0.149666667,0.297377831,0.167146701
Mazagoan Dock Shipbuilders Ltd.,MAZDOCK,EQ,INE249Z01020,0.138461538,0.405333333,0.754469607,0.432754826
Metropolis Healthcare Ltd.,METROPOLIS,EQ,INE112L01020,0.037912088,0.332333333,0.206793802,0.192346408
Minda Corporation Ltd.,MINDACORP,EQ,INE842C01021,0.06021978,0.400666667,0.328963051,0.263283166
Motherson Sumi Wiring India Ltd.,MSUMI,EQ,INE0FS801015,0.019340659,0.276,0.106078665,0.133806441
Motilal Oswal Financial Services Ltd.,MOTILALOFS,EQ,INE338I01027,0.115274725,0.567666667,0.627532777,0.436824723
MphasiS Ltd.,MPHASIS,EQ,INE356A01018,0.040879121,0.108666667,0.224076281,0.12454069
Multi Commodity Exchange of India Ltd.,MCX,EQ,INE745G01035,0.079120879,0.224666667,0.431466031,0.245084526
Muthoot Finance Ltd.,MUTHOOTFIN,EQ,INE414G01012,0.035274725,0.091333333,0.193087008,0.106565022
NATCO Pharma Ltd.,NATCOPHARM,EQ,INE987B01026,0.071978022,0.436,0.392133492,0.300037171
NBCC (India) Ltd.,NBCC,EQ,INE095N01031,0.103626374,0.298666667,0.563766389,0.32201981
NCC Ltd.,NCC,EQ,INE868B01028,0.082967033,0.236,0.451728248,0.256898427
NHPC Ltd.,NHPC,EQ,INE848E01016,0.049120879,0.132333333,0.266388558,0.149280923
NLC India Ltd.,NLCINDIA,EQ,INE589A01014,0.089010989,0.488,0.485101311,0.354037433
NMDC Ltd.,NMDC,EQ,INE584A01023,0.04967033,0.135,0.271156138,0.151942156
NMDC Steel Ltd.,NSLNISP,EQ,INE0NNS01018,0.092307692,0.498,0.502979738,0.364429143
NTPC Green Energy Ltd.,NTPCGREEN,EQ,INE0ONG01011,0.024065934,0.29,0.131108462,0.148391466
NTPC Ltd.,NTPC,EQ,INE733E01010,0.008681319,0.010666667,0.0488677,0.022738562
Narayana Hrudayalaya Ltd.,NH,EQ,INE410P01011,0.041538462,0.343666667,0.227056019,0.204087049
National Aluminium Co. Ltd.,NATIONALUM,EQ,INE139A01034,0.083406593,0.238,0.455303933,0.258903509
Nava Ltd.,NAVA,EQ,INE725A01030,0.117912088,0.575666667,0.641835518,0.445138091
Navin Fluorine International Ltd.,NAVINFLUOR,EQ,INE048G01026,0.030659341,0.310666667,0.168057211,0.169794406
Nestle India Ltd.,NESTLEIND,EQ,INE239A01024,0,0,0,0
Netweb Technologies India Ltd.,NETWEB,EQ,INE0NT901020,0.154285714,0.686666667,0.840286055,0.560412812
Network18 Media & Investments Ltd.,NETWORK18,EQ,INE870H01013,0.114835165,0.566666667,0.625744934,0.435748922
Neuland Laboratories Ltd.,NEULANDLAB,EQ,INE794A01010,0.147032967,0.664333333,0.800357569,0.53724129
Newgen Software Technologies Ltd.,NEWGEN,EQ,INE619B01017,0.146043956,0.661666667,0.795589988,0.534433537
Nippon Life India Asset Management Ltd.,NAM-INDIA,EQ,INE298J01013,0.076263736,0.449333333,0.415971395,0.313856155
Niva Bupa Health Insurance Company Ltd.,NIVABUPA,EQ,INE995S01015,0.057142857,0.391333333,0.31227652,0.253584237
Nuvama Wealth Management Ltd.,NUVAMA,EQ,INE531F01015,0.103736264,0.299666667,0.565554231,0.322985721
Oberoi Realty Ltd.,OBEROIRLTY,EQ,INE093I01010,0.045164835,0.121333333,0.246722288,0.137740152
Oil & Natural Gas Corporation Ltd.,ONGC,EQ,INE213A01029,0.023626374,0.056,0.129916567,0.069847647
Oil India Ltd.,OIL,EQ,INE274J01014,0.073076923,0.206,0.398092968,0.225723297
Ola Electric Mobility Ltd.,OLAELEC,BE,INE0LXG01040,1,,,1
Olectra Greentech Ltd.,OLECTRA,EQ,INE260D01016,0.107692308,0.545,0.587008343,0.41323355
One 97 Communications Ltd.,PAYTM,EQ,INE982J01020,0.119450549,0.347333333,0.650774732,0.372519538
Oracle Financial Services Software Ltd.,OFSS,EQ,INE881D01027,0.057692308,0.159666667,0.315256257,0.177538411
PB Fintech Ltd.,POLICYBZR,EQ,INE417T01026,0.084065934,0.239333333,0.457687723,0.26036233
PCBL Chemical Ltd.,PCBL,EQ,INE602A01031,0.082527473,0.468,0.449344458,0.333290643
PG Electroplast Ltd.,PGEL,EQ,INE457L01029,0.17967033,0.530666667,0.978545888,0.562960961
PI Industries Ltd.,PIIND,EQ,INE603J01030,0.012967033,0.023666667,0.072109654,0.036247785
PNB Housing Finance Ltd.,PNBHOUSING,EQ,INE572E01012,0.09,0.257666667,0.490464839,0.279377169
PNC Infratech Ltd.,PNCINFRA,EQ,INE195J01029,0.074395604,0.443666667,0.405840286,0.307967519
PTC Industries Ltd.,PTCIL,EQ,INE596F01018,0.106813187,1,,0.553406593
PVR INOX Ltd.,PVRINOX,EQ,INE191H01014,0.037032967,0.33,0.202622169,0.189885045
Page Industries Ltd.,PAGEIND,EQ,INE761H01022,0.007692308,0.007333333,0.042908224,0.019311288
Patanjali Foods Ltd.,PATANJALI,EQ,INE619A01035,0.028791209,0.071666667,0.157926103,0.086127993
Persistent Systems Ltd.,PERSISTENT,EQ,INE262H01021,0.056703297,0.156333333,0.309296782,0.174111137
Petronet LNG Ltd.,PETRONET,EQ,INE347G01014,0.022527473,0.052333333,0.123361144,0.066073983
Pfizer Ltd.,PFIZER,EQ,INE182A01018,0.021318681,0.282,0.116805721,0.140041467
Phoenix Mills Ltd.,PHOENIXLTD,EQ,INE211B01039,0.072307692,0.203666667,0.393921335,0.223298565
Pidilite Industries Ltd.,PIDILITIND,EQ,INE318A01026,0,0,0,0
Piramal Enterprises Ltd.,PEL,EQ,INE140A01024,0.065274725,0.412333333,0.349821216,0.275809758
Piramal Pharma Ltd.,PPLPHARMA,EQ,INE0DK501011,0.078791209,0.223666667,0.429678188,0.244045355
Poly Medicure Ltd.,POLYMED,EQ,INE205C01021,0.079450549,0.459,0.433253874,0.323901474
Polycab India Ltd.,POLYCAB,EQ,INE455K01017,0.057802198,0.159666667,0.315256257,0.177575041
Poonawalla Fincorp Ltd.,POONAWALLA,EQ,INE511C01022,0.063626374,0.411,0.347437426,0.274021266
Power Finance Corporation Ltd.,PFC,EQ,INE134E01011,0.071428571,0.201,0.389153754,0.220527442
Power Grid Corporation of India Ltd.,POWERGRID,EQ,INE752E01010,0.00967033,0.013666667,0.054231228,0.025856075
Praj Industries Ltd.,PRAJIND,EQ,INE074A01025,0.072087912,0.436666667,0.393325387,0.300693322
Premier Energies Ltd.,PREMIERENE,EQ,INE0BS701011,0.081208791,0.464333333,0.442789035,0.32944372
Prestige Estates Projects Ltd.,PRESTIGE,EQ,INE811K01011,0.08021978,0.228,0.437425507,0.248548429
Punjab National Bank,PNB,EQ,INE160A01022,0.038351648,0.100666667,0.20977354,0.116263952
R R Kabel Ltd.,RRKABEL,EQ,INE777K01022,0.064615385,0.414,0.352800954,0.277138779
RBL Bank Ltd.,RBLBANK,EQ,INE976G01028,0.07978022,0.227,0.435637664,0.247472628
REC Ltd.,RECLTD,EQ,INE020B01018,0.076153846,0.215,0.414183552,0.235112466
RHI MAGNESITA INDIA LTD.,RHIM,EQ,INE743M01012,0.052857143,0.378333333,0.289034565,0.240075014
RITES Ltd.,RITES,EQ,INE320J01015,0.101978022,0.526333333,0.55363528,0.393982212
Radico Khaitan Ltd,RADICO,EQ,INE944F01028,0.041978022,0.343666667,0.227056019,0.204233569
Rail Vikas Nigam Ltd.,RVNL,EQ,INE415G01027,0.127032967,0.367666667,0.687127533,0.393942389
Railtel Corporation Of India Ltd.,RAILTEL,EQ,INE0DD101019,0.130879121,0.607,0.697854589,0.478577903
Rainbow Childrens Medicare Ltd.,RAINBOW,EQ,INE961O01016,0.044285714,0.352,0.241954708,0.212746807
Ramkrishna Forgings Ltd.,RKFORGE,EQ,INE399G01023,0.072857143,0.439333333,0.398092968,0.303427815
Rashtriya Chemicals & Fertilizers Ltd.,RCF,EQ,INE027A01015,0.094725275,0.505,0.515494636,0.37173997
RattanIndia Enterprises Ltd.,RTNINDIA,EQ,INE834M01019,0.132197802,0.619666667,0.720500596,0.490788355
Raymond Lifestyle Ltd.,RAYMONDLSL,EQ,INE02ID01020,0.08956044,0.489333333,0.487485101,0.355459625
Raymond Ltd.,RAYMOND,EQ,INE301A01014,0.131538462,1,0.716924911,0.616154457
Redington Ltd.,REDINGTON,EQ,INE891D01026,0.091758242,0.496333333,0.5,0.362697192
Reliance Industries Ltd.,RELIANCE,EQ,INE002A01018,0,0,0,0
Reliance Power Ltd.,RPOWER,EQ,INE614G01033,0.164945055,,0.898092968,0.531519011
Route Mobile Ltd.,ROUTE,EQ,INE450U01017,0.033956044,0.320333333,0.18533969,0.179876356
SBFC Finance Ltd.,SBFC,EQ,INE423Y01016,0.051098901,0.372666667,0.278903456,0.234223008
SBI Cards and Payment Services Ltd.,SBICARD,EQ,INE018E01016,0.011648352,0.019,0.063766389,0.03147158
SBI Life Insurance Company Ltd.,SBILIFE,EQ,INE123W01016,0,0,0,0
SJVN Ltd.,SJVN,EQ,INE002L01015,0.087142857,0.482,0.474374255,0.347839037
SKF India Ltd.,SKFINDIA,EQ,INE640A01023,0.013956044,0.26,0.077473182,0.117143075
SRF Ltd.,SRF,EQ,INE647A01010,0.020989011,0.048,0.115613826,0.061534279
Sagility India Ltd.,SAGILITY,EQ,INE0W2G01015,0.062197802,1,,0.531098901
Sai Life Sciences Ltd.,SAILIFE,EQ,INE570L01029,0.056263736,0.388666667,0.307508939,0.250813114
Sammaan Capital Ltd.,SAMMAANCAP,EQ,INE148I01020,0.114615385,0.332666667,0.624553039,0.357278364
Samvardhana Motherson International Ltd.,MOTHERSON,EQ,INE775A01035,0.055054945,0.150333333,0.298569726,0.167986001
Sapphire Foods India Ltd.,SAPPHIRE,EQ,INE806T01020,0.045934066,0.357,0.250893921,0.217942662
Sarda Energy and Minerals Ltd.,SARDAEN,EQ,INE385C01021,0.115714286,0.569,0.629916567,0.438210284
Saregama India Ltd,SAREGAMA,EQ,INE979A01025,0.075274725,0.446666667,0.411203814,0.311048402
Schaeffler India Ltd.,SCHAEFFLER,EQ,INE513A01022,0.035604396,0.325666667,0.194874851,0.185381971
Schneider Electric Infrastructure Ltd.,SCHNEIDER,EQ,INE839M01018,0.103516484,,,0.103516484
Shipping Corporation of India Ltd.,SCI,EQ,INE109A01011,0.115604396,0.569,0.629916567,0.438173654
Shree Cement Ltd.,SHREECEM,EQ,INE070A01015,0,0,0,0
Shree Renuka Sugars Ltd.,RENUKA,EQ,INE087H01022,0.078131868,0.455333333,0.426698451,0.320054551
Shriram Finance Ltd.,SHRIRAMFIN,EQ,INE721A01047,0.054615385,0.15,0.297973778,0.167529721
Shyam Metalics and Energy Ltd.,SHYAMMETL,EQ,INE810G01011,0.049450549,0.367666667,0.269964243,0.229027153
Siemens Ltd.,SIEMENS,EQ,INE003A01024,0.052527473,0.143,0.28545888,0.160328784
Signatureglobal (India) Ltd.,SIGNATURE,EQ,INE903U01023,0.035054945,0.324,0.191895113,0.183650019
Sobha Ltd.,SOBHA,EQ,INE671H01015,0.086923077,0.482,0.474374255,0.347765777
Solar Industries India Ltd.,SOLARINDS,EQ,INE343H01029,0.056703297,0.156666667,0.309892729,0.174420898
Sona BLW Precision Forgings Ltd.,SONACOMS,EQ,INE073K01018,0.053956044,0.148,0.294398093,0.165451379
Sonata Software Ltd.,SONATSOFTW,EQ,INE269A01021,0.11043956,0.553,0.601311085,0.421583548
Star Health and Allied Insurance Company Ltd.,STARHEALTH,EQ,INE575P01011,0.01956044,0.277,0.107866508,0.134808982
State Bank of India,SBIN,EQ,INE062A01020,0,0,0,0
Steel Authority of India Ltd.,SAIL,EQ,INE114A01011,0.071538462,0.201666667,0.39034565,0.221183593
Sterling and Wilson Renewable Energy Ltd.,SWSOLAR,EQ,INE00M201021,0.115274725,1,0.628128725,0.581134483
Sumitomo Chemical India Ltd.,SUMICHEM,EQ,INE258G01013,0.054945055,0.384666667,0.300357569,0.24665643
Sun Pharmaceutical Industries Ltd.,SUNPHARMA,EQ,INE044A01036,0,0,0,0
Sun TV Network Ltd.,SUNTV,EQ,INE424H01027,0.015934066,0.266,0.088200238,0.123378101
Sundaram Finance Ltd.,SUNDARMFIN,EQ,INE660A01013,0.068021978,0.423666667,0.370083433,0.287257359
Sundram Fasteners Ltd.,SUNDRMFAST,EQ,INE387A01021,0.010989011,0.250666667,0.060786651,0.107480776
Supreme Industries Ltd.,SUPREMEIND,EQ,INE195A01028,0.06010989,0.166333333,0.327175209,0.184539477
Suzlon Energy Ltd.,SUZLON,EQ,INE040H01021,0.098351648,0.283,0.535756853,0.305702834
Swan Corp Ltd.,SWANCORP,EQ,INE665A01038,0.137692308,0.636333333,0.750297974,0.508107872
Swiggy Ltd.,SWIGGY,EQ,INE00H001014,0.074945055,0.445333333,0.408820024,0.309699471
Syngene International Ltd.,SYNGENE,EQ,INE398R01022,0.023626374,0.056,0.129916567,0.069847647
Syrma SGS Technology Ltd.,SYRMA,EQ,INE0DYJ01015,0.118241758,0.577,0.644219309,0.446487022
TBO Tek Ltd.,TBOTEK,EQ,INE673O01025,0.083846154,0.472333333,0.457091776,0.337757088
TVS Motor Company Ltd.,TVSMOTOR,EQ,INE494B01023,0.019120879,0.042333333,0.105482718,0.055645643
Tanla Platforms Ltd.,TANLA,EQ,INE483C01032,0.098131868,0.516,0.535160906,0.383097591
Tata Chemicals Ltd.,TATACHEM,EQ,INE092A01019,0.026923077,0.065,0.146007151,0.079310076
Tata Communications Ltd.,TATACOMM,EQ,INE151A01013,0.019120879,0.274666667,0.103694875,0.13249414
Tata Consultancy Services Ltd.,TCS,EQ,INE467B01029,0,0,0,0
Tata Consumer Products Ltd.,TATACONSUM,EQ,INE192A01025,0,0,0,0
Tata Elxsi Ltd.,TATAELXSI,EQ,INE670A01012,0.034065934,0.087666667,0.186531585,0.102754729
Tata Investment Corporation Ltd.,TATAINVEST,EQ,INE672A01018,0.057802198,0.393333333,0.315852205,0.255662579
Tata Motors Ltd.,TATAMOTORS,EQ,INE155A01022,0.031098901,0.078666667,0.170441001,0.09340219
Tata Power Co. Ltd.,TATAPOWER,EQ,INE245A01021,0.023846154,0.056666667,0.131108462,0.070540428
Tata Steel Ltd.,TATASTEEL,EQ,INE081A01020,0.027252747,0.067,0.149582837,0.081278528
Tata Technologies Ltd.,TATATECH,EQ,INE142M01025,0.013076923,0.023333333,0.071513707,0.035974654
Tata Teleservices (Maharashtra) Ltd.,TTML,EQ,INE517B01013,0.117032967,,,0.117032967
Tech Mahindra Ltd.,TECHM,EQ,INE669C01036,0.011318681,0.018333333,0.062574493,0.030742169
Techno Electric & Engineering Company Ltd.,TECHNOE,EQ,INE285K01026,0.118241758,0.576,0.642431466,0.445557741
Tejas Networks Ltd.,TEJASNET,EQ,INE010J01012,0.114505495,0.565666667,0.623957092,0.434709751
The New India Assurance Company Ltd.,NIACL,EQ,INE470Y01017,0.115934066,0.570333333,0.632300358,0.439522586
The Ramco Cements Ltd.,RAMCOCEM,EQ,INE331A01037,0.014615385,0.261,0.079261025,0.118292137
Thermax Ltd.,THERMAX,EQ,INE152A01029,0.070989011,0.433333333,0.387365912,0.297229419
Timken India Ltd.,TIMKEN,EQ,INE325A01013,0.051648352,0.374333333,0.281883194,0.23595496
Titagarh Rail Systems Ltd.,TITAGARH,EQ,INE615H01020,0.114835165,0.332,0.623361144,0.356732103
Titan Company Ltd.,TITAN,EQ,INE280A01028,0,0,0,0
Torrent Pharmaceuticals Ltd.,TORNTPHARM,EQ,INE685A01028,0,0,0,0
Torrent Power Ltd.,TORNTPOWER,EQ,INE813H01021,0.061868132,0.172,0.337306317,0.190391483
Transformers And Rectifiers (India) Ltd.,TARIL,EQ,INE763I01026,0.139450549,1,0.759237187,0.632895912
Trent Ltd.,TRENT,EQ,INE849A01020,0.073846154,0.208666667,0.402860548,0.22845779
Trident Ltd.,TRIDENT,EQ,INE064C01022,0.057362637,0.392,0.313468415,0.254277017
Triveni Engineering & Industries Ltd.,TRIVENI,EQ,INE256C01024,0.071208791,0.434,0.388557807,0.297922199
Triveni Turbine Ltd.,TRITURBINE,EQ,INE152M01016,0.113736264,0.562666667,0.618593564,0.431665498
Tube Investments of India Ltd.,TIINDIA,EQ,INE974X01010,0.063846154,0.176333333,0.345053635,0.195077707
UCO Bank,UCOBANK,EQ,INE691A01018,0.081428571,0.465,0.44398093,0.3301365
UNO Minda Ltd.,UNOMINDA,EQ,INE405E01023,0.058351648,0.161666667,0.318831943,0.179616753
UPL Ltd.,UPL,EQ,INE628A01036,0.025934066,0.063,0.142431466,0.077121844
UTI Asset Management Company Ltd.,UTIAMC,EQ,INE094J01016,0.056483516,0.389333333,0.308700834,0.251505895
UltraTech Cement Ltd.,ULTRACEMCO,EQ,INE481G01011,0,0,0,0
Union Bank of India,UNIONBANK,EQ,INE692A01016,0.062307692,0.173333333,0.339690107,0.191777044
United Breweries Ltd.,UBL,EQ,INE686F01025,0,0.216666667,0,0.072222222
United Spirits Ltd.,UNITDSPR,EQ,INE854D01024,0.005164835,0,0.029797378,0.011654071
Usha Martin Ltd.,USHAMART,EQ,INE228A01035,0.074285714,0.443333333,0.405244338,0.307621129
V-Guard Industries Ltd.,VGUARD,EQ,INE951I01027,0.016483516,0.267666667,0.091179976,0.125110053
Valor Estate Ltd.,DBREALTY,EQ,INE879I01012,0.144285714,0.656333333,,0.400309524
Vardhman Textiles Ltd.,VTL,EQ,INE825A01020,0.082307692,0.467333333,0.448152563,0.332597863
Varun Beverages Ltd.,VBL,EQ,INE200M01039,0.046263736,0.124666667,0.252681764,0.141204056
Vedant Fashions Ltd.,MANYAVAR,EQ,INE825V01034,0.04043956,0.340333333,0.221096544,0.200623146
Vedanta Ltd.,VEDL,EQ,INE205A01025,0.043516484,0.115333333,0.235995232,0.131615016
Vijaya Diagnostic Centre Ltd.,VIJAYA,EQ,INE043W01024,0.101648352,0.526666667,0.554231228,0.394182082
Vishal Mega Mart Ltd.,VMM,EQ,INE01EA01019,0.026483516,0.296666667,0.143027414,0.155392532
Vodafone Idea Ltd.,IDEA,EQ,INE669E01016,0.159120879,0.463333333,0.858164482,0.493539565
Voltas Ltd.,VOLTAS,EQ,INE226A01021,0.043956044,0.117666667,0.240166865,0.133929859
Waaree Energies Ltd.,WAAREEENER,EQ,INE377N01017,0.102637363,0.529666667,0.559594756,0.397299595
Welspun Corp Ltd.,WELCORP,EQ,INE191B01025,0.081318681,0.460333333,0.435637664,0.325763226
Welspun Living Ltd.,WELSPUNLIV,EQ,INE192B01031,0.108791209,0.548666667,0.593563766,0.417007214
Westlife Foodworld Ltd.,WESTLIFE,EQ,INE274F01020,0.044615385,0.353,,0.198807692
Whirlpool of India Ltd.,WHIRLPOOL,EQ,INE716A01013,0.067142857,0.421,0.365315852,0.284486236
Wipro Ltd.,WIPRO,EQ,INE075A01022,0.014615385,0.028333333,0.08045292,0.041133879
Wockhardt Ltd.,WOCKPHARMA,EQ,INE049B01025,0.136813187,1,0.745530393,0.62744786
Yes Bank Ltd.,YESBANK,EQ,INE528G01035,0.058131868,0.160666667,0.3170441,0.178614212
ZF Commercial Vehicle Control Systems India Ltd.,ZFCVINDIA,EQ,INE342J01019,0.05,0.369,0.272348033,0.230449344
Zee Entertainment Enterprises Ltd.,ZEEL,EQ,INE256A01028,0.116703297,0.572666667,0.63647199,0.441947318
Zen Technologies Ltd.,ZENTEC,EQ,INE251B01027,0.140549451,1,0.765196663,0.635248704
Zensar Technolgies Ltd.,ZENSARTECH,EQ,INE520A01027,0.072857143,0.438666667,0.396901073,0.302808294
Zydus Lifesciences Ltd.,ZYDUSLIFE,EQ,INE010B01027,0.00967033,0.013333333,0.05363528,0.025546314
eClerx Services Ltd.,ECLERX,EQ,INE738I01010,0.078791209,0.457,0.429678188,0.321823132
