setup_type,time,entry_price,stop_loss,take_profit,outcome_6,outcome_8,initiation_date,ticker,return
SHORT,2022-03-21 08:00:00,2091.449951,2239.0,1982.0,TP,TP,2022-02-28,ABB,0.0552219732593339
LONG,2021-04-01 08:00:00,999.200012,974.2200117,1150.1,TP,TP,2024-05-06,ADANIENSOL,0.1510208028300141
LONG,2021-04-05 04:00:00,1080.0,1017.799987,1150.1,SL,SL,2024-05-06,ADANIENSOL,-0.0575926046296296
LONG,2021-04-08 00:00:00,1002.400024,977.3400234,1150.1,SL,SL,2024-05-06,ADANIENSOL,-0.0249999999999999
LONG,2021-04-05 04:00:00,1080.0,1015.0,1150.1,SL,SL,2024-05-06,ADANIENSOL,-0.0601851851851852
LONG,2021-04-05 04:00:00,1080.0,1002.0,1150.1,SL,SL,2024-05-06,ADANIENSOL,-0.0722222222222221
LONG,2021-04-05 04:00:00,1080.0,1022.099975,1150.1,SL,SL,2024-05-06,ADANIENSOL,-0.0536111342592592
LONG,2021-04-05 04:00:00,1080.0,1012.0,1150.1,SL,SL,2024-05-06,ADANIENSOL,-0.062962962962963
LONG,2021-04-05 04:00:00,1080.0,1032.0,1150.1,SL,SL,2024-05-06,ADANIENSOL,-0.0444444444444444
LONG,2021-04-05 04:00:00,1080.0,1000.700012,1150.1,SL,SL,2024-05-06,ADANIENSOL,-0.0734259148148147
LONG,2021-04-05 04:00:00,1080.0,1006.150024,1150.1,SL,SL,2024-05-06,ADANIENSOL,-0.0683796074074073
LONG,2021-04-09 00:00:00,991.650024,966.8587734,1150.1,TP,TP,2024-05-06,ADANIENSOL,0.1597841699845508
LONG,2021-04-05 04:00:00,1080.0,1004.349975,1150.1,SL,SL,2024-05-06,ADANIENSOL,-0.0700463194444445
LONG,2021-04-05 04:00:00,1080.0,1036.400024,1150.1,SL,SL,2024-05-06,ADANIENSOL,-0.0403703481481481
LONG,2021-04-05 04:00:00,1080.0,1005.049987,1150.1,SL,SL,2024-05-06,ADANIENSOL,-0.0693981601851851
SHORT,2023-08-22 04:00:00,959.599975,983.589974375,825.0,TP,TP,2023-05-22,ADANIENSOL,0.1631514848484847
SHORT,2024-05-23 00:00:00,3165.050048,3244.1762992,3025.0,SL,SL,2024-04-22,ADANIENT,-0.0243902439024389
SHORT,2024-10-30 08:00:00,2969.300048,3211.0,2672.1,TP,TP,2024-10-07,ADANIENT,0.1112234003218444
LONG,2021-01-12 00:00:00,940.849975,917.328725625,1020.0,TP,TP,2023-07-03,ADANIGREEN,0.0841260850328449
LONG,2020-11-12 04:00:00,942.0,918.45,1020.0,TP,TP,2023-07-03,ADANIGREEN,0.0828025477707006
LONG,2020-11-12 00:00:00,942.400024,917.349975,1020.0,TP,TP,2023-07-03,ADANIGREEN,0.0823429265956809
LONG,2020-11-12 00:00:00,942.400024,910.200012,1020.0,TP,TP,2023-07-03,ADANIGREEN,0.0823429265956809
LONG,2020-11-10 00:00:00,902.900024,880.3275234,1020.0,TP,TP,2023-07-03,ADANIGREEN,0.1296931807369183
LONG,2020-11-12 00:00:00,942.400024,910.0,1020.0,TP,TP,2023-07-03,ADANIGREEN,0.0823429265956809
LONG,2020-11-12 00:00:00,942.400024,912.049987,1020.0,TP,TP,2023-07-03,ADANIGREEN,0.0823429265956809
LONG,2020-11-10 04:00:00,860.950012,839.4262616999999,1020.0,TP,TP,2023-07-03,ADANIGREEN,0.1847377731379833
LONG,2020-11-12 00:00:00,942.400024,909.799987,1020.0,TP,TP,2023-07-03,ADANIGREEN,0.0823429265956809
LONG,2020-11-12 00:00:00,942.400024,914.400024,1020.0,TP,TP,2023-07-03,ADANIGREEN,0.0823429265956809
LONG,2020-11-12 00:00:00,942.400024,911.400024,1020.0,TP,TP,2023-07-03,ADANIGREEN,0.0823429265956809
SHORT,2023-11-30 04:00:00,1015.200012,1040.5800123,935.65,TP,TP,2023-09-18,ADANIGREEN,0.0850211211457276
SHORT,2025-08-04 04:00:00,988.849975,1054.9,903.5,TP,TP,2025-07-14,ADANIGREEN,0.0944659380188157
LONG,2020-12-03 04:00:00,49.75,48.50625,59.1,TP,TP,2021-01-25,ADANIPOWER,0.1879396984924624
LONG,2020-12-03 08:00:00,54.150001,49.599998,59.1,TP,TP,2021-01-25,ADANIPOWER,0.0914127222269118
LONG,2020-12-08 04:00:00,53.299999,51.0,59.1,SL,SL,2021-01-25,ADANIPOWER,-0.0431519520291172
LONG,2020-12-08 04:00:00,53.299999,51.967499025,59.1,SL,SL,2021-01-25,ADANIPOWER,-0.0250000000000001
LONG,2021-03-24 08:00:00,105.0,102.050003,137.7,TP,TP,2022-01-24,ADANIPOWER,0.3114285714285714
LONG,2021-03-24 04:00:00,106.650001,103.983750975,137.7,TP,TP,2022-01-24,ADANIPOWER,0.2911392284000071
LONG,2021-07-01 04:00:00,107.900001,105.202500975,137.7,TP,TP,2022-01-24,ADANIPOWER,0.2761816378481774
LONG,2021-06-21 00:00:00,109.199996,106.4699961,137.7,SL,SL,2022-01-24,ADANIPOWER,-0.0249999999999999
LONG,2021-06-07 00:00:00,126.099998,108.699996,137.7,SL,SL,2022-01-24,ADANIPOWER,-0.1379857436635327
LONG,2022-09-16 00:00:00,532.950012,519.6262617,596.85,TP,TP,2025-06-16,AMBUJACEM,0.1198986519583753
LONG,2022-09-19 00:00:00,546.25,532.59375,596.85,SL,SL,2025-06-16,AMBUJACEM,-0.025
LONG,2022-09-15 00:00:00,524.700012,511.5825117,596.85,TP,TP,2025-06-16,AMBUJACEM,0.1375071209260807
LONG,2022-09-15 08:00:00,538.75,525.28125,596.85,TP,TP,2025-06-16,AMBUJACEM,0.1078422273781902
LONG,2022-09-19 04:00:00,563.900024,549.8025234,596.85,SL,SL,2025-06-16,AMBUJACEM,-0.025
LONG,2022-09-19 08:00:00,564.900024,550.7775234000001,596.85,SL,SL,2025-06-16,AMBUJACEM,-0.0249999999999999
SHORT,2022-02-28 04:00:00,4750.0,4868.75,4358.05,SL,SL,2022-01-31,APOLLOHOSP,-0.024390243902439
SHORT,2022-07-25 04:00:00,4153.100097,4903.65,3530.0,TP,TP,2022-04-18,APOLLOHOSP,0.1765156082152972
LONG,2020-10-27 08:00:00,2176.199951,2121.794952225,2358.0,TP,TP,2020-05-04,DMART,0.0835401401955091
LONG,2021-10-13 04:00:00,5214.0,4880.0,5155.55,SLTP,SLTP,2024-08-19,DMART,0.0835401401955091
LONG,2021-09-01 00:00:00,3975.649902,3876.25865445,4495.5,TP,TP,2025-06-09,DMART,0.1307585201952723
LONG,2021-09-01 04:00:00,3975.0,3875.625,4495.5,TP,TP,2025-06-09,DMART,0.130943396226415
LONG,2021-09-16 08:00:00,4084.5,3982.3875,4495.5,TP,TP,2025-06-09,DMART,0.1006243114212266
LONG,2021-09-14 04:00:00,3996.350097,3896.441344575,4495.5,TP,TP,2025-06-09,DMART,0.124901445289967
LONG,2021-09-16 04:00:00,4065.199951,3963.569952225,4495.5,TP,TP,2025-06-09,DMART,0.1058496640230821
LONG,2021-09-17 04:00:00,4187.0,4082.325,4495.5,SL,SL,2025-06-09,DMART,-0.025
SHORT,2022-07-11 00:00:00,3970.300048,4244.0,3906.0,TP,TP,2022-04-04,DMART,0.0164618658474142
LONG,2021-01-12 00:00:00,3572.100097,3482.797594575,3919.0,TP,TP,2022-06-27,BAJAJ-AUTO,0.0971137128243806
LONG,2021-01-12 04:00:00,3638.300048,3547.3425468,3919.0,TP,TP,2022-06-27,BAJAJ-AUTO,0.0771514026596851
LONG,2021-01-20 04:00:00,3678.550048,3586.5862968,3919.0,TP,TP,2022-06-27,BAJAJ-AUTO,0.0653654154116323
LONG,2021-01-20 00:00:00,3665.0,3573.375,3919.0,TP,TP,2022-06-27,BAJAJ-AUTO,0.0693042291950887
LONG,2021-01-11 08:00:00,3626.899902,3536.22740445,3919.0,TP,TP,2022-06-27,BAJAJ-AUTO,0.080537126993476
LONG,2021-01-19 04:00:00,3656.0,3564.6,3919.0,TP,TP,2022-06-27,BAJAJ-AUTO,0.0719365426695841
LONG,2021-01-21 04:00:00,3741.0,3647.475,3919.0,SLTP,SLTP,2022-06-27,BAJAJ-AUTO,0.0693042291950887
LONG,2021-01-21 08:00:00,3730.149902,3636.89615445,3919.0,SLTP,SLTP,2022-06-27,BAJAJ-AUTO,0.0693042291950887
LONG,2021-01-12 08:00:00,3617.75,3527.30625,3919.0,TP,TP,2022-06-27,BAJAJ-AUTO,0.0832699882523668
LONG,2021-01-21 08:00:00,3730.149902,3636.89615445,3919.0,SLTP,SLTP,2022-06-27,BAJAJ-AUTO,0.0771514026596851
LONG,2024-09-02 04:00:00,10679.299804,10245.099609,11524.0,SL,SL,2024-12-16,BAJAJHLDNG,-0.0406581145738943
LONG,2024-09-02 04:00:00,10679.299804,10380.700195,11524.0,SL,SL,2024-12-16,BAJAJHLDNG,-0.0279605980242411
LONG,2024-12-11 00:00:00,11111.15039,10833.37163025,12899.95,TP,TP,2025-03-10,BAJAJHLDNG,0.1609913957793167
LONG,2024-12-30 04:00:00,11512.0,11224.2,12899.95,TP,TP,2025-03-10,BAJAJHLDNG,0.1205654968728284
LONG,2024-09-04 08:00:00,11067.700195,10791.007690125,12899.95,TP,TP,2025-03-10,BAJAJHLDNG,0.1655492805838514
LONG,2024-12-31 00:00:00,11880.0,11583.0,12899.95,SL,SL,2025-03-10,BAJAJHLDNG,-0.025
LONG,2024-09-20 04:00:00,10840.15039,10569.14663025,12899.95,TP,TP,2025-03-10,BAJAJHLDNG,0.1900157780006592
SHORT,2022-03-10 00:00:00,5002.0,5380.0,4752.05,TP,TP,2022-02-14,BAJAJHLDNG,0.0525983522900641
LONG,2024-02-01 08:00:00,255.949996,249.5512461,273.4,TP,TP,2024-05-06,BANKBARODA,0.0681773950877497
LONG,2024-02-01 00:00:00,245.149993,239.021243175,273.4,TP,TP,2024-05-06,BANKBARODA,0.1152356019035252
LONG,2024-02-01 04:00:00,253.800003,247.455002925,273.4,TP,TP,2024-05-06,BANKBARODA,0.0772261495993755
SHORT,2022-06-27 04:00:00,100.599998,105.45,89.85,SL,SL,2022-06-06,BANKBARODA,-0.0459933807491702
SHORT,2023-02-10 04:00:00,170.75,187.7,156.1,SL,SL,2023-01-09,BANKBARODA,-0.0903036760788491
LONG,2020-10-14 04:00:00,330.200012,321.9450117,402.06,SL,SL,2020-05-18,BPCL,-0.025
LONG,2020-10-12 08:00:00,341.600006,333.06000585,402.06,SL,SL,2020-05-18,BPCL,-0.025
LONG,2020-10-12 08:00:00,341.600006,332.700012,402.06,SL,SL,2020-05-18,BPCL,-0.0260538461465952
LONG,2020-10-15 00:00:00,335.0,326.625,402.06,SL,SL,2020-05-18,BPCL,-0.025
LONG,2020-10-14 08:00:00,332.0,323.7,402.06,SL,SL,2020-05-18,BPCL,-0.025
LONG,2022-05-19 00:00:00,328.25,314.75,402.06,SL,SL,2020-05-18,BPCL,-0.041127189642041
LONG,2022-05-19 00:00:00,328.25,318.200012,402.06,SL,SL,2020-05-18,BPCL,-0.0306168712871286
LONG,2020-10-16 00:00:00,339.799987,324.100006,402.06,SL,SL,2020-05-18,BPCL,-0.0462035950578184
LONG,2022-05-26 04:00:00,321.5,313.4625,402.06,SL,SL,2020-05-18,BPCL,-0.025
LONG,2022-05-26 04:00:00,321.5,309.0,402.06,TP,TP,2020-05-18,BPCL,0.2505754276827372
LONG,2022-06-20 00:00:00,298.950012,291.4762617,402.06,TP,TP,2020-05-18,BPCL,0.344907121127662
LONG,2022-06-15 04:00:00,313.850006,303.549987,402.06,TP,TP,2020-05-18,BPCL,0.281057805683139
LONG,2022-06-15 04:00:00,313.850006,306.00375585,402.06,TP,TP,2020-05-18,BPCL,0.281057805683139
LONG,2022-06-15 00:00:00,309.850006,302.10375585,402.06,TP,TP,2020-05-18,BPCL,0.2975955856524979
LONG,2022-05-26 04:00:00,321.5,312.149993,402.06,SL,SL,2020-05-18,BPCL,-0.0290824479004665
LONG,2022-06-14 00:00:00,313.200012,304.5,402.06,TP,TP,2020-05-18,BPCL,0.2837164259112479
LONG,2020-10-15 08:00:00,325.299987,317.167487325,402.06,SL,SL,2020-05-18,BPCL,-0.025
LONG,2022-05-19 00:00:00,328.25,320.04375,402.06,SL,SL,2020-05-18,BPCL,-0.025
LONG,2020-10-16 00:00:00,339.799987,325.700012,402.06,SL,SL,2020-05-18,BPCL,-0.0414949250719069
LONG,2020-10-13 00:00:00,341.450012,332.9137617,402.06,SL,SL,2020-05-18,BPCL,-0.025
LONG,2022-06-15 04:00:00,313.850006,303.0,402.06,TP,TP,2020-05-18,BPCL,0.281057805683139
LONG,2022-06-17 04:00:00,304.350006,296.74125585,402.06,TP,TP,2020-05-18,BPCL,0.3210448236363761
LONG,2022-06-20 04:00:00,296.049987,288.648737325,402.06,TP,TP,2020-05-18,BPCL,0.3580814648034423
LONG,2022-06-17 08:00:00,301.0,293.475,402.06,TP,TP,2020-05-18,BPCL,0.3357475083056478
LONG,2022-06-15 04:00:00,313.850006,305.700012,402.06,TP,TP,2020-05-18,BPCL,0.281057805683139
LONG,2022-06-15 04:00:00,313.850006,305.75,402.06,TP,TP,2020-05-18,BPCL,0.281057805683139
LONG,2020-10-13 08:00:00,338.049987,329.598737325,402.06,SL,SL,2020-05-18,BPCL,-0.0249999999999999
LONG,2022-05-19 04:00:00,324.899993,316.777493175,402.06,SL,SL,2020-05-18,BPCL,-0.0250000000000001
LONG,2020-10-12 04:00:00,343.850006,335.25375585,402.06,SL,SL,2020-05-18,BPCL,-0.025
LONG,2020-10-13 00:00:00,341.450012,331.5,402.06,SL,SL,2020-05-18,BPCL,-0.0291404646370315
LONG,2020-10-13 04:00:00,340.799987,332.279987325,402.06,SL,SL,2020-05-18,BPCL,-0.025
LONG,2022-06-17 00:00:00,304.649993,297.033743175,402.06,TP,TP,2020-05-18,BPCL,0.319743998812434
LONG,2022-06-15 04:00:00,313.850006,303.049987,402.06,TP,TP,2020-05-18,BPCL,0.281057805683139
LONG,2022-05-26 04:00:00,321.5,305.350006,402.06,TP,TP,2020-05-18,BPCL,0.2505754276827372
LONG,2022-06-14 00:00:00,313.200012,305.3700117,402.06,TP,TP,2020-05-18,BPCL,0.2837164259112479
LONG,2022-06-14 00:00:00,313.200012,301.799987,402.06,TP,TP,2020-05-18,BPCL,0.2837164259112479
LONG,2022-06-15 04:00:00,313.850006,304.25,402.06,TP,TP,2020-05-18,BPCL,0.281057805683139
LONG,2022-06-20 08:00:00,296.049987,288.648737325,402.06,TP,TP,2020-05-18,BPCL,0.3580814648034423
LONG,2022-05-26 04:00:00,321.5,310.600006,402.06,TP,TP,2020-05-18,BPCL,0.2505754276827372
LONG,2022-05-26 04:00:00,321.5,309.549987,402.06,TP,TP,2020-05-18,BPCL,0.2505754276827372
LONG,2022-05-26 04:00:00,321.5,311.799987,402.06,TP,TP,2020-05-18,BPCL,0.2505754276827372
LONG,2022-05-26 04:00:00,321.5,311.850006,402.06,TP,TP,2020-05-18,BPCL,0.2505754276827372
LONG,2020-10-30 04:00:00,354.299987,345.442487325,430.0,TP,TP,2020-12-21,BPCL,0.2136607840180362
LONG,2020-11-09 04:00:00,375.899993,366.502493175,430.0,TP,TP,2020-12-21,BPCL,0.1439212769551714
LONG,2020-11-10 00:00:00,381.700012,372.1575117,430.0,TP,TP,2020-12-21,BPCL,0.1265391314685102
LONG,2020-11-10 04:00:00,376.5,367.0875,430.0,TP,TP,2020-12-21,BPCL,0.1420982735723772
LONG,2020-11-11 04:00:00,396.100006,386.19750585,430.0,SL,SL,2020-12-21,BPCL,-0.0250000000000001
LONG,2020-11-10 08:00:00,382.700012,373.1325117,430.0,TP,TP,2020-12-21,BPCL,0.1235954703863453
LONG,2020-11-05 08:00:00,367.049987,357.873737325,430.0,TP,TP,2020-12-21,BPCL,0.1715025615843435
LONG,2020-11-11 04:00:00,396.100006,385.100006,430.0,SL,SL,2020-12-21,BPCL,-0.0277707645376809
LONG,2020-11-11 04:00:00,396.100006,385.049987,430.0,SL,SL,2020-12-21,BPCL,-0.0278970432532636
LONG,2020-11-06 04:00:00,363.600006,354.51000585,430.0,TP,TP,2020-12-21,BPCL,0.18261824231103
LONG,2020-11-05 04:00:00,364.899993,355.777493175,430.0,TP,TP,2020-12-21,BPCL,0.1784050650831337
LONG,2020-11-11 04:00:00,396.100006,385.549987,430.0,SL,SL,2020-12-21,BPCL,-0.0266347357742782
LONG,2022-06-14 00:00:00,313.200012,304.5,341.5,TP,TP,2022-07-11,BPCL,0.0903575572021369
LONG,2022-05-26 04:00:00,321.5,313.4625,341.5,SL,SL,2022-07-11,BPCL,-0.025
LONG,2022-06-15 00:00:00,309.850006,302.10375585,341.5,TP,TP,2022-07-11,BPCL,0.1021461784318957
LONG,2022-06-15 04:00:00,313.850006,306.00375585,341.5,TP,TP,2022-07-11,BPCL,0.0880993897447941
LONG,2022-06-17 04:00:00,304.350006,296.74125585,341.5,TP,TP,2022-07-11,BPCL,0.122063391712238
LONG,2022-06-15 04:00:00,313.850006,305.700012,341.5,TP,TP,2022-07-11,BPCL,0.0880993897447941
LONG,2022-06-15 04:00:00,313.850006,305.75,341.5,TP,TP,2022-07-11,BPCL,0.0880993897447941
LONG,2022-06-17 00:00:00,304.649993,297.033743175,341.5,TP,TP,2022-07-11,BPCL,0.1209585026972248
LONG,2022-05-26 04:00:00,321.5,305.350006,341.5,TP,TP,2022-07-11,BPCL,0.062208398133748
LONG,2022-06-14 00:00:00,313.200012,305.3700117,341.5,TP,TP,2022-07-11,BPCL,0.0903575572021369
LONG,2022-06-15 04:00:00,313.850006,304.25,341.5,TP,TP,2022-07-11,BPCL,0.0880993897447941
LONG,2022-05-26 04:00:00,321.5,310.600006,341.5,SL,SL,2022-07-11,BPCL,-0.0339035583203731
LONG,2022-05-26 04:00:00,321.5,309.549987,341.5,TP,TP,2022-07-11,BPCL,0.062208398133748
LONG,2022-05-26 04:00:00,321.5,311.799987,341.5,SL,SL,2022-07-11,BPCL,-0.0301711135303266
LONG,2022-05-26 04:00:00,321.5,311.850006,341.5,SL,SL,2022-07-11,BPCL,-0.030015533437014
LONG,2024-02-05 04:00:00,585.599975,564.299987,635.2,TP,TP,2024-04-15,BPCL,0.0846994998590975
LONG,2024-02-05 04:00:00,585.599975,570.959975625,635.2,TP,TP,2024-04-15,BPCL,0.0846994998590975
LONG,2024-02-09 00:00:00,608.650024,592.299987,635.2,SL,SL,2024-04-15,BPCL,-0.0268627887214213
SHORT,2020-11-11 08:00:00,393.950012,436.0,347.5,TP,TP,2020-09-07,BPCL,0.1336690992805755
LONG,2023-09-08 04:00:00,455.600006,444.21000585,549.95,TP,TP,2024-03-04,CGPOWER,0.2070895363421045
LONG,2023-09-08 00:00:00,457.950012,446.5012617,549.95,TP,TP,2024-03-04,CGPOWER,0.2008952627781568
LONG,2023-11-23 00:00:00,471.600006,459.81000585,549.95,SL,SL,2024-03-04,CGPOWER,-0.025
LONG,2023-11-23 04:00:00,462.600006,451.03500585,549.95,SL,SL,2024-03-04,CGPOWER,-0.025
SHORT,2024-01-23 04:00:00,456.700012,488.0,414.3,TP,TP,2024-01-01,CGPOWER,0.1023413275404296
LONG,2020-10-14 04:00:00,88.150001,84.849998,95.3,TP,TP,2020-10-26,CANBK,0.0811117290855163
LONG,2020-10-14 04:00:00,88.150001,85.946250975,95.3,TP,TP,2020-10-26,CANBK,0.0811117290855163
LONG,2020-10-13 08:00:00,89.599998,87.35999805,95.3,SL,SL,2020-10-26,CANBK,-0.025
LONG,2020-10-29 04:00:00,85.150001,83.021250975,95.3,TP,TP,2020-10-26,CANBK,0.1192013961338649
LONG,2020-10-28 04:00:00,87.199996,85.0199961,95.3,TP,TP,2020-10-26,CANBK,0.0928899583894475
LONG,2020-10-15 08:00:00,87.849998,85.65374805,95.3,TP,TP,2020-10-26,CANBK,0.0848036672692924
LONG,2020-10-13 00:00:00,90.199996,87.510002,95.3,SL,SL,2020-10-26,CANBK,-0.029822551211643
LONG,2022-10-25 04:00:00,284.799987,273.799987,292.2,SL,SL,2023-03-20,CANBK,-0.0386235972686332
LONG,2022-10-25 04:00:00,284.799987,277.100006,292.2,SL,SL,2023-03-20,CANBK,-0.027036451374557
LONG,2022-10-25 00:00:00,274.950012,268.07626170000003,292.2,TP,TP,2023-03-20,CANBK,0.0627386333774735
LONG,2022-10-25 04:00:00,284.799987,272.799987,292.2,SL,SL,2023-03-20,CANBK,-0.0421348333839636
SHORT,2025-09-17 00:00:00,1587.400024,1627.0850246,1489.6,SL,SL,2025-07-14,CHOLAFIN,-0.024390243902439
LONG,2021-02-03 04:00:00,856.799987,835.379987325,977.35,TP,TP,2022-01-17,CIPLA,0.1406979631525136
LONG,2021-04-09 04:00:00,882.599975,860.5349756249999,977.35,TP,TP,2022-01-17,CIPLA,0.1073533057827245
LONG,2021-04-12 00:00:00,917.0,888.200012,977.35,SL,SL,2022-01-17,CIPLA,-0.031406748091603
LONG,2021-02-11 00:00:00,860.450012,838.9387617,977.35,TP,TP,2022-01-17,CIPLA,0.1358591276305309
LONG,2021-04-12 00:00:00,917.0,887.200012,977.35,SL,SL,2022-01-17,CIPLA,-0.0324972606324972
LONG,2021-04-12 00:00:00,917.0,890.25,977.35,SL,SL,2022-01-17,CIPLA,-0.0291712104689203
LONG,2021-04-12 00:00:00,917.0,889.049987,977.35,SL,SL,2022-01-17,CIPLA,-0.0304798396946565
LONG,2021-04-12 08:00:00,908.0,885.3,977.35,SL,SL,2022-01-17,CIPLA,-0.025
LONG,2021-04-12 04:00:00,912.0,889.1999999999999,977.35,SL,SL,2022-01-17,CIPLA,-0.025
SHORT,2025-01-31 04:00:00,1482.650024,1547.85,1408.0,TP,TP,2024-12-30,CIPLA,0.0530184829545454
LONG,2020-11-19 00:00:00,508.700012,495.9825117,529.0,TP,TP,2024-12-16,DABUR,0.0399056173012237
LONG,2020-10-22 00:00:00,511.799987,499.004987325,529.0,TP,TP,2024-12-16,DABUR,0.0336069039407771
LONG,2020-10-21 08:00:00,515.849975,502.953725625,529.0,SL,SL,2024-12-16,DABUR,-0.025
LONG,2020-10-14 04:00:00,511.149993,498.371243175,529.0,TP,TP,2024-12-16,DABUR,0.0349212701642354
LONG,2020-10-14 00:00:00,510.350006,497.59125585,529.0,TP,TP,2024-12-16,DABUR,0.0365435363588493
LONG,2020-11-02 04:00:00,506.350006,493.69125585,529.0,TP,TP,2024-12-16,DABUR,0.0447318924293642
LONG,2020-10-22 08:00:00,506.950012,494.2762617,529.0,TP,TP,2024-12-16,DABUR,0.0434953890483387
LONG,2020-10-12 08:00:00,515.5,502.6125,529.0,SL,SL,2024-12-16,DABUR,-0.025
LONG,2020-11-18 08:00:00,505.200012,492.5700117,529.0,TP,TP,2024-12-16,DABUR,0.0471100305516223
SHORT,2022-08-19 04:00:00,591.150024,611.9,574.3,SL,SL,2021-11-15,DABUR,-0.0339107305115213
LONG,2021-04-30 08:00:00,4043.399902,3942.31490445,4519.9,TP,TP,2022-02-28,DIVISLAB,0.117846394012204
LONG,2021-04-30 04:00:00,4128.950195,3975.199951,4519.9,SL,SL,2022-02-28,DIVISLAB,-0.0372371272935638
LONG,2021-03-18 08:00:00,4230.0,4124.25,4467.5,SL,SL,2022-06-13,DRREDDY,-0.025
LONG,2022-02-24 04:00:00,4100.0,3997.5,4467.5,TP,TP,2022-06-13,DRREDDY,0.0896341463414633
LONG,2022-02-14 00:00:00,4227.950195,4122.251440125,4467.5,SL,SL,2022-06-13,DRREDDY,-0.025
LONG,2021-03-19 00:00:00,4226.0,4120.349999999999,4467.5,SL,SL,2022-06-13,DRREDDY,-0.0250000000000001
LONG,2022-01-28 08:00:00,4224.0,4118.4,4467.5,SL,SL,2022-06-13,DRREDDY,-0.0250000000000001
LONG,2022-02-24 00:00:00,4096.950195,3994.526440125,4467.5,TP,TP,2022-06-13,DRREDDY,0.0904452793817767
SHORT,2021-12-22 08:00:00,4644.649902,4820.0,4441.3,SL,SL,2021-11-22,DRREDDY,-0.0363796883817427
SHORT,2023-01-18 04:00:00,4355.299804,4527.6,4201.0,SL,SL,2022-12-12,DRREDDY,-0.0380555252230763
LONG,2024-05-09 00:00:00,4678.299804,4561.3423089,5350.0,TP,TP,2024-12-16,EICHERMOT,0.1435778432638472
LONG,2024-05-13 00:00:00,4675.399902,4558.51490445,5350.0,TP,TP,2024-12-16,EICHERMOT,0.1442871438037687
LONG,2024-05-23 04:00:00,4831.0,4710.224999999999,5350.0,SL,SL,2024-12-16,EICHERMOT,-0.0250000000000001
LONG,2024-05-23 08:00:00,4852.850097,4731.528844574999,5350.0,SL,SL,2024-12-16,EICHERMOT,-0.025
LONG,2024-06-18 04:00:00,4952.100097,4828.297594575,5350.0,SL,SL,2024-12-16,EICHERMOT,-0.025
SHORT,2021-05-18 08:00:00,2568.449951,2653.7,2378.0,SL,SL,2021-03-30,EICHERMOT,-0.0321249760711458
LONG,2021-01-14 04:00:00,143.649993,140.058743175,159.75,TP,TP,2021-09-06,GAIL,0.1120780214726497
LONG,2021-02-19 04:00:00,144.050003,140.448752925,159.75,TP,TP,2021-09-06,GAIL,0.1089899109547398
LONG,2021-02-19 00:00:00,147.850006,144.15375585,159.75,SL,SL,2021-09-06,GAIL,-0.025
LONG,2021-01-12 04:00:00,140.899993,137.37749317499998,159.75,TP,TP,2021-09-06,GAIL,0.1337828810254093
LONG,2021-01-13 00:00:00,143.100006,139.52250585000002,159.75,TP,TP,2021-09-06,GAIL,0.1163521544506434
LONG,2021-02-18 04:00:00,144.449996,140.8387461,159.75,TP,TP,2021-09-06,GAIL,0.105919033739537
LONG,2021-01-14 00:00:00,144.100006,140.49750585,159.75,TP,TP,2021-09-06,GAIL,0.1086050891628691
LONG,2020-10-12 08:00:00,708.25,690.5437499999999,857.2,SL,SL,2021-04-26,GODREJCP,-0.0250000000000001
LONG,2020-10-12 08:00:00,708.25,688.0,857.2,SL,SL,2021-04-26,GODREJCP,-0.0285915990116484
LONG,2020-10-12 04:00:00,705.650024,688.0087734,857.2,SL,SL,2021-04-26,GODREJCP,-0.025
LONG,2020-10-13 00:00:00,722.299987,704.242487325,857.2,SL,SL,2021-04-26,GODREJCP,-0.025
LONG,2020-12-30 04:00:00,755.5,736.6125,857.2,SL,SL,2021-04-26,GODREJCP,-0.025
LONG,2020-12-30 08:00:00,749.0,730.275,857.2,SL,SL,2021-04-26,GODREJCP,-0.025
LONG,2020-12-10 08:00:00,729.799987,711.554987325,857.2,SL,SL,2021-04-26,GODREJCP,-0.025
LONG,2020-12-11 00:00:00,729.950012,711.7012617,857.2,SL,SL,2021-04-26,GODREJCP,-0.025
LONG,2021-10-14 08:00:00,1689.900024,1647.6525234,1774.1,TP,TP,2025-03-03,HDFCBANK,0.0498254185479554
LONG,2022-04-04 00:00:00,1709.0,1666.275,1774.1,TP,TP,2025-03-03,HDFCBANK,0.0380924517261556
SHORT,2023-12-13 00:00:00,694.099975,711.452474375,680.25,TP,TP,2021-11-29,HDFCLIFE,0.020360124954061
SHORT,2025-07-22 08:00:00,1578.599975,1618.064974375,1513.0,TP,TP,2025-06-30,HAVELLS,0.0433575512227364
LONG,2020-10-26 04:00:00,2880.600097,2808.585094575,3318.0,TP,TP,2020-12-21,HEROMOTOCO,0.1518433271787813
LONG,2020-10-22 08:00:00,3082.0,3004.95,3318.0,TP,TP,2020-12-21,HEROMOTOCO,0.0765736534717715
LONG,2020-10-26 00:00:00,3030.0,2954.25,3318.0,TP,TP,2020-12-21,HEROMOTOCO,0.0950495049504951
LONG,2020-10-26 08:00:00,2902.0,2829.45,3318.0,TP,TP,2020-12-21,HEROMOTOCO,0.1433494141971054
LONG,2020-10-27 04:00:00,2921.899902,2848.85240445,3318.0,TP,TP,2020-12-21,HEROMOTOCO,0.1355625145573518
LONG,2020-10-28 00:00:00,3016.5,2941.0875,3318.0,TP,TP,2020-12-21,HEROMOTOCO,0.0999502734957733
SHORT,2022-01-17 00:00:00,2714.0,2781.85,2411.65,TP,TP,2021-12-06,HEROMOTOCO,0.1253705968942424
LONG,2024-04-26 04:00:00,650.75,634.4812499999999,700.05,TP,TP,2025-06-09,HINDALCO,0.0757587399154819
LONG,2024-04-24 08:00:00,636.099975,620.1974756249999,700.05,TP,TP,2025-06-09,HINDALCO,0.1005345504061685
LONG,2024-04-25 04:00:00,643.299987,627.217487325,700.05,TP,TP,2025-06-09,HINDALCO,0.0882170280535075
LONG,2024-04-25 08:00:00,646.799987,630.629987325,700.05,TP,TP,2025-06-09,HINDALCO,0.0823284076534776
LONG,2021-08-17 04:00:00,1063.25,1036.66875,1134.5,SL,SL,2021-07-12,HAL,-0.0249999999999999
LONG,2021-04-09 04:00:00,2475.0,2413.125,2533.5,TP,TP,2023-10-23,HINDUNILVR,0.0236363636363636
LONG,2021-04-12 00:00:00,2448.75,2387.53125,2533.5,TP,TP,2023-10-23,HINDUNILVR,0.0346094946401225
LONG,2021-04-09 00:00:00,2469.0,2407.275,2533.5,TP,TP,2023-10-23,HINDUNILVR,0.0261239368165249
SHORT,2023-05-12 08:00:00,2622.0,2687.55,2555.35,TP,TP,2023-01-30,HINDUNILVR,0.0260825327254583
SHORT,2023-12-04 00:00:00,971.200012,997.5,925.0,TP,TP,2023-09-11,ICICIBANK,0.0499459589189188
LONG,2020-10-12 08:00:00,1210.0,1179.75,1369.0,TP,TP,2022-08-01,ICICIGI,0.1314049586776859
LONG,2020-10-13 00:00:00,1230.349975,1199.591225625,1369.0,SL,SL,2022-08-01,ICICIGI,-0.025
LONG,2020-10-12 04:00:00,1212.349975,1182.0412256250002,1369.0,TP,TP,2022-08-01,ICICIGI,0.1292118845467869
LONG,2022-06-07 04:00:00,1150.849975,1122.078725625,1369.0,TP,TP,2022-08-01,ICICIGI,0.1895555717416597
LONG,2022-03-07 04:00:00,1202.75,1171.050048,1369.0,TP,TP,2022-08-01,ICICIGI,0.1382249012679277
LONG,2022-06-07 00:00:00,1170.050048,1140.7987968,1369.0,TP,TP,2022-08-01,ICICIGI,0.1700354205703174
LONG,2020-10-15 04:00:00,1241.150024,1210.1212734,1369.0,SL,SL,2022-08-01,ICICIGI,-0.025
LONG,2024-02-27 08:00:00,1726.75,1683.58125,1895.0,TP,TP,2025-04-07,ICICIGI,0.0974373823657159
LONG,2024-06-18 00:00:00,1779.5,1735.0125,1895.0,TP,TP,2025-04-07,ICICIGI,0.0649058724360776
LONG,2024-02-27 04:00:00,1727.449951,1684.263702225,1895.0,TP,TP,2025-04-07,ICICIGI,0.0969927081841111
SHORT,2021-05-05 00:00:00,1455.199951,1491.579949775,1401.1,SL,SL,2021-03-30,ICICIGI,-0.0243902439024389
SHORT,2023-11-21 04:00:00,1464.949951,1501.573699775,1404.95,SL,SL,2021-11-29,ICICIGI,-0.024390243902439
SHORT,2023-10-13 04:00:00,1316.949951,1385.0,1266.0,SL,SL,2023-09-11,ICICIGI,-0.0491336093862815
SHORT,2022-07-07 04:00:00,518.049987,567.95,474.55,TP,TP,2022-06-06,ICICIPRULI,0.0916657612474975
LONG,2022-02-24 08:00:00,194.300003,189.442502925,214.0,SL,SL,2022-01-17,INDHOTEL,-0.0250000000000001
LONG,2022-09-05 00:00:00,300.0,292.5,324.2,TP,TP,2023-02-20,INDHOTEL,0.0806666666666666
LONG,2022-09-05 08:00:00,309.950012,302.20126170000003,324.2,TP,TP,2023-02-20,INDHOTEL,0.0459751167875417
LONG,2023-05-25 00:00:00,387.200012,377.5200117,436.45,SL,SL,2023-08-14,INDHOTEL,-0.025
LONG,2023-05-25 04:00:00,379.899993,370.402493175,436.45,TP,TP,2023-08-14,INDHOTEL,0.1488549830007499
LONG,2023-05-31 04:00:00,382.450012,372.8887617,436.45,TP,TP,2023-08-14,INDHOTEL,0.1411948916346221
LONG,2023-06-01 00:00:00,392.299987,382.492487325,436.45,SL,SL,2023-08-14,INDHOTEL,-0.0250000000000001
LONG,2023-06-19 00:00:00,403.149993,393.071243175,436.45,SL,SL,2023-08-14,INDHOTEL,-0.025
LONG,2024-11-08 08:00:00,732.900024,714.5775234,795.65,TP,TP,2025-08-04,INDHOTEL,0.0856187391801748
LONG,2024-11-19 00:00:00,747.5,728.8125,795.65,TP,TP,2025-08-04,INDHOTEL,0.0644147157190635
SHORT,2022-01-12 08:00:00,208.699996,213.9174959,186.3,TP,TP,2021-12-06,INDHOTEL,0.1202361567364465
SHORT,2023-11-07 00:00:00,401.799987,424.75,371.6,TP,TP,2023-10-03,INDHOTEL,0.0812701480086113
SHORT,2025-07-17 04:00:00,754.0,786.9,724.75,TP,TP,2025-06-23,INDHOTEL,0.0403587443946187
SHORT,2020-12-04 04:00:00,90.0,92.25,85.155,TP,TP,2020-08-17,IOC,0.0568962480183194
LONG,2021-02-03 00:00:00,1058.5,995.5,1186.5,SL,SL,2021-09-06,INDUSINDBK,-0.0595181861124232
LONG,2021-02-04 00:00:00,1021.700012,996.1575117,1186.5,SL,SL,2021-09-06,INDUSINDBK,-0.025
LONG,2021-01-08 04:00:00,953.700012,929.8575117,1186.5,TP,TP,2021-09-06,INDUSINDBK,0.2441019031883999
LONG,2021-01-14 00:00:00,974.299987,949.942487325,1186.5,TP,TP,2021-09-06,INDUSINDBK,0.2177974092490673
LONG,2021-02-03 04:00:00,1062.449951,1024.550048,1186.5,SL,SL,2021-09-06,INDUSINDBK,-0.0356721772769886
LONG,2021-02-03 04:00:00,1062.449951,1035.888702225,1186.5,SL,SL,2021-09-06,INDUSINDBK,-0.025
LONG,2021-02-03 00:00:00,1058.5,990.299987,1186.5,SL,SL,2021-09-06,INDUSINDBK,-0.0644308105810108
LONG,2021-02-03 00:00:00,1058.5,996.099975,1186.5,SL,SL,2021-09-06,INDUSINDBK,-0.0589513698630137
LONG,2021-02-10 00:00:00,1012.349975,987.041225625,1186.5,SL,SL,2021-09-06,INDUSINDBK,-0.025
LONG,2021-02-03 04:00:00,1062.449951,1008.900024,1186.5,SL,SL,2021-09-06,INDUSINDBK,-0.050402305491753
LONG,2021-02-03 04:00:00,1062.449951,1025.550048,1186.5,SL,SL,2021-09-06,INDUSINDBK,-0.0347309564702497
LONG,2021-02-03 04:00:00,1062.449951,1018.150024,1186.5,SL,SL,2021-09-06,INDUSINDBK,-0.0416960130294175
LONG,2021-02-03 00:00:00,1058.5,997.150024,1186.5,SL,SL,2021-09-06,INDUSINDBK,-0.0579593538025507
LONG,2021-02-03 00:00:00,1058.5,994.549987,1186.5,SL,SL,2021-09-06,INDUSINDBK,-0.0604156948512045
LONG,2021-01-15 04:00:00,961.0,936.975,1186.5,TP,TP,2021-09-06,INDUSINDBK,0.2346514047866805
LONG,2021-01-14 04:00:00,970.400024,946.1400234,1186.5,TP,TP,2021-09-06,INDUSINDBK,0.2226916432969914
LONG,2021-02-02 00:00:00,975.5,951.1125,1186.5,TP,TP,2021-09-06,INDUSINDBK,0.2162993336750385
LONG,2021-02-02 08:00:00,974.400024,950.0400234,1186.5,TP,TP,2021-09-06,INDUSINDBK,0.2176723838011727
LONG,2021-02-03 04:00:00,1062.449951,1024.0,1186.5,SL,SL,2021-09-06,INDUSINDBK,-0.0361898938992939
LONG,2021-02-03 04:00:00,1062.449951,1019.0,1186.5,SL,SL,2021-09-06,INDUSINDBK,-0.0408959979329888
LONG,2021-02-03 04:00:00,1062.449951,1026.5,1186.5,SL,SL,2021-09-06,INDUSINDBK,-0.0338368418824465
SHORT,2023-05-11 04:00:00,1191.599975,1238.2,1106.0,SL,SL,2023-01-09,INDUSINDBK,-0.0376352972056209
LONG,2020-10-14 00:00:00,3632.0,3541.2,3990.0,SL,SL,2022-06-27,NAUKRI,-0.025
LONG,2020-10-14 04:00:00,3694.5,3602.1375,3990.0,SL,SL,2022-06-27,NAUKRI,-0.025
LONG,2020-10-13 08:00:00,3579.399902,3489.91490445,3990.0,TP,TP,2022-06-27,NAUKRI,0.1147119934183871
LONG,2020-10-14 08:00:00,3771.949951,3677.651202225,3990.0,SL,SL,2022-06-27,NAUKRI,-0.025
LONG,2020-10-15 00:00:00,3699.0,3606.525,3990.0,SL,SL,2022-06-27,NAUKRI,-0.025
SHORT,2022-07-11 04:00:00,1695.449951,1838.5,1511.75,SL,SL,2022-06-06,INDIGO,-0.0778080223007886
SHORT,2024-03-18 08:00:00,804.400024,839.7,761.75,SL,SL,2024-02-26,JSWSTEEL,-0.0420387948076693
LONG,2020-10-12 08:00:00,1312.699951,1267.0,1367.4,TP,TP,2020-07-13,KOTAKBANK,0.0416698796692498
SHORT,2021-09-14 08:00:00,1864.949951,1999.35,1742.6,TP,TP,2021-03-08,KOTAKBANK,0.0702111505795937
SHORT,2022-12-13 00:00:00,4334.0,4442.349999999999,3570.0,TP,TP,2021-02-01,LTIM,0.2140056022408962
SHORT,2023-05-02 04:00:00,4556.75,4848.0,4148.2,TP,TP,2023-04-03,LTIM,0.0984885010365941
LONG,2024-01-29 04:00:00,919.599975,896.609975625,1028.3,TP,TP,2024-06-24,LICI,0.1182035971673443
LONG,2024-01-17 04:00:00,895.549987,873.161237325,1028.3,TP,TP,2024-06-24,LICI,0.1482329461526752
LONG,2022-05-17 04:00:00,874.0,852.15,1028.3,TP,TP,2024-06-24,LICI,0.1765446224256293
LONG,2024-01-25 00:00:00,913.650024,890.8087734000001,1028.3,TP,TP,2024-06-24,LICI,0.1254856597037641
LONG,2024-01-30 00:00:00,945.450012,921.8137617,1028.3,TP,TP,2024-06-24,LICI,0.0876302151868817
LONG,2024-01-24 08:00:00,907.200012,884.5200116999999,1028.3,TP,TP,2024-06-24,LICI,0.1334876393277648
LONG,2024-01-23 00:00:00,917.599975,894.6599756249999,1028.3,TP,TP,2024-06-24,LICI,0.1206408326242598
LONG,2021-10-25 00:00:00,992.599975,967.784975625,1140.0,TP,TP,2022-06-20,LODHA,0.1484989207258442
LONG,2021-10-20 08:00:00,1051.800048,1025.5050468,1140.0,SL,SL,2022-06-20,LODHA,-0.0250000000000001
LONG,2021-10-20 08:00:00,1051.800048,1018.75,1140.0,SL,SL,2022-06-20,LODHA,-0.0314223678377318
LONG,2021-10-20 08:00:00,1051.800048,1023.25,1140.0,SL,SL,2022-06-20,LODHA,-0.0271439881128433
LONG,2021-10-20 08:00:00,1051.800048,1018.700012,1140.0,SL,SL,2022-06-20,LODHA,-0.031469893981218
LONG,2021-10-20 08:00:00,1051.800048,1021.5,1140.0,SL,SL,2022-06-20,LODHA,-0.0288078024503
LONG,2021-10-20 08:00:00,1051.800048,1023.049987,1140.0,SL,SL,2022-06-20,LODHA,-0.027334150682602
LONG,2021-10-21 08:00:00,1020.0,994.5,1140.0,SL,SL,2022-06-20,LODHA,-0.025
LONG,2021-10-20 08:00:00,1051.800048,994.349975,1140.0,SL,SL,2022-06-20,LODHA,-0.0546207172259038
LONG,2022-05-10 08:00:00,888.0,865.8,1017.5,TP,TP,2023-05-02,LODHA,0.1458333333333332
LONG,2022-05-09 08:00:00,940.349975,916.841225625,1017.5,SL,SL,2023-05-02,LODHA,-0.025
LONG,2022-05-11 04:00:00,844.700012,823.5825116999999,1017.5,TP,TP,2023-05-02,LODHA,0.2045696525928306
LONG,2022-05-10 04:00:00,897.950012,875.5012617,1017.5,TP,TP,2023-05-02,LODHA,0.1331365737539518
LONG,2021-10-20 08:00:00,1051.800048,1025.5050468,1233.95,TP,TP,2024-02-12,LODHA,0.1731792581169382
LONG,2021-10-20 00:00:00,1101.25,1068.599975,1233.95,SL,SL,2024-02-12,LODHA,-0.0296481498297388
LONG,2021-10-19 08:00:00,1120.0,1092.0,1233.95,SL,SL,2024-02-12,LODHA,-0.025
LONG,2021-10-20 04:00:00,1051.650024,1025.3587734,1233.95,TP,TP,2024-02-12,LODHA,0.1733466189698864
SHORT,2023-01-19 08:00:00,1109.25,1136.9812499999998,1082.06,TP,TP,2022-09-05,LODHA,0.0251279965990796
LONG,2022-08-02 00:00:00,1238.300048,1207.3425468,1337.0,TP,TP,2022-12-19,M&M,0.0797060067625872
LONG,2022-08-01 04:00:00,1243.300048,1212.2175468,1337.0,TP,TP,2022-12-19,M&M,0.0753639092596576
LONG,2022-08-01 08:00:00,1237.75,1206.80625,1337.0,TP,TP,2022-12-19,M&M,0.0801858210462533
LONG,2022-08-03 00:00:00,1240.349975,1209.341225625,1337.0,TP,TP,2022-12-19,M&M,0.0779215761261251
LONG,2022-08-04 00:00:00,1256.0,1224.6,1337.0,SL,SL,2022-12-19,M&M,-0.025
LONG,2022-09-26 04:00:00,1232.449951,1201.638702225,1337.0,TP,TP,2022-12-19,M&M,0.084831070758832
LONG,2022-08-22 00:00:00,1222.25,1191.69375,1337.0,TP,TP,2022-12-19,M&M,0.0938842299038658
SHORT,2021-05-18 08:00:00,797.049987,837.85,731.1,TP,TP,2021-04-12,M&M,0.0902065203118587
LONG,2020-10-19 08:00:00,6851.950195,6680.651440125001,7882.65,TP,TP,2020-11-09,MARUTI,0.1504242990195872
LONG,2020-10-15 08:00:00,6892.600097,6720.285094575,7882.65,TP,TP,2020-11-09,MARUTI,0.1436395393707694
LONG,2020-10-21 04:00:00,6794.25,6624.39375,7882.65,TP,TP,2020-11-09,MARUTI,0.1601942819295727
LONG,2020-10-12 04:00:00,7107.700195,6930.007690125,7882.65,SL,SL,2020-11-09,MARUTI,-0.025
LONG,2020-10-14 00:00:00,7018.350097,6842.891344575,7882.65,TP,TP,2020-11-09,MARUTI,0.1231485877812572
LONG,2020-10-13 00:00:00,7143.450195,6964.863940125,7882.65,SL,SL,2020-11-09,MARUTI,-0.025
LONG,2020-10-14 08:00:00,7002.350097,6825.0,7882.65,TP,TP,2020-11-09,MARUTI,0.1257149229623844
LONG,2020-10-12 04:00:00,7107.700195,6929.549804,7882.65,SL,SL,2020-11-09,MARUTI,-0.0250644211365755
LONG,2020-10-28 04:00:00,7181.5,7001.9625,7882.65,SL,SL,2020-11-09,MARUTI,-0.025
LONG,2020-10-12 04:00:00,7107.700195,6909.049804,7882.65,SL,SL,2020-11-09,MARUTI,-0.0279486170702224
LONG,2020-10-15 04:00:00,6897.0,6724.575,7882.65,TP,TP,2020-11-09,MARUTI,0.1429099608525446
LONG,2020-10-14 04:00:00,6952.299804,6778.4923089,7882.65,TP,TP,2020-11-09,MARUTI,0.1338190558848919
LONG,2020-10-13 04:00:00,7072.049804,6895.2485589,7882.65,SL,SL,2020-11-09,MARUTI,-0.025
LONG,2020-10-27 08:00:00,7158.399902,6979.43990445,7882.65,SL,SL,2020-11-09,MARUTI,-0.025
LONG,2020-10-27 04:00:00,7197.850097,7017.903844574999,7882.65,SL,SL,2020-11-09,MARUTI,-0.025
LONG,2020-10-14 08:00:00,7002.350097,6823.0,7882.65,TP,TP,2020-11-09,MARUTI,0.1257149229623844
LONG,2020-10-16 00:00:00,6903.5,6730.912499999999,7882.65,TP,TP,2020-11-09,MARUTI,0.1418338523937132
LONG,2020-10-14 08:00:00,7002.350097,6785.950195,7882.65,TP,TP,2020-11-09,MARUTI,0.1257149229623844
LONG,2020-10-27 04:00:00,17239.599609,16701.0,18550.0,SL,SL,2022-06-13,NESTLEIND,-0.0312420022051337
LONG,2020-10-27 04:00:00,17239.599609,16435.0,18550.0,TP,TP,2022-06-13,NESTLEIND,0.0760110687440733
LONG,2020-10-27 04:00:00,17239.599609,16556.199218,18550.0,SL,SL,2022-06-13,NESTLEIND,-0.0396413145606483
LONG,2020-10-27 04:00:00,17239.599609,16585.550781,18550.0,SL,SL,2022-06-13,NESTLEIND,-0.0379387481631853
LONG,2020-10-28 00:00:00,17124.949218,16696.825487550002,18550.0,SL,SL,2022-06-13,NESTLEIND,-0.0249999999999999
LONG,2020-10-27 08:00:00,17229.849609,16799.103368775,18550.0,SL,SL,2022-06-13,NESTLEIND,-0.0250000000000001
LONG,2024-01-15 08:00:00,233.5,227.6625,247.13,TP,TP,2025-05-26,ONGC,0.0583725910064238
LONG,2020-12-18 04:00:00,1725.300048,1682.1675468,1761.4,TP,TP,2021-02-22,PIDILITIND,0.0209238688898476
SHORT,2020-10-12 04:00:00,1478.550048,1532.95,1373.6,TP,TP,2020-06-01,PIDILITIND,0.0764051019219569
LONG,2023-12-08 00:00:00,385.350006,375.71625585,458.85,TP,TP,2024-05-06,PFC,0.1907356762828234
LONG,2023-12-13 08:00:00,421.799987,411.254987325,458.85,SL,SL,2024-05-06,PFC,-0.0249999999999999
LONG,2023-12-13 04:00:00,415.899993,404.600006,458.85,SL,SL,2024-05-06,PFC,-0.0271699619865105
LONG,2023-12-08 04:00:00,381.799987,372.254987325,458.85,TP,TP,2024-05-06,PFC,0.2018072698362873
LONG,2023-12-13 04:00:00,415.899993,398.25,458.85,SL,SL,2024-05-06,PFC,-0.042438069961689
LONG,2023-12-13 04:00:00,415.899993,405.502493175,458.85,SL,SL,2024-05-06,PFC,-0.025
LONG,2023-12-15 04:00:00,413.950012,403.6012617,458.85,SL,SL,2024-05-06,PFC,-0.025
LONG,2023-12-13 04:00:00,415.899993,404.049987,458.85,SL,SL,2024-05-06,PFC,-0.0284924409700579
LONG,2023-12-13 04:00:00,415.899993,398.950012,458.85,SL,SL,2024-05-06,PFC,-0.0407549441819778
LONG,2023-12-20 04:00:00,389.0,379.275,458.85,TP,TP,2024-05-06,PFC,0.1795629820051414
LONG,2023-12-13 04:00:00,415.899993,403.5,458.85,SL,SL,2024-05-06,PFC,-0.0298148430120315
LONG,2023-12-13 04:00:00,415.899993,401.649993,458.85,SL,SL,2024-05-06,PFC,-0.034263044577642
LONG,2023-12-13 04:00:00,415.899993,405.350006,458.85,SL,SL,2024-05-06,PFC,-0.0253666438508451
LONG,2023-12-13 04:00:00,415.899993,404.149993,458.85,SL,SL,2024-05-06,PFC,-0.028251984125424
LONG,2023-12-13 04:00:00,415.899993,402.350006,458.85,SL,SL,2024-05-06,PFC,-0.0325799163935066
LONG,2023-12-13 04:00:00,415.899993,397.25,458.85,TP,TP,2024-05-06,PFC,0.1032700354000728
LONG,2023-12-13 04:00:00,415.899993,403.600006,458.85,SL,SL,2024-05-06,PFC,-0.0295743861673977
LONG,2023-12-13 08:00:00,421.799987,410.549987,458.85,SL,SL,2024-05-06,PFC,-0.0266714090723763
LONG,2023-12-13 04:00:00,415.899993,404.5,458.85,SL,SL,2024-05-06,PFC,-0.0274104188311443
LONG,2023-12-13 04:00:00,415.899993,403.0,458.85,SL,SL,2024-05-06,PFC,-0.0310170551024751
LONG,2023-12-13 04:00:00,415.899993,403.549987,458.85,SL,SL,2024-05-06,PFC,-0.0296946530605015
LONG,2023-12-13 04:00:00,415.899993,404.0,458.85,SL,SL,2024-05-06,PFC,-0.0286126309215879
LONG,2023-12-12 00:00:00,387.0,377.325,458.85,TP,TP,2024-05-06,PFC,0.1856589147286822
LONG,2023-12-13 04:00:00,415.899993,400.700012,458.85,SL,SL,2024-05-06,PFC,-0.0365472018654253
LONG,2023-12-13 04:00:00,415.899993,402.799987,458.85,SL,SL,2024-05-06,PFC,-0.0314979711961669
LONG,2020-10-15 00:00:00,156.050003,152.148752925,175.7156,TP,TP,2020-05-18,POWERGRID,0.1260211254209331
LONG,2020-10-14 04:00:00,157.699996,153.7574961,175.7156,SL,SL,2020-05-18,POWERGRID,-0.025
LONG,2020-10-12 04:00:00,161.149993,157.121243175,175.7156,SL,SL,2020-05-18,POWERGRID,-0.025
SHORT,2022-12-19 04:00:00,218.350006,224.9467,210.4533,TP,TP,2022-11-28,POWERGRID,0.0375223671950024
SHORT,2021-08-30 04:00:00,150.399993,160.5067,139.2533,TP,TP,2021-08-02,RECLTD,0.0800461676671218
SHORT,2022-06-22 00:00:00,2534.300048,2597.6575492,2219.72,TP,TP,2022-05-30,RELIANCE,0.1417205989944678
LONG,2021-02-04 08:00:00,27085.0,26407.875,28555.0,TP,TP,2021-06-28,SHREECEM,0.054273583164113
LONG,2021-02-08 00:00:00,27231.949218,26551.15048755,28555.0,TP,TP,2021-06-28,SHREECEM,0.0485845053326361
LONG,2021-02-09 00:00:00,28149.90039,27446.15288025,28555.0,SL,SL,2021-06-28,SHREECEM,-0.025
LONG,2021-02-05 00:00:00,26724.199218,26056.09423755,28555.0,TP,TP,2021-06-28,SHREECEM,0.0685072269917397
LONG,2021-02-09 00:00:00,28149.90039,27350.15039,28555.0,SL,SL,2021-06-28,SHREECEM,-0.0284104024852643
LONG,2021-02-09 00:00:00,28149.90039,27400.15039,28555.0,SL,SL,2021-06-28,SHREECEM,-0.0266341972658042
LONG,2021-02-09 00:00:00,28149.90039,27424.40039,28555.0,SL,SL,2021-06-28,SHREECEM,-0.025772737734366
LONG,2020-11-13 00:00:00,23360.199218,22776.19423755,24773.0,TP,TP,2022-12-26,SHREECEM,0.0604789697560188
LONG,2020-11-11 00:00:00,22975.349609,22400.965868775,24773.0,TP,TP,2022-12-26,SHREECEM,0.0782425696058097
LONG,2020-11-12 04:00:00,23520.349609,22932.340868775,24773.0,TP,TP,2022-12-26,SHREECEM,0.0532581535489029
LONG,2020-11-17 04:00:00,23898.550781,23301.087011475,24773.0,SL,SL,2022-12-26,SHREECEM,-0.0250000000000001
LONG,2020-11-12 00:00:00,23079.90039,22502.90288025,24773.0,TP,TP,2022-12-26,SHREECEM,0.073358185321007
LONG,2020-11-12 08:00:00,23415.15039,22829.77163025,24773.0,TP,TP,2022-12-26,SHREECEM,0.0579902151975886
LONG,2020-11-17 00:00:00,23790.0,23195.25,24773.0,SL,SL,2022-12-26,SHREECEM,-0.025
LONG,2020-11-12 08:00:00,23415.15039,22829.77163025,26049.2,TP,TP,2023-08-14,SHREECEM,0.1124933885167329
LONG,2020-11-17 00:00:00,23790.0,23195.25,26049.2,TP,TP,2023-08-14,SHREECEM,0.0949642707019755
LONG,2020-11-17 04:00:00,23898.550781,23301.087011475,26049.2,TP,TP,2023-08-14,SHREECEM,0.089990779721665
LONG,2020-11-23 00:00:00,24450.0,23838.75,26049.2,SL,SL,2023-08-14,SHREECEM,-0.025
LONG,2020-11-18 00:00:00,23826.550781,23230.887011475003,26049.2,TP,TP,2023-08-14,SHREECEM,0.0932845563518327
LONG,2020-11-23 04:00:00,24478.40039,23866.44038025,26049.2,SL,SL,2023-08-14,SHREECEM,-0.025
LONG,2020-11-19 04:00:00,24059.0,23457.525,26049.2,TP,TP,2023-08-14,SHREECEM,0.0827216426285382
LONG,2020-11-24 00:00:00,24395.949218,23786.05048755,26049.2,SL,SL,2023-08-14,SHREECEM,-0.025
LONG,2020-11-19 00:00:00,24186.199218,23581.54423755,26049.2,SL,SL,2023-08-14,SHREECEM,-0.0249999999999999
LONG,2020-11-17 08:00:00,23895.0,23297.625,26049.2,TP,TP,2023-08-14,SHREECEM,0.0901527516216782
SHORT,2022-01-18 00:00:00,27248.699218,29818.9,25198.25,TP,TP,2021-11-08,SHREECEM,0.081372683341105
LONG,2025-03-19 08:00:00,667.950012,651.2512617,783.7,SL,SL,2020-08-03,SHRIRAMFIN,-0.025
LONG,2025-03-06 00:00:00,642.900024,626.8275234,783.7,TP,TP,2020-08-03,SHRIRAMFIN,0.2190075762075256
LONG,2025-03-06 04:00:00,643.400024,627.3150234,783.7,TP,TP,2020-08-03,SHRIRAMFIN,0.2180602591957627
LONG,2025-03-19 04:00:00,669.5,652.7624999999999,783.7,SL,SL,2020-08-03,SHRIRAMFIN,-0.0250000000000001
LONG,2025-03-19 00:00:00,658.349975,641.891225625,783.7,TP,TP,2020-08-03,SHRIRAMFIN,0.1904002882357518
LONG,2025-03-20 00:00:00,669.0,652.275,783.7,SL,SL,2020-08-03,SHRIRAMFIN,-0.025
LONG,2022-12-23 04:00:00,1296.849975,1264.428725625,1514.4,TP,TP,2021-05-03,SHRIRAMFIN,0.167752653887355
LONG,2022-12-20 04:00:00,1369.5,1329.650024,1514.4,SL,SL,2021-05-03,SHRIRAMFIN,-0.0290981935012778
LONG,2022-12-23 00:00:00,1301.699951,1269.157452225,1514.4,TP,TP,2021-05-03,SHRIRAMFIN,0.1634017492561157
LONG,2022-12-29 00:00:00,1267.099975,1235.422475625,1514.4,TP,TP,2021-05-03,SHRIRAMFIN,0.1951700969767598
LONG,2022-12-23 08:00:00,1304.0,1271.4,1514.4,TP,TP,2021-05-03,SHRIRAMFIN,0.1613496932515339
LONG,2022-12-29 04:00:00,1303.75,1271.15625,1514.4,TP,TP,2021-05-03,SHRIRAMFIN,0.1615723873441994
LONG,2022-12-26 00:00:00,1334.050048,1300.6987968,1514.4,SL,SL,2021-05-03,SHRIRAMFIN,-0.025
LONG,2022-12-22 08:00:00,1339.400024,1305.9150234,1514.4,SL,SL,2021-05-03,SHRIRAMFIN,-0.0249999999999999
LONG,2022-12-21 08:00:00,1369.400024,1331.5,1514.4,SL,SL,2021-05-03,SHRIRAMFIN,-0.0276763716487272
LONG,2022-12-20 04:00:00,1369.5,1335.2625,1514.4,SL,SL,2021-05-03,SHRIRAMFIN,-0.025
LONG,2022-12-23 04:00:00,1296.849975,1264.428725625,1558.8,TP,TP,2021-09-27,SHRIRAMFIN,0.2019894591122615
LONG,2022-12-20 04:00:00,1369.5,1329.650024,1558.8,SL,SL,2021-09-27,SHRIRAMFIN,-0.0290981935012778
LONG,2022-12-23 00:00:00,1301.699951,1269.157452225,1558.8,TP,TP,2021-09-27,SHRIRAMFIN,0.1975109923008668
LONG,2022-12-29 00:00:00,1267.099975,1235.422475625,1558.8,TP,TP,2021-09-27,SHRIRAMFIN,0.2302107416583287
LONG,2022-12-23 08:00:00,1304.0,1271.4,1558.8,TP,TP,2021-09-27,SHRIRAMFIN,0.1953987730061348
LONG,2022-12-29 04:00:00,1303.75,1271.15625,1558.8,TP,TP,2021-09-27,SHRIRAMFIN,0.1956279961649087
LONG,2022-12-26 00:00:00,1334.050048,1300.6987968,1558.8,SL,SL,2021-09-27,SHRIRAMFIN,-0.025
LONG,2022-12-22 08:00:00,1339.400024,1305.9150234,1558.8,SL,SL,2021-09-27,SHRIRAMFIN,-0.0249999999999999
LONG,2022-12-21 08:00:00,1369.400024,1331.5,1558.8,SL,SL,2021-09-27,SHRIRAMFIN,-0.0276763716487272
LONG,2022-12-20 04:00:00,1369.5,1335.2625,1558.8,SL,SL,2021-09-27,SHRIRAMFIN,-0.025
LONG,2022-12-21 04:00:00,1388.199951,1353.494952225,1558.8,SL,SL,2021-09-27,SHRIRAMFIN,-0.0249999999999999
LONG,2022-12-21 00:00:00,1404.0,1368.9,1558.8,SL,SL,2021-09-27,SHRIRAMFIN,-0.0250000000000001
SHORT,2022-12-21 00:00:00,1404.0,1439.1,1310.2,SL,SL,2021-07-26,SHRIRAMFIN,-0.0243902439024389
SHORT,2020-11-04 04:00:00,513.400024,529.3,452.25,TP,TP,2020-10-05,SUNPHARMA,0.135212877833057
LONG,2021-10-11 00:00:00,414.399993,391.100006,441.75,TP,TP,2022-06-27,TATAMOTORS,0.0659990527557754
LONG,2022-03-09 04:00:00,404.600006,394.48500585,441.75,TP,TP,2022-06-27,TATAMOTORS,0.0918190643823173
LONG,2021-10-11 00:00:00,414.399993,393.049987,441.75,TP,TP,2022-06-27,TATAMOTORS,0.0659990527557754
LONG,2021-10-11 00:00:00,414.399993,391.399993,441.75,TP,TP,2022-06-27,TATAMOTORS,0.0659990527557754
LONG,2021-10-11 00:00:00,414.399993,391.200012,441.75,TP,TP,2022-06-27,TATAMOTORS,0.0659990527557754
LONG,2021-10-11 00:00:00,414.399993,395.25,441.75,TP,TP,2022-06-27,TATAMOTORS,0.0659990527557754
LONG,2021-10-11 00:00:00,414.399993,393.149993,441.75,TP,TP,2022-06-27,TATAMOTORS,0.0659990527557754
LONG,2021-10-11 00:00:00,414.399993,395.200012,441.75,TP,TP,2022-06-27,TATAMOTORS,0.0659990527557754
LONG,2021-10-07 08:00:00,378.5,369.0375,441.75,TP,TP,2022-06-27,TATAMOTORS,0.1671070013210038
LONG,2021-10-08 04:00:00,388.149993,378.446243175,441.75,TP,TP,2022-06-27,TATAMOTORS,0.1380909647472286
LONG,2022-03-07 00:00:00,393.450012,383.6137617,441.75,TP,TP,2022-06-27,TATAMOTORS,0.1227601640027398
LONG,2024-02-28 00:00:00,971.299987,947.017487325,1029.8,TP,TP,2024-07-15,TATAMOTORS,0.0602285738525392
LONG,2024-02-27 08:00:00,962.700012,938.6325117,1029.8,TP,TP,2024-07-15,TATAMOTORS,0.0696997893046664
LONG,2024-02-28 04:00:00,959.599975,935.609975625,1029.8,TP,TP,2024-07-15,TATAMOTORS,0.0731555094090117
SHORT,2025-08-18 00:00:00,678.400024,706.5,627.1,TP,TP,2025-07-21,TATAMOTORS,0.0818051730186573
LONG,2021-01-08 08:00:00,1049.0,1022.775,1116.3,TP,TP,2022-11-07,TECHM,0.0641563393708293
LONG,2021-01-08 00:00:00,1015.849975,990.453725625,1116.3,TP,TP,2022-11-07,TECHM,0.0988827361048072
LONG,2021-01-06 00:00:00,1015.0,989.625,1116.3,TP,TP,2022-11-07,TECHM,0.0998029556650246
LONG,2021-01-08 04:00:00,1054.800048,1022.700012,1116.3,TP,TP,2022-11-07,TECHM,0.058304843763147
LONG,2021-01-06 04:00:00,987.799987,963.104987325,1116.3,TP,TP,2022-11-07,TECHM,0.130087077030909
LONG,2021-01-14 00:00:00,1048.5,1022.2875,1116.3,TP,TP,2022-11-07,TECHM,0.0646638054363375
LONG,2021-01-12 00:00:00,1064.699951,1038.082452225,1132.5,TP,TP,2023-06-05,TECHM,0.0636799587868113
LONG,2021-06-15 04:00:00,1070.0,1043.25,1132.5,TP,TP,2023-06-05,TECHM,0.0584112149532709
LONG,2021-01-11 04:00:00,1062.0,1035.45,1132.5,TP,TP,2023-06-05,TECHM,0.0663841807909604
LONG,2023-09-18 00:00:00,3287.0,3204.825,3447.65,TP,TP,2025-01-13,TITAN,0.0488743535138425
LONG,2023-09-18 04:00:00,3349.949951,3266.201202225,3447.65,TP,TP,2025-01-13,TITAN,0.0291646294509073
LONG,2023-09-13 08:00:00,3263.199951,3181.619952225,3447.65,TP,TP,2025-01-13,TITAN,0.0565242865192725
SHORT,2022-05-23 04:00:00,2665.0,2837.26,2484.14,SL,SL,2022-04-25,TORNTPHARM,-0.0607135052832663
LONG,2021-09-08 00:00:00,1048.050048,1021.8487968,1222.8,TP,TP,2022-06-27,TRENT,0.1667381747021301
LONG,2021-10-01 04:00:00,1064.099975,1037.497475625,1222.8,SL,SL,2022-06-27,TRENT,-0.025
LONG,2022-08-12 08:00:00,1382.75,1348.18125,1447.7,TP,TP,2022-10-10,TRENT,0.0469716145362502
LONG,2022-08-12 00:00:00,1351.550048,1317.7612968,1447.7,TP,TP,2022-10-10,TRENT,0.0711405042989572
SHORT,2023-04-20 04:00:00,1392.400024,1427.2100246,1281.5,SL,SL,2022-12-26,TRENT,-0.024390243902439
SHORT,2023-03-31 04:00:00,7639.0,7829.974999999999,7294.1,TP,TP,2022-01-31,ULTRACEMCO,0.0472847918180445
LONG,2024-10-04 04:00:00,579.700012,565.2075117,645.0,TP,TP,2024-11-11,VBL,0.1126444482461042
LONG,2024-10-03 04:00:00,588.799987,574.0799873249999,645.0,TP,TP,2024-11-11,VBL,0.0954483937514081
SHORT,2024-09-09 04:00:00,1515.050048,1609.45,635.25,TP,TP,2024-08-19,VBL,1.3849666241637153
LONG,2021-05-07 04:00:00,285.100006,277.97250585,342.45,TP,TP,2021-09-27,VEDL,0.2011574633218351
LONG,2021-05-10 08:00:00,294.350006,286.99125585,342.45,SL,SL,2021-09-27,VEDL,-0.025
LONG,2021-07-30 04:00:00,300.399993,292.889993175,342.45,SL,SL,2021-09-27,VEDL,-0.025
LONG,2021-07-30 08:00:00,301.450012,293.9137617,342.45,SL,SL,2021-09-27,VEDL,-0.025
LONG,2021-08-02 04:00:00,315.399993,306.549987,342.45,SL,SL,2021-09-27,VEDL,-0.0280596264946652
LONG,2021-08-02 04:00:00,315.399993,306.799987,342.45,SL,SL,2021-09-27,VEDL,-0.0272669822158176
LONG,2021-05-10 04:00:00,293.25,285.91875,342.45,SL,SL,2021-09-27,VEDL,-0.025
LONG,2021-05-10 00:00:00,289.049987,281.823737325,342.45,TP,TP,2021-09-27,VEDL,0.184743177310712
LONG,2021-08-02 00:00:00,309.5,301.7625,342.45,SL,SL,2021-09-27,VEDL,-0.025
LONG,2021-08-02 04:00:00,315.399993,306.5,342.45,SL,SL,2021-09-27,VEDL,-0.0282181141329321
LONG,2021-08-02 04:00:00,315.399993,307.399993,342.45,SL,SL,2021-09-27,VEDL,-0.0253646169231208
LONG,2021-08-02 04:00:00,315.399993,307.514993175,342.45,SL,SL,2021-09-27,VEDL,-0.025
LONG,2021-08-02 04:00:00,315.399993,307.0,342.45,SL,SL,2021-09-27,VEDL,-0.026632825575237
LONG,2021-05-11 04:00:00,290.549987,283.286237325,342.45,SL,SL,2021-09-27,VEDL,-0.0249999999999999
LONG,2021-08-02 04:00:00,315.399993,307.450012,342.45,SL,SL,2021-09-27,VEDL,-0.0252060278263861
LONG,2021-08-02 04:00:00,315.399993,307.5,342.45,SL,SL,2021-09-27,VEDL,-0.025047537017542
LONG,2021-07-30 00:00:00,296.25,288.84375,342.45,SL,SL,2021-09-27,VEDL,-0.025
LONG,2021-05-10 08:00:00,525.650024,512.5087734,578.76,TP,TP,2024-10-07,WIPRO,0.1010367612957627
LONG,2021-06-01 00:00:00,542.75,529.18125,578.76,SL,SL,2024-10-07,WIPRO,-0.025
LONG,2021-05-27 04:00:00,537.299987,523.867487325,578.76,TP,TP,2024-10-07,WIPRO,0.0771636218185876
LONG,2022-03-07 04:00:00,340.399993,331.889993175,401.75,TP,TP,2022-07-25,ZYDUSLIFE,0.1802291664559465
LONG,2022-03-08 00:00:00,346.0,337.35,401.75,TP,TP,2022-07-25,ZYDUSLIFE,0.1611271676300578
LONG,2022-03-09 00:00:00,356.350006,346.899993,401.75,SL,SL,2022-07-25,ZYDUSLIFE,-0.0265189079300871
LONG,2022-03-28 08:00:00,353.049987,344.223737325,401.75,SL,SL,2022-07-25,ZYDUSLIFE,-0.0249999999999999
LONG,2022-03-09 04:00:00,359.299987,350.317487325,401.75,SL,SL,2022-07-25,ZYDUSLIFE,-0.0249999999999999
